latitude,longitude,bright_ti4,scan,track,acq_date,acq_time,satellite,confidence,version,bright_ti5,frp,daynight
46.57573,-80.79443,298.79,0.65,0.73,2026-08-29,0618,N20,nominal,2.0NRT,281.5,1.75,N
46.04346,-73.144,317.96,0.55,0.51,2026-08-29,0618,N20,nominal,2.0NRT,286.79,3.13,N
45.83878,-73.2513,315.51,0.55,0.51,2026-08-29,0618,N20,nominal,2.0NRT,285.53,2.7,N
45.64495,-73.52489,297.14,0.57,0.52,2026-08-29,0618,N20,nominal,2.0NRT,286.69,1.24,N
45.34182,-73.52736,296.15,0.57,0.52,2026-08-29,0618,N20,nominal,2.0NRT,284.12,1.07,N
45.34193,-73.5272,295.77,0.57,0.52,2026-08-29,0618,N20,nominal,2.0NRT,284.09,1.26,N
45.30365,-74.99406,296.6,0.33,0.56,2026-08-29,0618,N20,nominal,2.0NRT,279.83,0.4,N
45.11169,-73.01527,296.87,0.53,0.5,2026-08-29,0618,N20,nominal,2.0NRT,283.29,0.78,N
44.17031,-76.80342,298.23,0.4,0.6,2026-08-29,0618,N20,nominal,2.0NRT,285.8,1.17,N
23.14255,-81.7183,311.03,0.51,0.66,2026-08-29,0622,N20,nominal,2.0NRT,288.38,2.02,N
44.16632,-76.80444,302.43,0.4,0.6,2026-08-29,0618,N20,nominal,2.0NRT,286.56,1.81,N
44.0576,-77.12322,298.55,0.42,0.61,2026-08-29,0618,N20,nominal,2.0NRT,285.23,0.73,N
23.14212,-81.7213,309.88,0.51,0.66,2026-08-29,0622,N20,nominal,2.0NRT,288.31,2.4,N
43.49515,-79.62944,298.68,0.55,0.68,2026-08-29,0618,N20,nominal,2.0NRT,284.32,0.89,N
20.69447,-75.89375,324.21,0.4,0.44,2026-08-29,0625,N20,nominal,2.0NRT,292.61,1.99,N
43.4929,-79.62674,299.88,0.55,0.68,2026-08-29,0618,N20,nominal,2.0NRT,285.39,0.86,N
20.69398,-75.8899,305.4,0.4,0.44,2026-08-29,0625,N20,nominal,2.0NRT,292.45,1.63,N
20.48434,-74.9754,297.15,0.53,0.42,2026-08-29,0625,N20,nominal,2.0NRT,279.91,0.94,N
43.2694,-79.81139,325.59,0.56,0.69,2026-08-29,0620,N20,nominal,2.0NRT,287.03,3.38,N
43.263,-79.81171,321.57,0.56,0.69,2026-08-29,0620,N20,nominal,2.0NRT,286.76,3.38,N
20.48367,-74.97009,298.37,0.53,0.42,2026-08-29,0625,N20,nominal,2.0NRT,278.07,0.84,N
20.4805,-74.97597,297.58,0.53,0.42,2026-08-29,0625,N20,nominal,2.0NRT,278.27,0.94,N
42.8137,-80.10051,311.47,0.58,0.7,2026-08-29,0620,N20,nominal,2.0NRT,283.48,2.44,N
20.47981,-74.9706,301.48,0.53,0.42,2026-08-29,0625,N20,nominal,2.0NRT,278.32,1.47,N
42.8136,-80.09328,300.08,0.58,0.7,2026-08-29,0620,N20,nominal,2.0NRT,283.72,1.98,N
20.47919,-74.96578,313,0.53,0.42,2026-08-29,0625,N20,nominal,2.0NRT,280.73,1.47,N
42.80723,-80.10084,325.97,0.58,0.7,2026-08-29,0620,N20,nominal,2.0NRT,286.42,2.31,N
20.4819,-74.97256,306.93,0.53,0.42,2026-08-29,0625,N20,nominal,2.0NRT,277.97,1.05,N
42.80085,-80.10844,309.57,0.58,0.7,2026-08-29,0620,N20,nominal,2.0NRT,283.94,2.31,N
42.80075,-80.10117,296.12,0.58,0.7,2026-08-29,0620,N20,nominal,2.0NRT,285.76,2.31,N
20.48123,-74.96759,313.55,0.53,0.42,2026-08-29,0625,N20,nominal,2.0NRT,279.75,2.84,N
42.8072,-80.09885,323.76,0.58,0.7,2026-08-29,0620,N20,nominal,2.0NRT,286.96,3.78,N
20.47805,-74.97312,296.16,0.53,0.42,2026-08-29,0625,N20,nominal,2.0NRT,278.84,1.05,N
42.80086,-80.10645,311.86,0.58,0.7,2026-08-29,0620,N20,nominal,2.0NRT,285.25,4.15,N
20.42552,-74.99113,304.09,0.53,0.42,2026-08-29,0625,N20,nominal,2.0NRT,286.03,1.08,N
42.41073,-79.14619,297.2,0.52,0.67,2026-08-29,0620,N20,nominal,2.0NRT,280.97,0.33,N
20.45549,-76.13711,333.49,0.41,0.45,2026-08-29,0625,N20,nominal,2.0NRT,291.47,3.3,N
41.46272,-81.67531,299.36,0.69,0.74,2026-08-29,0620,N20,nominal,2.0NRT,286.01,2.07,N
20.45451,-76.12918,302.87,0.41,0.45,2026-08-29,0625,N20,nominal,2.0NRT,290.94,0.69,N
41.45583,-81.68405,310.52,0.69,0.74,2026-08-29,0620,N20,nominal,2.0NRT,285.16,2.07,N
20.45135,-76.13769,328.26,0.41,0.45,2026-08-29,0625,N20,nominal,2.0NRT,291.91,3.53,N
41.46312,-81.6789,303.48,0.69,0.74,2026-08-29,0620,N20,nominal,2.0NRT,286.42,1.58,N
20.45184,-76.14166,302.53,0.41,0.45,2026-08-29,0625,N20,nominal,2.0NRT,291.07,1.55,N
20.45038,-76.12976,305.49,0.41,0.45,2026-08-29,0625,N20,nominal,2.0NRT,291.54,2.04,N
41.45621,-81.67898,309.16,0.69,0.74,2026-08-29,0620,N20,nominal,2.0NRT,285.77,1.94,N
20.44625,-76.13033,333.01,0.41,0.45,2026-08-29,0625,N20,nominal,2.0NRT,291.41,2.04,N
41.44929,-81.679,301.79,0.69,0.74,2026-08-29,0620,N20,nominal,2.0NRT,285.11,1.94,N
19.67616,-71.70023,303.72,0.39,0.36,2026-08-29,0625,N20,nominal,2.0NRT,288.27,0.96,N
19.46664,-70.78533,317.9,0.38,0.36,2026-08-29,0625,N20,nominal,2.0NRT,292,1.55,N
41.21822,-80.51122,297.08,0.6,0.71,2026-08-29,0620,N20,nominal,2.0NRT,284.74,1.52,N
19.38514,-70.68037,305.46,0.38,0.36,2026-08-29,0625,N20,nominal,2.0NRT,292.81,1.33,N
18.8903,-71.40511,302.04,0.39,0.36,2026-08-29,0625,N20,nominal,2.0NRT,287.85,0.7,N
41.21927,-80.51159,299.4,0.6,0.7,2026-08-29,0620,N20,nominal,2.0NRT,284.82,1,N
18.69692,-70.71416,302.12,0.38,0.36,2026-08-29,0625,N20,nominal,2.0NRT,290.09,0.86,N
18.32501,-71.37756,316.07,0.39,0.36,2026-08-29,0625,N20,nominal,2.0NRT,294.05,2.56,N
40.89311,-77.7155,302.25,0.42,0.61,2026-08-29,0620,N20,nominal,2.0NRT,283.92,1.51,N
18.06787,-71.58031,305.55,0.39,0.36,2026-08-29,0625,N20,nominal,2.0NRT,293.15,1.14,N
18.16831,-76.7055,302.29,0.42,0.45,2026-08-29,0625,N20,nominal,2.0NRT,291.57,0.9,N
40.89289,-77.71039,315.63,0.42,0.61,2026-08-29,0620,N20,nominal,2.0NRT,286.76,1.51,N
40.71403,-75.39915,297.39,0.32,0.54,2026-08-29,0620,N20,nominal,2.0NRT,287.15,0.4,N
40.63662,-74.22365,307.72,0.55,0.51,2026-08-29,0620,N20,nominal,2.0NRT,292.58,2.2,N
40.63534,-74.22188,304.97,0.55,0.51,2026-08-29,0620,N20,nominal,2.0NRT,292.17,2.39,N
40.71499,-75.39945,305.61,0.32,0.54,2026-08-29,0620,N20,nominal,2.0NRT,287.97,0.9,N
40.5919,-74.21444,299.45,0.55,0.51,2026-08-29,0620,N20,nominal,2.0NRT,289.19,0.85,N
40.83271,-80.32078,304.54,0.58,0.7,2026-08-29,0620,N20,nominal,2.0NRT,284.9,1.33,N
40.83252,-80.32142,306.69,0.58,0.7,2026-08-29,0620,N20,nominal,2.0NRT,284.79,1.21,N
40.48419,-74.32243,304.43,0.56,0.51,2026-08-29,0620,N20,nominal,2.0NRT,288.37,1.04,N
40.75829,-81.43945,298.25,0.67,0.73,2026-08-29,0620,N20,nominal,2.0NRT,285.39,0.94,N
40.75748,-81.44483,297.44,0.67,0.73,2026-08-29,0620,N20,nominal,2.0NRT,285.01,1.05,N
40.75736,-81.43674,299.7,0.67,0.73,2026-08-29,0620,N20,nominal,2.0NRT,285.25,1.05,N
40.39447,-79.85841,320.16,0.55,0.68,2026-08-29,0620,N20,nominal,2.0NRT,288.46,1.99,N
40.39431,-79.85157,304.1,0.55,0.68,2026-08-29,0620,N20,nominal,2.0NRT,286.02,1.99,N
40.39802,-79.86208,302.54,0.55,0.68,2026-08-29,0620,N20,nominal,2.0NRT,286.51,1.09,N
40.39782,-79.85507,299.21,0.55,0.68,2026-08-29,0620,N20,nominal,2.0NRT,285.58,1.09,N
40.3917,-79.86238,297.25,0.55,0.68,2026-08-29,0620,N20,nominal,2.0NRT,287.17,1.09,N
40.39151,-79.85598,309.3,0.55,0.68,2026-08-29,0620,N20,nominal,2.0NRT,287.64,1.09,N
40.30352,-79.88059,300.3,0.55,0.68,2026-08-29,0620,N20,nominal,2.0NRT,287.13,1.7,N
40.31251,-80.6116,307.82,0.6,0.71,2026-08-29,0620,N20,nominal,2.0NRT,286.5,1.74,N
40.30724,-79.87937,303.58,0.55,0.68,2026-08-29,0620,N20,nominal,2.0NRT,289.87,1.75,N
40.31376,-80.60994,308.7,0.6,0.71,2026-08-29,0620,N20,nominal,2.0NRT,286.63,1.64,N
40.05982,-76.59594,298.3,0.36,0.58,2026-08-29,0620,N20,nominal,2.0NRT,287.08,0.29,N
39.96531,-76.59847,305.67,0.36,0.58,2026-08-29,0620,N20,nominal,2.0NRT,287.09,0.52,N
39.9504,-76.76892,298.74,0.37,0.58,2026-08-29,0620,N20,nominal,2.0NRT,287.95,0.34,N
39.94237,-76.81832,305.34,0.37,0.58,2026-08-29,0620,N20,nominal,2.0NRT,287.95,1.47,N
39.59229,-75.63711,313.99,0.32,0.55,2026-08-29,0620,N20,nominal,2.0NRT,291.15,1.34,N
39.58724,-75.63765,304.06,0.32,0.55,2026-08-29,0620,N20,nominal,2.0NRT,291.83,1.1,N
38.60014,-82.83826,303.01,0.77,0.78,2026-08-29,0620,N20,nominal,2.0NRT,289.05,1.19,N
35.46528,-78.13878,301.46,0.4,0.6,2026-08-29,0622,N20,nominal,2.0NRT,286.89,0.38,N
29.08031,-82.10186,308.36,0.61,0.71,2026-08-29,0622,N20,nominal,2.0NRT,284.54,1.14,N
26.41407,-80.77924,308.22,0.48,0.65,2026-08-29,0625,N20,nominal,2.0NRT,282.27,2.5,N
26.41673,-80.77674,310.06,0.48,0.64,2026-08-29,0625,N20,nominal,2.0NRT,283.53,1.3,N
26.28055,-80.15736,309.55,0.44,0.62,2026-08-29,0625,N20,nominal,2.0NRT,291.36,3.33,N
26.27915,-80.15495,306.2,0.44,0.62,2026-08-29,0625,N20,nominal,2.0NRT,291.48,2.3,N
25.94917,-77.24781,317.3,0.57,0.52,2026-08-29,0625,N20,nominal,2.0NRT,276,5.27,N
48.18612,-64.92134,309.2,0.42,0.37,2026-08-29,0618,N20,nominal,2.0NRT,288.3,1.46,N
46.0452,-73.14133,311.62,0.42,0.61,2026-08-29,0758,N20,nominal,2.0NRT,285.69,1.89,N
45.84076,-73.25272,327.17,0.43,0.62,2026-08-29,0758,N20,nominal,2.0NRT,284.01,4.14,N
45.83923,-73.24773,314.65,0.43,0.62,2026-08-29,0758,N20,nominal,2.0NRT,284.35,3.63,N
45.84146,-73.2477,322.61,0.43,0.62,2026-08-29,0758,N20,nominal,2.0NRT,283.79,2.75,N
45.83626,-73.25101,320.83,0.43,0.62,2026-08-29,0758,N20,nominal,2.0NRT,283.38,2.69,N
45.64382,-73.52432,299.85,0.42,0.61,2026-08-29,0758,N20,nominal,2.0NRT,286.69,0.9,N
45.33997,-73.52416,295.11,0.43,0.62,2026-08-29,0758,N20,nominal,2.0NRT,282.62,0.37,N
45.11381,-73.01084,303.1,0.46,0.64,2026-08-29,0758,N20,nominal,2.0NRT,282.72,1.03,N
49.33624,-96.50198,296.84,0.48,0.48,2026-08-29,0758,N20,nominal,2.0NRT,285.25,0.55,N
49.04325,-102.74964,297.84,0.46,0.64,2026-08-29,0758,N20,nominal,2.0NRT,287.33,0.62,N
46.49178,-81.03404,309.16,0.56,0.43,2026-08-29,0758,N20,nominal,2.0NRT,284.04,0.95,N
46.488,-81.0358,299.86,0.56,0.43,2026-08-29,0758,N20,nominal,2.0NRT,280.58,0.95,N
49.04541,-102.74875,298.23,0.46,0.64,2026-08-29,0758,N20,nominal,2.0NRT,287.06,0.69,N
48.63466,-103.31591,310.92,0.49,0.65,2026-08-29,0758,N20,nominal,2.0NRT,285.93,1.36,N
48.63335,-103.31456,307.75,0.49,0.65,2026-08-29,0758,N20,nominal,2.0NRT,285.57,0.76,N
48.58634,-103.40533,296.56,0.49,0.65,2026-08-29,0758,N20,nominal,2.0NRT,284.59,0.42,N
48.57368,-103.36461,300.97,0.49,0.65,2026-08-29,0758,N20,nominal,2.0NRT,283.47,0.48,N
48.32822,-103.3784,298.01,0.49,0.65,2026-08-29,0758,N20,nominal,2.0NRT,283.58,0.6,N
48.06612,-103.39848,307.34,0.49,0.65,2026-08-29,0758,N20,nominal,2.0NRT,286.87,1.49,N
47.87298,-102.9115,310.29,0.46,0.64,2026-08-29,0758,N20,nominal,2.0NRT,285.95,1.94,N
44.05713,-77.12151,295.16,0.32,0.55,2026-08-29,0758,N20,nominal,2.0NRT,283.74,0.72,N
47.47451,-103.21609,299.42,0.47,0.64,2026-08-29,0801,N20,nominal,2.0NRT,275.76,0.9,N
42.49588,-73.81509,297.1,0.51,0.66,2026-08-29,0801,N20,nominal,2.0NRT,285.05,0.68,N
43.08249,-77.38155,306.73,0.33,0.55,2026-08-29,0801,N20,nominal,2.0NRT,283.61,0.68,N
42.05382,-73.97893,309.46,0.52,0.66,2026-08-29,0801,N20,nominal,2.0NRT,283.78,0.8,N
43.27474,-79.79599,330.21,0.5,0.49,2026-08-29,0801,N20,nominal,2.0NRT,288.62,4.8,N
43.27333,-79.80984,323.08,0.5,0.49,2026-08-29,0801,N20,nominal,2.0NRT,286.68,3,N
43.2719,-79.80393,316.59,0.5,0.49,2026-08-29,0801,N20,nominal,2.0NRT,289.28,3,N
43.2676,-79.80592,317.11,0.5,0.49,2026-08-29,0801,N20,nominal,2.0NRT,288.36,3,N
43.26329,-79.80789,327.95,0.5,0.49,2026-08-29,0801,N20,nominal,2.0NRT,288.57,3.92,N
43.2922,-79.98508,302.19,0.49,0.49,2026-08-29,0801,N20,nominal,2.0NRT,284.21,1.29,N
42.81631,-80.09614,318.88,0.5,0.49,2026-08-29,0801,N20,nominal,2.0NRT,284.11,2.67,N
42.81202,-80.09807,319.71,0.5,0.49,2026-08-29,0801,N20,nominal,2.0NRT,284.98,2.67,N
42.80772,-80.09998,327.6,0.5,0.49,2026-08-29,0801,N20,nominal,2.0NRT,286.43,3.5,N
42.80926,-80.0994,318.62,0.5,0.49,2026-08-29,0801,N20,nominal,2.0NRT,284.96,2.67,N
42.80495,-80.10133,302.06,0.5,0.49,2026-08-29,0801,N20,nominal,2.0NRT,282.7,2.67,N
42.946,-82.41677,300.29,0.39,0.44,2026-08-29,0801,N20,nominal,2.0NRT,273.51,0.94,N
40.63816,-74.22211,304.57,0.55,0.68,2026-08-29,0801,N20,nominal,2.0NRT,289.36,1.29,N
22.65696,-97.68329,310.92,0.42,0.38,2026-08-29,0805,N20,nominal,2.0NRT,294.13,1.11,N
42.72425,-83.26157,301.11,0.54,0.42,2026-08-29,0801,N20,nominal,2.0NRT,287.09,0.55,N
22.65637,-97.67918,307.23,0.42,0.38,2026-08-29,0805,N20,nominal,2.0NRT,294.25,1.11,N
40.71863,-75.39593,300.32,0.48,0.65,2026-08-29,0801,N20,nominal,2.0NRT,286.19,0.85,N
22.26571,-97.80571,336.61,0.43,0.38,2026-08-29,0805,N20,nominal,2.0NRT,296.46,4.55,N
40.47243,-75.89307,299.25,0.46,0.64,2026-08-29,0801,N20,nominal,2.0NRT,287.26,0.75,N
22.2663,-97.80982,310.29,0.43,0.38,2026-08-29,0805,N20,nominal,2.0NRT,295.26,4.55,N
42.28351,-83.11188,306.98,0.56,0.43,2026-08-29,0801,N20,nominal,2.0NRT,288.7,1.25,N
22.26225,-97.80629,340.31,0.43,0.38,2026-08-29,0805,N20,nominal,2.0NRT,295.44,3.15,N
42.2797,-83.11337,299.13,0.56,0.43,2026-08-29,0801,N20,nominal,2.0NRT,287.6,1.25,N
42.27826,-83.10681,309.01,0.56,0.43,2026-08-29,0801,N20,nominal,2.0NRT,290.24,1.25,N
22.26284,-97.81039,308.2,0.43,0.38,2026-08-29,0805,N20,nominal,2.0NRT,294.55,3.15,N
42.27875,-83.12796,302.21,0.56,0.43,2026-08-29,0801,N20,nominal,2.0NRT,288.65,0.67,N
42.8202,-86.0014,299.14,0.43,0.38,2026-08-29,0801,N20,nominal,2.0NRT,287.36,1.24,N
22.25938,-97.81096,311.33,0.43,0.38,2026-08-29,0805,N20,nominal,2.0NRT,294.46,3.15,N
40.89255,-77.71152,321.52,0.37,0.58,2026-08-29,0801,N20,nominal,2.0NRT,285.52,1.67,N
22.04713,-98.87189,304.72,0.47,0.39,2026-08-29,0805,N20,nominal,2.0NRT,292.58,0.96,N
41.74971,-81.2839,312.47,0.46,0.47,2026-08-29,0801,N20,nominal,2.0NRT,287.98,1.68,N
22.04352,-98.87249,306.59,0.47,0.39,2026-08-29,0805,N20,nominal,2.0NRT,292.32,1.08,N
42.19973,-83.71944,296.64,0.53,0.42,2026-08-29,0801,N20,nominal,2.0NRT,284.9,0.3,N
21.53544,-98.56281,302.29,0.45,0.39,2026-08-29,0805,N20,nominal,2.0NRT,284.29,0.65,N
41.21904,-80.50766,295.98,0.52,0.5,2026-08-29,0801,N20,nominal,2.0NRT,284.62,2.35,N
20.97292,-98.7439,296.55,0.45,0.39,2026-08-29,0805,N20,nominal,2.0NRT,278.93,1.04,N
41.21976,-80.513,303.54,0.52,0.5,2026-08-29,0801,N20,nominal,2.0NRT,284.04,1.22,N
20.51756,-97.47938,306.86,0.4,0.37,2026-08-29,0805,N20,nominal,2.0NRT,288.83,0.59,N
41.47749,-81.66454,307.97,0.45,0.47,2026-08-29,0801,N20,nominal,2.0NRT,288.03,1.64,N
20.87646,-100.41532,325.77,0.54,0.42,2026-08-29,0805,N20,nominal,2.0NRT,279.04,1.6,N
41.47335,-81.6662,319.14,0.45,0.47,2026-08-29,0801,N20,nominal,2.0NRT,289.15,1.64,N
20.87259,-100.41595,300.24,0.54,0.42,2026-08-29,0805,N20,nominal,2.0NRT,279.15,1.6,N
41.46213,-81.67649,325.45,0.45,0.47,2026-08-29,0801,N20,nominal,2.0NRT,289.21,2.07,N
20.6713,-101.32954,299.54,0.41,0.45,2026-08-29,0805,N20,nominal,2.0NRT,284.42,0.51,N
41.458,-81.6782,305.37,0.45,0.47,2026-08-29,0801,N20,nominal,2.0NRT,286.43,2.07,N
20.58598,-101.17757,301.53,0.4,0.44,2026-08-29,0805,N20,nominal,2.0NRT,287.08,3.2,N
41.45267,-81.6748,321.16,0.45,0.47,2026-08-29,0801,N20,nominal,2.0NRT,288.36,2.11,N
20.58147,-101.17435,338.57,0.4,0.44,2026-08-29,0805,N20,nominal,2.0NRT,286.19,3.2,N
41.45386,-81.67989,302.26,0.45,0.47,2026-08-29,0801,N20,nominal,2.0NRT,284.96,2.11,N
20.581,-101.17056,311.2,0.4,0.44,2026-08-29,0805,N20,nominal,2.0NRT,285.46,1.89,N
41.20664,-80.81612,296.67,0.5,0.49,2026-08-29,0801,N20,nominal,2.0NRT,284.59,0.92,N
20.58053,-101.16677,301.36,0.4,0.44,2026-08-29,0805,N20,nominal,2.0NRT,282.67,1.89,N
43.18785,-91.40053,307.19,0.4,0.37,2026-08-29,0801,N20,nominal,2.0NRT,285.76,0.78,N
20.57742,-101.17495,338.29,0.4,0.44,2026-08-29,0805,N20,nominal,2.0NRT,284.92,4.81,N
41.13079,-80.68979,314.82,0.51,0.5,2026-08-29,0801,N20,nominal,2.0NRT,285.21,2.16,N
20.57695,-101.17115,302.82,0.4,0.44,2026-08-29,0805,N20,nominal,2.0NRT,284.2,3.05,N
42.78861,-89.04053,298.87,0.38,0.36,2026-08-29,0801,N20,nominal,2.0NRT,287.82,0.38,N
39.96474,-76.59824,296.92,0.44,0.62,2026-08-29,0801,N20,nominal,2.0NRT,285.92,0.3,N
20.38751,-99.69247,304.08,0.49,0.4,2026-08-29,0805,N20,nominal,2.0NRT,285.45,0.87,N
39.9619,-76.59604,297.48,0.44,0.63,2026-08-29,0801,N20,nominal,2.0NRT,286.13,0.6,N
20.38381,-99.69302,306.34,0.49,0.4,2026-08-29,0805,N20,nominal,2.0NRT,285.9,0.87,N
42.47972,-87.88409,304.83,0.39,0.36,2026-08-29,0801,N20,nominal,2.0NRT,285.37,0.65,N
20.05344,-99.29086,301.74,0.47,0.39,2026-08-29,0805,N20,nominal,2.0NRT,283.52,0.85,N
41.63275,-83.50017,301.22,0.55,0.43,2026-08-29,0801,N20,nominal,2.0NRT,290.33,1.18,N
20.04983,-99.2914,301.66,0.47,0.39,2026-08-29,0805,N20,nominal,2.0NRT,283.58,0.85,N
39.9385,-76.81553,303.21,0.43,0.62,2026-08-29,0801,N20,nominal,2.0NRT,287.61,0.79,N
20.04261,-99.29245,328.82,0.47,0.39,2026-08-29,0805,N20,nominal,2.0NRT,285.63,4.25,N
39.59264,-75.63332,305.06,0.51,0.66,2026-08-29,0801,N20,nominal,2.0NRT,289.62,1.02,N
20.03234,-99.27132,302.84,0.46,0.39,2026-08-29,0805,N20,nominal,2.0NRT,282.78,0.82,N
39.58696,-75.63622,304.49,0.51,0.66,2026-08-29,0801,N20,nominal,2.0NRT,290.18,1.02,N
18.03773,-88.25773,304.28,0.6,0.53,2026-08-29,0805,N20,nominal,2.0NRT,292,0.72,N
40.83002,-80.32047,298.9,0.54,0.51,2026-08-29,0801,N20,nominal,2.0NRT,284.35,1.03,N
18.86658,-92.6246,312.18,0.48,0.4,2026-08-29,0805,N20,nominal,2.0NRT,281.05,1.26,N
19.74664,-98.60027,310.13,0.43,0.38,2026-08-29,0805,N20,nominal,2.0NRT,266.11,0.88,N
40.83157,-80.32127,305.23,0.55,0.51,2026-08-29,0801,N20,nominal,2.0NRT,283.97,1.36,N
18.64458,-92.16826,333,0.5,0.41,2026-08-29,0805,N20,nominal,2.0NRT,294.49,4.26,N
41.4677,-83.36726,316.32,0.57,0.43,2026-08-29,0801,N20,nominal,2.0NRT,287.83,2.68,N
18.64544,-92.17297,313.82,0.5,0.41,2026-08-29,0805,N20,nominal,2.0NRT,294.29,2.4,N
41.56933,-84.04772,321.2,0.53,0.42,2026-08-29,0801,N20,nominal,2.0NRT,288.97,2.32,N
18.64355,-92.17043,337.21,0.5,0.41,2026-08-29,0807,N20,nominal,2.0NRT,294.13,4.19,N
41.57063,-84.05385,311.97,0.53,0.42,2026-08-29,0801,N20,nominal,2.0NRT,288.33,2.73,N
17.88881,-88.85746,304.27,0.55,0.51,2026-08-29,0807,N20,nominal,2.0NRT,291.96,0.79,N
41.56802,-84.0416,298.33,0.53,0.42,2026-08-29,0801,N20,nominal,2.0NRT,286.5,2.32,N
19.18044,-96.23792,300.02,0.38,0.36,2026-08-29,0807,N20,nominal,2.0NRT,283.35,0.77,N
41.57185,-84.05398,305.1,0.53,0.42,2026-08-29,0801,N20,nominal,2.0NRT,287.24,2.45,N
19.17987,-96.2343,311.98,0.38,0.36,2026-08-29,0807,N20,nominal,2.0NRT,279.95,0.77,N
41.56558,-84.0431,323.64,0.53,0.42,2026-08-29,0801,N20,nominal,2.0NRT,287.19,2.97,N
18.48785,-93.34406,316.54,0.45,0.39,2026-08-29,0807,N20,nominal,2.0NRT,294.61,1.11,N
41.56813,-84.05537,304.71,0.53,0.42,2026-08-29,0801,N20,nominal,2.0NRT,286.34,2.45,N
18.39471,-92.83044,306.59,0.47,0.4,2026-08-29,0807,N20,nominal,2.0NRT,293.53,1,N
41.22695,-83.209,323.01,0.39,0.44,2026-08-29,0801,N20,nominal,2.0NRT,288.01,1.92,N
18.39393,-92.82603,310.7,0.47,0.4,2026-08-29,0807,N20,nominal,2.0NRT,294.13,1,N
41.22308,-83.21053,302.34,0.39,0.44,2026-08-29,0801,N20,nominal,2.0NRT,286.14,0.91,N
18.44227,-93.16563,337.68,0.45,0.39,2026-08-29,0807,N20,nominal,2.0NRT,296.01,7.14,N
40.39471,-79.85635,309.14,0.59,0.53,2026-08-29,0801,N20,nominal,2.0NRT,287.44,2.21,N
18.44153,-93.16138,330.46,0.45,0.39,2026-08-29,0807,N20,nominal,2.0NRT,296.72,4.48,N
40.39305,-79.84985,319.47,0.59,0.53,2026-08-29,0801,N20,nominal,2.0NRT,286.5,2.21,N
42.31773,-89.19751,307.09,0.38,0.36,2026-08-29,0801,N20,nominal,2.0NRT,284.87,0.97,N
18.43872,-93.16631,326.69,0.45,0.39,2026-08-29,0807,N20,nominal,2.0NRT,295.91,2.81,N
40.7565,-81.43174,297.69,0.48,0.48,2026-08-29,0801,N20,nominal,2.0NRT,284.28,0.32,N
18.38724,-92.87279,309.88,0.47,0.4,2026-08-29,0807,N20,nominal,2.0NRT,293.98,0.82,N
40.75695,-81.43287,298.38,0.48,0.48,2026-08-29,0801,N20,nominal,2.0NRT,285.74,0.84,N
18.42039,-93.18737,341.33,0.45,0.39,2026-08-29,0807,N20,nominal,2.0NRT,300.13,10.25,N
40.75399,-81.44012,306.9,0.48,0.48,2026-08-29,0801,N20,nominal,2.0NRT,286.57,1.47,N
18.42114,-93.1916,313.46,0.45,0.39,2026-08-29,0807,N20,nominal,2.0NRT,296.95,10.25,N
40.30397,-79.88092,299.05,0.59,0.53,2026-08-29,0801,N20,nominal,2.0NRT,286.49,0.95,N
18.41685,-93.18805,307.84,0.45,0.39,2026-08-29,0807,N20,nominal,2.0NRT,295.14,10.25,N
39.56165,-77.16965,300.93,0.42,0.61,2026-08-29,0801,N20,nominal,2.0NRT,288.61,1,N
18.49911,-94.00651,313.78,0.42,0.38,2026-08-29,0807,N20,nominal,2.0NRT,293.87,2.86,N
41.09428,-83.41747,299.68,0.57,0.43,2026-08-29,0801,N20,nominal,2.0NRT,288.49,1.27,N
18.17438,-92.26824,304.85,0.51,0.41,2026-08-29,0807,N20,nominal,2.0NRT,292.28,0.83,N
42.15725,-89.05214,304.86,0.39,0.36,2026-08-29,0801,N20,nominal,2.0NRT,288.11,0.5,N
18.33364,-93.41969,320.78,0.44,0.39,2026-08-29,0807,N20,nominal,2.0NRT,294.53,1.87,N
39.55855,-77.1744,297.48,0.42,0.61,2026-08-29,0801,N20,nominal,2.0NRT,287.46,0.64,N
18.20074,-92.73328,313.92,0.48,0.4,2026-08-29,0807,N20,nominal,2.0NRT,293.77,1.43,N
41.37341,-84.92252,301.45,0.49,0.4,2026-08-29,0801,N20,nominal,2.0NRT,289.36,1.08,N
18.27919,-93.46218,326.89,0.44,0.39,2026-08-29,0807,N20,nominal,2.0NRT,294.58,1.72,N
41.37226,-84.91682,301.54,0.49,0.4,2026-08-29,0801,N20,nominal,2.0NRT,288.13,1.08,N
18.10608,-92.77184,313.32,0.48,0.4,2026-08-29,0807,N20,nominal,2.0NRT,292.93,1.89,N
41.36864,-84.9181,312.64,0.49,0.4,2026-08-29,0801,N20,nominal,2.0NRT,288.04,1.97,N
18.10528,-92.76738,312.59,0.48,0.4,2026-08-29,0807,N20,nominal,2.0NRT,293.14,1.89,N
41.36619,-84.92508,313.97,0.49,0.4,2026-08-29,0801,N20,nominal,2.0NRT,285,1.97,N
18.10245,-92.77254,328.04,0.48,0.4,2026-08-29,0807,N20,nominal,2.0NRT,293.34,1.89,N
41.36504,-84.91939,314.06,0.49,0.4,2026-08-29,0801,N20,nominal,2.0NRT,287.2,1.97,N
18.07513,-93.04454,304.48,0.46,0.39,2026-08-29,0807,N20,nominal,2.0NRT,292.89,0.49,N
41.95383,-88.14275,302.91,0.39,0.36,2026-08-29,0801,N20,nominal,2.0NRT,287.86,0.5,N
18.06843,-93.09055,308.25,0.46,0.39,2026-08-29,0807,N20,nominal,2.0NRT,293.45,1.18,N
42.38366,-91.14116,301.99,0.4,0.37,2026-08-29,0801,N20,nominal,2.0NRT,286.83,0.62,N
18.06637,-93.09986,325.51,0.46,0.39,2026-08-29,0807,N20,nominal,2.0NRT,293.83,2.38,N
40.31071,-80.60578,317.2,0.54,0.51,2026-08-29,0801,N20,nominal,2.0NRT,288.79,2.55,N
18.04157,-93.06441,326.93,0.46,0.39,2026-08-29,0807,N20,nominal,2.0NRT,294.19,1.71,N
42.2289,-90.61137,296.82,0.39,0.36,2026-08-29,0801,N20,nominal,2.0NRT,284.95,0.4,N
41.6417,-87.13953,325.57,0.41,0.37,2026-08-29,0801,N20,nominal,2.0NRT,276.93,1.76,N
18.06753,-93.30968,315.28,0.45,0.39,2026-08-29,0807,N20,nominal,2.0NRT,293.32,1.8,N
41.64081,-87.13467,299.44,0.41,0.37,2026-08-29,0801,N20,nominal,2.0NRT,276.77,1.76,N
18.00447,-93.05182,306.96,0.47,0.39,2026-08-29,0807,N20,nominal,2.0NRT,293.34,0.59,N
41.63834,-87.14062,320.28,0.41,0.37,2026-08-29,0801,N20,nominal,2.0NRT,277.33,1.76,N
18.00334,-93.08786,329.49,0.46,0.39,2026-08-29,0807,N20,nominal,2.0NRT,293.84,3.68,N
41.63746,-87.13577,323.62,0.41,0.37,2026-08-29,0801,N20,nominal,2.0NRT,276.81,1.76,N
17.8979,-92.48857,333.03,0.5,0.41,2026-08-29,0807,N20,nominal,2.0NRT,293.24,7.32,N
41.63657,-87.13091,310.59,0.41,0.37,2026-08-29,0801,N20,nominal,2.0NRT,276.45,1.65,N
18.50948,-96.14539,325.26,0.38,0.36,2026-08-29,0807,N20,nominal,2.0NRT,287.45,1.98,N
41.68238,-87.42254,322.8,0.41,0.37,2026-08-29,0801,N20,nominal,2.0NRT,278.09,1.67,N
17.8942,-92.48929,330.81,0.5,0.41,2026-08-29,0807,N20,nominal,2.0NRT,293.74,7.32,N
41.68324,-87.42732,301.93,0.41,0.37,2026-08-29,0801,N20,nominal,2.0NRT,274.49,1.21,N
18.5089,-96.14179,311.08,0.38,0.36,2026-08-29,0807,N20,nominal,2.0NRT,283.95,1.98,N
41.68152,-87.41775,307.85,0.41,0.37,2026-08-29,0801,N20,nominal,2.0NRT,278.7,1.67,N
18.50618,-96.14598,303.6,0.38,0.36,2026-08-29,0807,N20,nominal,2.0NRT,284.32,1.26,N
41.67818,-87.41882,308.37,0.41,0.37,2026-08-29,0801,N20,nominal,2.0NRT,278.8,1.36,N
17.87942,-92.4922,321.79,0.5,0.41,2026-08-29,0807,N20,nominal,2.0NRT,292.12,4.2,N
41.62828,-87.14386,301.49,0.41,0.37,2026-08-29,0801,N20,nominal,2.0NRT,276.75,0.95,N
17.87859,-92.48758,327.42,0.5,0.41,2026-08-29,0807,N20,nominal,2.0NRT,293.71,4.2,N
41.67744,-87.43423,322.19,0.41,0.37,2026-08-29,0801,N20,nominal,2.0NRT,276.04,2.52,N
18.00813,-93.45103,337.62,0.45,0.39,2026-08-29,0807,N20,nominal,2.0NRT,294.36,9.19,N
41.67611,-87.43211,303.72,0.41,0.37,2026-08-29,0801,N20,nominal,2.0NRT,276.34,0.77,N
18.13933,-94.35566,298.44,0.41,0.37,2026-08-29,0807,N20,nominal,2.0NRT,275.12,1.14,N
41.67277,-87.43316,304.02,0.41,0.37,2026-08-29,0801,N20,nominal,2.0NRT,275.88,0.77,N
18.13593,-94.3563,325.14,0.41,0.37,2026-08-29,0807,N20,nominal,2.0NRT,275.83,1.14,N
41.67107,-87.42358,316.22,0.41,0.37,2026-08-29,0801,N20,nominal,2.0NRT,275.54,1.56,N
18.13657,-94.36016,304.99,0.41,0.37,2026-08-29,0807,N20,nominal,2.0NRT,276.74,1.3,N
41.67121,-87.46401,305.41,0.41,0.37,2026-08-29,0801,N20,nominal,2.0NRT,274.62,0.72,N
18.4115,-96.21442,304.37,0.38,0.36,2026-08-29,0807,N20,nominal,2.0NRT,288.79,1.03,N
41.67036,-87.45924,299.22,0.41,0.37,2026-08-29,0801,N20,nominal,2.0NRT,275.31,0.72,N
17.90306,-93.18145,329.57,0.46,0.39,2026-08-29,0807,N20,nominal,2.0NRT,294.14,12.84,N
41.6644,-87.4257,301.23,0.41,0.37,2026-08-29,0801,N20,nominal,2.0NRT,277.23,0.65,N
17.84799,-92.86707,323.18,0.48,0.4,2026-08-29,0807,N20,nominal,2.0NRT,293.52,3.09,N
41.66354,-87.42089,298.85,0.41,0.37,2026-08-29,0801,N20,nominal,2.0NRT,277.47,0.65,N
18.11116,-94.39663,313.69,0.41,0.37,2026-08-29,0807,N20,nominal,2.0NRT,277.24,1.11,N
41.66375,-87.48154,295.1,0.41,0.37,2026-08-29,0801,N20,nominal,2.0NRT,275.7,0.27,N
17.90381,-93.18575,310.51,0.46,0.39,2026-08-29,0807,N20,nominal,2.0NRT,292.57,12.84,N
41.64011,-87.40807,319.75,0.41,0.37,2026-08-29,0801,N20,nominal,2.0NRT,278.78,2.47,N
41.62214,-87.32742,324.93,0.41,0.37,2026-08-29,0801,N20,nominal,2.0NRT,275.54,3.37,N
17.90024,-93.18644,331.61,0.46,0.39,2026-08-29,0807,N20,nominal,2.0NRT,293.96,12.84,N
41.623,-87.33223,298.84,0.41,0.37,2026-08-29,0801,N20,nominal,2.0NRT,274.44,1.55,N
17.89949,-93.18214,323.34,0.46,0.39,2026-08-29,0807,N20,nominal,2.0NRT,297.24,12.84,N
41.6188,-87.3285,334.64,0.41,0.37,2026-08-29,0801,N20,nominal,2.0NRT,276.46,3.37,N
41.62914,-87.38621,301.02,0.41,0.37,2026-08-29,0801,N20,nominal,2.0NRT,275.99,0.55,N
17.84905,-92.89442,310.15,0.48,0.4,2026-08-29,0807,N20,nominal,2.0NRT,292.51,1.01,N
41.62225,-87.34775,299.73,0.41,0.37,2026-08-29,0801,N20,nominal,2.0NRT,275.16,0.66,N
41.61966,-87.33332,315.45,0.41,0.37,2026-08-29,0801,N20,nominal,2.0NRT,274.39,1.55,N
17.8931,-93.18781,337.87,0.46,0.39,2026-08-29,0807,N20,nominal,2.0NRT,293.99,8.93,N
41.61546,-87.32957,324.7,0.41,0.37,2026-08-29,0801,N20,nominal,2.0NRT,275.98,3.07,N
39.43636,-77.97516,303.94,0.39,0.59,2026-08-29,0801,N20,nominal,2.0NRT,289.1,1.05,N
17.89235,-93.1835,324.64,0.46,0.39,2026-08-29,0807,N20,nominal,2.0NRT,294.52,8.93,N
39.43444,-77.97626,306.34,0.39,0.59,2026-08-29,0801,N20,nominal,2.0NRT,288.64,1.04,N
17.89028,-93.19279,332.82,0.46,0.39,2026-08-29,0807,N20,nominal,2.0NRT,294.49,9.57,N
41.64753,-88.05606,302.07,0.4,0.37,2026-08-29,0801,N20,nominal,2.0NRT,291.97,1.65,N
41.11943,-85.35139,328.41,0.48,0.4,2026-08-29,0801,N20,nominal,2.0NRT,289.6,4.55,N
17.85802,-93.1144,308.02,0.46,0.39,2026-08-29,0807,N20,nominal,2.0NRT,293.98,1.29,N
41.54011,-87.60242,297.4,0.4,0.37,2026-08-29,0801,N20,nominal,2.0NRT,283.48,0.38,N
17.94103,-93.67161,332.8,0.44,0.38,2026-08-29,0807,N20,nominal,2.0NRT,290.71,3.35,N
41.54185,-87.63199,302.74,0.4,0.37,2026-08-29,0801,N20,nominal,2.0NRT,286.04,0.77,N
41.43551,-87.17873,298.43,0.41,0.37,2026-08-29,0801,N20,nominal,2.0NRT,285.32,0.48,N
17.84445,-93.12149,335.62,0.46,0.39,2026-08-29,0807,N20,nominal,2.0NRT,294.24,5.64,N
41.77439,-89.60711,320.82,0.38,0.36,2026-08-29,0801,N20,nominal,2.0NRT,288.65,1.61,N
41.41547,-88.18587,306.25,0.4,0.37,2026-08-29,0801,N20,nominal,2.0NRT,293.72,1.29,N
17.84368,-93.11716,328.77,0.46,0.39,2026-08-29,0807,N20,nominal,2.0NRT,297.16,22.83,N
41.41467,-88.18123,304.22,0.4,0.37,2026-08-29,0801,N20,nominal,2.0NRT,294.18,1.46,N
41.18044,-87.85869,329.1,0.4,0.37,2026-08-29,0801,N20,nominal,2.0NRT,291.1,2.37,N
17.84291,-93.11283,308.19,0.46,0.39,2026-08-29,0807,N20,nominal,2.0NRT,292.77,22.83,N
41.32988,-89.07986,305.72,0.39,0.36,2026-08-29,0801,N20,nominal,2.0NRT,290.99,0.44,N
17.91094,-93.51994,329.18,0.45,0.39,2026-08-29,0807,N20,nominal,2.0NRT,292.61,4.51,N
41.51288,-90.54011,301.72,0.39,0.36,2026-08-29,0801,N20,nominal,2.0NRT,286.53,0.55,N
40.934,-87.33349,302.57,0.42,0.37,2026-08-29,0801,N20,nominal,2.0NRT,286.23,0.54,N
17.84087,-93.12218,331.86,0.46,0.39,2026-08-29,0807,N20,nominal,2.0NRT,297.36,26.09,N
40.92815,-87.34045,314.6,0.41,0.37,2026-08-29,0801,N20,nominal,2.0NRT,287.74,1.93,N
41.48379,-90.82485,317.11,0.39,0.36,2026-08-29,0801,N20,nominal,2.0NRT,288,1.32,N
17.8401,-93.11786,332.23,0.46,0.39,2026-08-29,0807,N20,nominal,2.0NRT,299.03,15.58,N
41.4831,-90.82024,298.57,0.39,0.36,2026-08-29,0801,N20,nominal,2.0NRT,285.71,0.84,N
41.46323,-90.68691,300.19,0.39,0.36,2026-08-29,0801,N20,nominal,2.0NRT,285.36,0.59,N
17.91167,-93.52408,317.83,0.44,0.39,2026-08-29,0807,N20,nominal,2.0NRT,291.42,4.51,N
41.48118,-90.83032,317.97,0.39,0.36,2026-08-29,0801,N20,nominal,2.0NRT,286.64,1.32,N
40.73339,-86.43516,309.2,0.44,0.39,2026-08-29,0801,N20,nominal,2.0NRT,288.48,1.4,N
17.83933,-93.11353,304.89,0.46,0.39,2026-08-29,0807,N20,nominal,2.0NRT,292.52,15.58,N
39.73188,-82.14703,307.4,0.47,0.48,2026-08-29,0801,N20,nominal,2.0NRT,287.47,0.87,N
17.9269,-93.63197,328.18,0.44,0.38,2026-08-29,0807,N20,nominal,2.0NRT,272.81,2.55,N
41.37019,-91.11372,299.92,0.39,0.36,2026-08-29,0801,N20,nominal,2.0NRT,285.03,0.41,N
40.93259,-88.65283,305.54,0.39,0.36,2026-08-29,0801,N20,nominal,2.0NRT,288.45,0.63,N
17.83652,-93.11855,312.23,0.46,0.39,2026-08-29,0807,N20,nominal,2.0NRT,293.09,15.58,N
39.37036,-81.52782,300.07,0.51,0.5,2026-08-29,0801,N20,nominal,2.0NRT,288.73,0.56,N
17.92251,-93.75801,326.02,0.44,0.38,2026-08-29,0807,N20,nominal,2.0NRT,279.79,2.15,N
41.24817,-93.36057,298.31,0.44,0.38,2026-08-29,0801,N20,nominal,2.0NRT,287.49,0.34,N
39.08607,-82.33128,301.26,0.48,0.48,2026-08-29,0801,N20,nominal,2.0NRT,288.71,0.89,N
17.9232,-93.76208,301.24,0.44,0.38,2026-08-29,0807,N20,nominal,2.0NRT,279.21,1.83,N
39.48568,-84.36234,305.63,0.56,0.43,2026-08-29,0801,N20,nominal,2.0NRT,290.08,1.81,N
17.75931,-92.91885,333.38,0.48,0.4,2026-08-29,0807,N20,nominal,2.0NRT,294.78,4.5,N
39.97767,-86.83558,313.89,0.44,0.38,2026-08-29,0801,N20,nominal,2.0NRT,291.22,2.13,N
39.97422,-86.83668,322.26,0.44,0.38,2026-08-29,0801,N20,nominal,2.0NRT,290.14,3.18,N
17.79092,-93.12106,329.6,0.46,0.39,2026-08-29,0807,N20,nominal,2.0NRT,293.35,3.73,N
39.48071,-84.37766,320.9,0.56,0.43,2026-08-29,0801,N20,nominal,2.0NRT,291.09,3.02,N
17.75569,-92.91956,330.54,0.48,0.4,2026-08-29,0807,N20,nominal,2.0NRT,294.7,5.87,N
39.47326,-84.4006,311.48,0.56,0.43,2026-08-29,0801,N20,nominal,2.0NRT,292.9,2.13,N
17.75051,-92.91138,329.12,0.48,0.4,2026-08-29,0807,N20,nominal,2.0NRT,294.02,8.19,N
39.87733,-86.48409,306.59,0.45,0.39,2026-08-29,0801,N20,nominal,2.0NRT,290.92,1.75,N
41.419,-99.12013,302.3,0.53,0.5,2026-08-29,0801,N20,nominal,2.0NRT,250.65,2.73,N
18.00952,-94.56483,304.63,0.41,0.37,2026-08-29,0807,N20,nominal,2.0NRT,284.61,0.61,N
41.41574,-99.11978,301.73,0.53,0.5,2026-08-29,0801,N20,nominal,2.0NRT,249.56,2.97,N
17.98616,-94.5297,299.98,0.41,0.37,2026-08-29,0807,N20,nominal,2.0NRT,281.13,0.66,N
40.44941,-92.76554,295.46,0.42,0.37,2026-08-29,0803,N20,nominal,2.0NRT,282.54,0.31,N
17.98551,-94.52586,301.34,0.41,0.37,2026-08-29,0807,N20,nominal,2.0NRT,281.26,0.68,N
40.4763,-93.02247,302.87,0.42,0.38,2026-08-29,0803,N20,nominal,2.0NRT,289.22,0.51,N
17.97535,-94.52772,320.73,0.41,0.37,2026-08-29,0807,N20,nominal,2.0NRT,281.69,2.93,N
40.08679,-90.40683,305.44,0.38,0.36,2026-08-29,0803,N20,nominal,2.0NRT,289.54,0.4,N
38.59692,-82.83192,317.07,0.46,0.47,2026-08-29,0803,N20,nominal,2.0NRT,293.75,1.97,N
17.97066,-94.52068,303.37,0.41,0.37,2026-08-29,0807,N20,nominal,2.0NRT,280.24,2.01,N
38.83695,-84.23831,339.05,0.39,0.44,2026-08-29,0803,N20,nominal,2.0NRT,295.07,3.57,N
17.73988,-93.81165,300.66,0.44,0.38,2026-08-29,0807,N20,nominal,2.0NRT,286.6,0.59,N
38.83308,-84.23981,304.58,0.39,0.44,2026-08-29,0803,N20,nominal,2.0NRT,290.44,3.57,N
17.65741,-93.36123,309.63,0.45,0.39,2026-08-29,0807,N20,nominal,2.0NRT,290.17,1.12,N
38.83571,-84.24212,325.08,0.39,0.44,2026-08-29,0803,N20,nominal,2.0NRT,290.39,3.52,N
38.83476,-84.23764,329.94,0.39,0.44,2026-08-29,0803,N20,nominal,2.0NRT,294.81,3.52,N
38.6213,-83.66979,301.93,0.42,0.45,2026-08-29,0803,N20,nominal,2.0NRT,289.81,0.81,N
38.59638,-83.98112,307.64,0.4,0.45,2026-08-29,0803,N20,nominal,2.0NRT,287.92,1.01,N
38.76378,-84.99582,304.08,0.54,0.42,2026-08-29,0803,N20,nominal,2.0NRT,290.86,1.9,N
38.7588,-84.99128,309.73,0.54,0.42,2026-08-29,0803,N20,nominal,2.0NRT,291.52,1.68,N
38.75506,-84.99275,310.62,0.54,0.42,2026-08-29,0803,N20,nominal,2.0NRT,289.78,1.17,N
37.46132,-79.99462,300.06,0.35,0.56,2026-08-29,0803,N20,nominal,2.0NRT,289.14,0.42,N
39.67771,-91.3176,299.13,0.39,0.36,2026-08-29,0803,N20,nominal,2.0NRT,288.28,0.6,N
38.99818,-87.72527,308.59,0.42,0.38,2026-08-29,0803,N20,nominal,2.0NRT,294.8,2.2,N
38.99479,-87.72631,302.71,0.42,0.38,2026-08-29,0803,N20,nominal,2.0NRT,291.06,0.8,N
38.9905,-87.72254,313.66,0.42,0.38,2026-08-29,0803,N20,nominal,2.0NRT,289.3,0.8,N
39.81242,-93.09571,312,0.42,0.38,2026-08-29,0803,N20,nominal,2.0NRT,287.26,1.42,N
39.57436,-91.72324,299.25,0.39,0.36,2026-08-29,0803,N20,nominal,2.0NRT,288.12,0.33,N
37.40894,-81.38768,306.98,0.58,0.52,2026-08-29,0803,N20,nominal,2.0NRT,287.37,1.84,N
37.40901,-81.38798,309.74,0.58,0.52,2026-08-29,0803,N20,nominal,2.0NRT,287.5,1.92,N
38.21441,-85.21181,303.31,0.54,0.42,2026-08-29,0803,N20,nominal,2.0NRT,288.7,1.04,N
37.63664,-83.17573,329.43,0.47,0.47,2026-08-29,0803,N20,nominal,2.0NRT,290.55,2.94,N
38.36946,-87.02017,301.95,0.45,0.39,2026-08-29,0803,N20,nominal,2.0NRT,277.19,0.88,N
38.8399,-90.06464,305.35,0.39,0.36,2026-08-29,0803,N20,nominal,2.0NRT,294.47,0.97,N
38.83663,-90.06551,308.26,0.39,0.36,2026-08-29,0803,N20,nominal,2.0NRT,294.34,0.97,N
38.83591,-90.06113,304.97,0.39,0.36,2026-08-29,0803,N20,nominal,2.0NRT,294.27,0.97,N
38.82107,-90.01304,301.63,0.39,0.36,2026-08-29,0803,N20,nominal,2.0NRT,290.31,0.43,N
37.62772,-84.30091,305.56,0.41,0.45,2026-08-29,0803,N20,nominal,2.0NRT,288.72,1.08,N
38.00638,-86.14277,320,0.5,0.41,2026-08-29,0803,N20,nominal,2.0NRT,291.53,2.54,N
37.62856,-84.30188,304.34,0.41,0.45,2026-08-29,0803,N20,nominal,2.0NRT,288.52,0.53,N
38.00474,-86.14367,330,0.5,0.41,2026-08-29,0803,N20,nominal,2.0NRT,292.14,3.62,N
38.69746,-90.13464,327.27,0.39,0.36,2026-08-29,0803,N20,nominal,2.0NRT,295.35,2,N
38.69675,-90.13026,315.67,0.39,0.36,2026-08-29,0803,N20,nominal,2.0NRT,296.6,2,N
38.6949,-90.13988,307.01,0.39,0.36,2026-08-29,0803,N20,nominal,2.0NRT,293.31,0.93,N
38.69419,-90.13551,305.34,0.39,0.36,2026-08-29,0803,N20,nominal,2.0NRT,293.26,0.74,N
38.69348,-90.13113,312,0.39,0.36,2026-08-29,0803,N20,nominal,2.0NRT,292.59,0.74,N
38.69305,-90.1495,310.96,0.39,0.36,2026-08-29,0803,N20,nominal,2.0NRT,293.4,1.64,N
38.69234,-90.14513,307.26,0.39,0.36,2026-08-29,0803,N20,nominal,2.0NRT,292.32,0.93,N
38.69163,-90.14075,308.81,0.39,0.36,2026-08-29,0803,N20,nominal,2.0NRT,291.99,0.93,N
38.73993,-90.46063,305.93,0.38,0.36,2026-08-29,0803,N20,nominal,2.0NRT,290.71,0.63,N
39.21545,-93.84778,309.36,0.44,0.38,2026-08-29,0803,N20,nominal,2.0NRT,288.62,1.34,N
39.11629,-93.83496,302.63,0.43,0.38,2026-08-29,0803,N20,nominal,2.0NRT,288.26,0.94,N
36.31605,-79.68703,312.6,0.38,0.59,2026-08-29,0803,N20,nominal,2.0NRT,282.77,2.29,N
37.89706,-86.85754,322.41,0.47,0.4,2026-08-29,0803,N20,nominal,2.0NRT,290.57,2.52,N
38.69979,-92.71458,303.07,0.4,0.37,2026-08-29,0803,N20,nominal,2.0NRT,287.69,0.69,N
38.69914,-92.70997,300.15,0.4,0.37,2026-08-29,0803,N20,nominal,2.0NRT,288.53,0.73,N
38.7308,-93.21973,300.65,0.41,0.37,2026-08-29,0803,N20,nominal,2.0NRT,285.29,0.83,N
39.65348,-104.70771,296.08,0.51,0.66,2026-08-29,0803,N20,nominal,2.0NRT,283.73,0.36,N
38.56082,-92.67942,300.16,0.4,0.37,2026-08-29,0803,N20,nominal,2.0NRT,287.13,0.32,N
38.18036,-90.33849,313.92,0.39,0.36,2026-08-29,0803,N20,nominal,2.0NRT,293.09,1.34,N
36.97271,-84.58411,302.58,0.41,0.45,2026-08-29,0803,N20,nominal,2.0NRT,290.89,0.25,N
38.00846,-90.08228,323.82,0.39,0.36,2026-08-29,0803,N20,nominal,2.0NRT,293.62,2.24,N
37.97532,-90.06831,317.45,0.39,0.36,2026-08-29,0803,N20,nominal,2.0NRT,293.21,1.61,N
37.96693,-90.07964,323.68,0.39,0.36,2026-08-29,0803,N20,nominal,2.0NRT,292.21,2.29,N
38.38084,-92.82,296.27,0.4,0.37,2026-08-29,0803,N20,nominal,2.0NRT,285.21,0.52,N
38.22174,-91.73375,306.01,0.39,0.36,2026-08-29,0803,N20,nominal,2.0NRT,289.51,0.53,N
37.40369,-87.411,303.77,0.45,0.39,2026-08-29,0803,N20,nominal,2.0NRT,289.94,0.64,N
38.1611,-92.14761,301.35,0.39,0.36,2026-08-29,0803,N20,nominal,2.0NRT,287.67,0.46,N
38.76786,-97.62833,338.34,0.42,0.45,2026-08-29,0803,N20,nominal,2.0NRT,292.13,10.93,N
36.8757,-85.65698,301.12,0.55,0.42,2026-08-29,0803,N20,nominal,2.0NRT,290.16,0.56,N
37.2169,-87.66416,308.4,0.45,0.39,2026-08-29,0803,N20,nominal,2.0NRT,289.76,0.54,N
38.03037,-92.91499,299.12,0.4,0.37,2026-08-29,0803,N20,nominal,2.0NRT,288.57,0.28,N
37.21829,-88.88068,303.74,0.41,0.37,2026-08-29,0803,N20,nominal,2.0NRT,291.51,1.17,N
37.02433,-87.9484,311.78,0.44,0.38,2026-08-29,0803,N20,nominal,2.0NRT,290.85,0.85,N
35.34273,-80.82762,302.93,0.35,0.57,2026-08-29,0803,N20,nominal,2.0NRT,274.95,0.65,N
36.20823,-84.99297,320.06,0.4,0.44,2026-08-29,0803,N20,nominal,2.0NRT,288.82,2.23,N
35.97844,-83.95625,319.46,0.46,0.47,2026-08-29,0803,N20,nominal,2.0NRT,292.05,2.3,N
37.79536,-96.87305,304.78,0.56,0.43,2026-08-29,0803,N20,nominal,2.0NRT,291.65,1.98,N
35.74297,-84.39714,320.28,0.44,0.46,2026-08-29,0803,N20,nominal,2.0NRT,290.81,2.31,N
36.7078,-90.42517,304.39,0.39,0.36,2026-08-29,0803,N20,nominal,2.0NRT,290.56,0.28,N
36.69362,-91.67387,314.93,0.38,0.36,2026-08-29,0803,N20,nominal,2.0NRT,291.47,2.05,N
35.51549,-86.51192,316.33,0.53,0.42,2026-08-29,0803,N20,nominal,2.0NRT,290.35,2.02,N
35.94662,-89.71534,307.61,0.4,0.37,2026-08-29,0803,N20,nominal,2.0NRT,295.01,1.81,N
35.94252,-89.71183,308.26,0.4,0.37,2026-08-29,0803,N20,nominal,2.0NRT,293.83,1.28,N
35.93918,-89.71271,307.83,0.4,0.37,2026-08-29,0803,N20,nominal,2.0NRT,295.13,2.36,N
35.93584,-89.71357,336.29,0.4,0.37,2026-08-29,0803,N20,nominal,2.0NRT,295.25,2.36,N
35.7283,-88.81065,318.28,0.43,0.38,2026-08-29,0803,N20,nominal,2.0NRT,293.52,1.89,N
35.88982,-89.77908,322.29,0.4,0.37,2026-08-29,0803,N20,nominal,2.0NRT,294.78,5.82,N
35.89058,-89.78345,318.08,0.4,0.37,2026-08-29,0803,N20,nominal,2.0NRT,293.05,4,N
37.18293,-101.38418,301.33,0.32,0.54,2026-08-29,0803,N20,nominal,2.0NRT,287.3,0.65,N
35.64882,-89.93409,315.88,0.4,0.37,2026-08-29,0803,N20,nominal,2.0NRT,293.89,1.59,N
36.16249,-93.26101,300.93,0.4,0.37,2026-08-29,0803,N20,nominal,2.0NRT,288.6,0.45,N
35.611,-89.94646,307.26,0.4,0.37,2026-08-29,0803,N20,nominal,2.0NRT,294.33,0.98,N
36.67138,-97.78234,312.61,0.4,0.44,2026-08-29,0803,N20,nominal,2.0NRT,290.64,0.96,N
35.79458,-91.74567,306.22,0.38,0.36,2026-08-29,0803,N20,nominal,2.0NRT,291.52,0.98,N
36.52032,-97.84001,326.18,0.4,0.44,2026-08-29,0803,N20,nominal,2.0NRT,293.91,2.51,N
36.194,-95.81218,310.35,0.48,0.4,2026-08-29,0803,N20,nominal,2.0NRT,295.15,1.59,N
35.21838,-90.04903,304.05,0.4,0.37,2026-08-29,0803,N20,nominal,2.0NRT,292.14,0.44,N
34.6426,-87.09031,310.49,0.51,0.41,2026-08-29,0803,N20,nominal,2.0NRT,293.76,1.85,N
34.63781,-87.08595,310.99,0.51,0.41,2026-08-29,0803,N20,nominal,2.0NRT,294.53,1.85,N
34.87739,-88.42662,309.12,0.45,0.39,2026-08-29,0803,N20,nominal,2.0NRT,292,0.89,N
34.80284,-88.32495,302.89,0.45,0.39,2026-08-29,0803,N20,nominal,2.0NRT,291.15,1.48,N
34.34441,-86.10136,301.34,0.39,0.44,2026-08-29,0803,N20,nominal,2.0NRT,290.84,0.24,N
35.0452,-90.16405,316.57,0.4,0.37,2026-08-29,0803,N20,nominal,2.0NRT,294.11,1.48,N
34.98413,-90.04158,305.23,0.4,0.37,2026-08-29,0803,N20,nominal,2.0NRT,294.26,0.95,N
34.98338,-90.03725,309.18,0.4,0.37,2026-08-29,0803,N20,nominal,2.0NRT,294.31,0.95,N
34.73495,-88.86275,329.08,0.44,0.38,2026-08-29,0803,N20,nominal,2.0NRT,291,6.07,N
33.62593,-85.06585,301.63,0.45,0.47,2026-08-29,0803,N20,nominal,2.0NRT,290.8,0.65,N
35.38585,-95.29515,308.73,0.45,0.39,2026-08-29,0803,N20,nominal,2.0NRT,293.95,0.92,N
35.3823,-95.29576,305.48,0.45,0.39,2026-08-29,0803,N20,nominal,2.0NRT,293.99,0.92,N
34.06314,-87.44474,323.86,0.51,0.41,2026-08-29,0803,N20,nominal,2.0NRT,292.44,2.19,N
34.35901,-89.09012,309.22,0.43,0.38,2026-08-29,0803,N20,nominal,2.0NRT,291.55,0.81,N
35.95343,-101.88148,304.57,0.33,0.55,2026-08-29,0803,N20,nominal,2.0NRT,294.01,1.07,N
34.43463,-89.64835,302.82,0.41,0.37,2026-08-29,0803,N20,nominal,2.0NRT,292.28,0.4,N
34.22229,-88.94357,305.74,0.44,0.38,2026-08-29,0803,N20,nominal,2.0NRT,292.02,0.78,N
35.90605,-105.8101,300.7,0.55,0.68,2026-08-29,0803,N20,nominal,2.0NRT,284.09,1.32,N
35.90317,-105.81254,299,0.55,0.68,2026-08-29,0803,N20,nominal,2.0NRT,283.76,0.79,N
33.5839,-86.77842,305.49,0.55,0.43,2026-08-29,0803,N20,nominal,2.0NRT,293.41,1.1,N
33.54411,-86.80243,305.9,0.55,0.43,2026-08-29,0803,N20,nominal,2.0NRT,293.26,1.32,N
33.53459,-86.75605,318.09,0.56,0.43,2026-08-29,0803,N20,nominal,2.0NRT,293.94,2.51,N
33.95815,-89.20081,327.93,0.43,0.38,2026-08-29,0803,N20,nominal,2.0NRT,292.9,2.57,N
33.4856,-86.93664,306.98,0.55,0.42,2026-08-29,0803,N20,nominal,2.0NRT,293.07,1.1,N
34.16958,-90.62156,302.91,0.4,0.37,2026-08-29,0803,N20,nominal,2.0NRT,291.32,0.47,N
35.5377,-104.25893,352.1,0.45,0.63,2026-08-29,0803,N20,nominal,2.0NRT,292.44,6.15,N
35.53794,-104.26363,301.47,0.45,0.63,2026-08-29,0803,N20,nominal,2.0NRT,289.71,4.01,N
35.53188,-104.25914,335.97,0.45,0.63,2026-08-29,0803,N20,nominal,2.0NRT,291.92,6.15,N
35.53211,-104.26376,310.1,0.45,0.63,2026-08-29,0803,N20,nominal,2.0NRT,289.79,4.01,N
35.52606,-104.25941,305.02,0.45,0.63,2026-08-29,0803,N20,nominal,2.0NRT,290.31,1.54,N
35.53783,-104.2575,346.2,0.45,0.63,2026-08-29,0803,N20,nominal,2.0NRT,292.45,3.88,N
35.53809,-104.26212,309.14,0.45,0.63,2026-08-29,0803,N20,nominal,2.0NRT,289.98,3.88,N
35.53226,-104.26225,323.78,0.45,0.63,2026-08-29,0803,N20,nominal,2.0NRT,289.24,3.88,N
35.53201,-104.25771,325.27,0.45,0.63,2026-08-29,0803,N20,nominal,2.0NRT,291.09,3.88,N
35.52619,-104.25793,305.51,0.45,0.63,2026-08-29,0803,N20,nominal,2.0NRT,290.59,1.37,N
33.21853,-86.78839,308.87,0.56,0.43,2026-08-29,0803,N20,nominal,2.0NRT,293.5,0.95,N
33.21946,-86.81284,303.78,0.56,0.43,2026-08-29,0803,N20,nominal,2.0NRT,293.64,1.06,N
33.17909,-86.75607,312.38,0.56,0.43,2026-08-29,0803,N20,nominal,2.0NRT,293.19,1.7,N
33.94949,-90.95573,304.15,0.39,0.36,2026-08-29,0803,N20,nominal,2.0NRT,293.1,0.65,N
33.33471,-87.93819,321.85,0.49,0.4,2026-08-29,0803,N20,nominal,2.0NRT,291.89,3.18,N
33.23759,-87.50607,309.58,0.52,0.41,2026-08-29,0803,N20,nominal,2.0NRT,294.68,1.9,N
33.44345,-88.58001,312.67,0.46,0.39,2026-08-29,0803,N20,nominal,2.0NRT,293.78,1.63,N
33.44159,-88.57024,319.16,0.46,0.39,2026-08-29,0803,N20,nominal,2.0NRT,294.67,2.76,N
33.0916,-86.80768,314.02,0.56,0.43,2026-08-29,0803,N20,nominal,2.0NRT,292.84,3.01,N
32.97946,-86.35088,309.66,0.4,0.44,2026-08-29,0803,N20,nominal,2.0NRT,292.34,1.03,N
34.36149,-95.64972,307.6,0.45,0.39,2026-08-29,0803,N20,nominal,2.0NRT,296.57,1.92,N
34.3573,-95.64549,306.72,0.45,0.39,2026-08-29,0803,N20,nominal,2.0NRT,295.71,1.62,N
34.69163,-106.44879,302.08,0.59,0.7,2026-08-29,0803,N20,nominal,2.0NRT,286.79,1.32,N
34.6913,-106.43945,302.06,0.59,0.7,2026-08-29,0803,N20,nominal,2.0NRT,286.9,2.41,N
34.68499,-106.44476,300.97,0.59,0.7,2026-08-29,0803,N20,nominal,2.0NRT,286.35,1.32,N
34.67833,-106.43974,314,0.59,0.7,2026-08-29,0803,N20,nominal,2.0NRT,284.99,1.81,N
34.69103,-106.44087,309,0.59,0.7,2026-08-29,0803,N20,nominal,2.0NRT,287.4,2.12,N
34.68435,-106.4363,299.36,0.59,0.7,2026-08-29,0803,N20,nominal,2.0NRT,286.37,2.12,N
34.67808,-106.44183,306.38,0.59,0.7,2026-08-29,0803,N20,nominal,2.0NRT,285.26,1.71,N
33.01683,-91.04198,310.82,0.4,0.37,2026-08-29,0803,N20,nominal,2.0NRT,294.42,2.14,N
32.53371,-89.81575,303.05,0.43,0.38,2026-08-29,0803,N20,nominal,2.0NRT,291.96,0.82,N
32.46018,-89.70731,315.37,0.43,0.38,2026-08-29,0803,N20,nominal,2.0NRT,292.45,1.35,N
32.37925,-90.41938,334.51,0.41,0.37,2026-08-29,0805,N20,nominal,2.0NRT,294.25,3.43,N
32.31464,-90.13541,335.22,0.42,0.38,2026-08-29,0805,N20,nominal,2.0NRT,295.95,3.49,N
32.91158,-94.47692,306.69,0.41,0.37,2026-08-29,0805,N20,nominal,2.0NRT,294.01,0.71,N
32.91455,-94.72196,306.68,0.41,0.37,2026-08-29,0805,N20,nominal,2.0NRT,295.9,1.02,N
32.48424,-92.15305,314.12,0.39,0.36,2026-08-29,0805,N20,nominal,2.0NRT,296.29,1.38,N
31.58159,-87.48863,305.96,0.55,0.43,2026-08-29,0805,N20,nominal,2.0NRT,293.49,1.65,N
30.28207,-81.9807,307.48,0.4,0.6,2026-08-29,0805,N20,nominal,2.0NRT,287.29,1.34,N
33.10024,-98.29782,306.98,0.39,0.44,2026-08-29,0805,N20,nominal,2.0NRT,295.57,2.68,N
33.09759,-98.31066,329.99,0.39,0.44,2026-08-29,0805,N20,nominal,2.0NRT,295.91,3.81,N
32.27646,-92.72855,309.9,0.38,0.36,2026-08-29,0805,N20,nominal,2.0NRT,297.12,1.05,N
32.77586,-96.9353,307.69,0.49,0.41,2026-08-29,0805,N20,nominal,2.0NRT,295.58,0.58,N
32.86407,-98.39913,313.32,0.39,0.44,2026-08-29,0805,N20,nominal,2.0NRT,296.37,2.3,N
32.86006,-98.39986,308.87,0.39,0.44,2026-08-29,0805,N20,nominal,2.0NRT,296.17,1.95,N
32.85959,-98.39558,311.28,0.39,0.44,2026-08-29,0805,N20,nominal,2.0NRT,296.4,1.15,N
32.85913,-98.39143,307.18,0.39,0.44,2026-08-29,0805,N20,nominal,2.0NRT,296.12,1.15,N
31.16177,-87.98015,307.4,0.53,0.42,2026-08-29,0805,N20,nominal,2.0NRT,290.12,1.68,N
31.15153,-87.98867,308.21,0.53,0.42,2026-08-29,0805,N20,nominal,2.0NRT,288.16,1.15,N
31.14288,-87.98521,304.43,0.53,0.42,2026-08-29,0805,N20,nominal,2.0NRT,288.35,0.93,N
31.36149,-89.26929,313.38,0.46,0.39,2026-08-29,0805,N20,nominal,2.0NRT,292.16,0.74,N
31.15222,-88.55231,305.79,0.5,0.41,2026-08-29,0805,N20,nominal,2.0NRT,291.1,0.7,N
32.45795,-97.04199,343.99,0.5,0.41,2026-08-29,0805,N20,nominal,2.0NRT,296.55,7.19,N
32.45731,-97.03669,309.75,0.5,0.41,2026-08-29,0805,N20,nominal,2.0NRT,296.91,7.19,N
30.94427,-88.01289,297.72,0.53,0.42,2026-08-29,0805,N20,nominal,2.0NRT,254.47,1.31,N
30.94049,-88.0139,297.69,0.53,0.42,2026-08-29,0805,N20,nominal,2.0NRT,251.83,1.08,N
31.85006,-93.44805,305.99,0.39,0.36,2026-08-29,0805,N20,nominal,2.0NRT,294.32,0.75,N
32.24596,-97.55484,309.38,0.52,0.42,2026-08-29,0805,N20,nominal,2.0NRT,294.16,1.48,N
32.84953,-104.39834,303.79,0.43,0.62,2026-08-29,0805,N20,nominal,2.0NRT,292.05,1.71,N
31.14999,-90.80126,301.29,0.41,0.37,2026-08-29,0805,N20,nominal,2.0NRT,284.11,0.56,N
31.14661,-90.80206,313.69,0.41,0.37,2026-08-29,0805,N20,nominal,2.0NRT,285,1.3,N
32.6996,-103.78941,313.47,0.4,0.6,2026-08-29,0805,N20,nominal,2.0NRT,291.55,0.9,N
32.53524,-101.67479,311.1,0.59,0.53,2026-08-29,0805,N20,nominal,2.0NRT,293.14,1.15,N
30.8592,-89.53625,306.84,0.46,0.39,2026-08-29,0805,N20,nominal,2.0NRT,291.94,0.76,N
29.08371,-82.10011,317.18,0.42,0.61,2026-08-29,0805,N20,nominal,2.0NRT,286.77,2.09,N
32.363,-102.28899,319.92,0.32,0.55,2026-08-29,0805,N20,nominal,2.0NRT,292.73,0.98,N
32.28067,-101.40849,305.37,0.57,0.52,2026-08-29,0805,N20,nominal,2.0NRT,293.82,1.38,N
32.19658,-101.44369,306.36,0.57,0.52,2026-08-29,0805,N20,nominal,2.0NRT,293.71,0.87,N
32.3325,-103.44937,301.07,0.38,0.58,2026-08-29,0805,N20,nominal,2.0NRT,290.8,0.37,N
30.34239,-88.48642,297.66,0.52,0.41,2026-08-29,0805,N20,nominal,2.0NRT,271.14,1.26,N
32.27138,-103.3875,302,0.37,0.58,2026-08-29,0805,N20,nominal,2.0NRT,291.49,0.34,N
32.15701,-101.93491,304.47,0.61,0.53,2026-08-29,0805,N20,nominal,2.0NRT,293.45,1.4,N
32.15209,-101.93552,316.65,0.61,0.53,2026-08-29,0805,N20,nominal,2.0NRT,292.86,3.22,N
31.70849,-97.59441,306.42,0.52,0.41,2026-08-29,0805,N20,nominal,2.0NRT,293.15,1.37,N
30.59484,-90.52158,318.94,0.42,0.38,2026-08-29,0805,N20,nominal,2.0NRT,293.7,1.5,N
32.21283,-103.89465,305.16,0.4,0.6,2026-08-29,0805,N20,nominal,2.0NRT,292.64,0.84,N
28.69877,-81.88599,303.3,0.44,0.63,2026-08-29,0805,N20,nominal,2.0NRT,287.27,0.57,N
30.79066,-92.04095,309.59,0.39,0.36,2026-08-29,0805,N20,nominal,2.0NRT,292.79,0.67,N
30.84762,-92.42774,313.95,0.39,0.36,2026-08-29,0805,N20,nominal,2.0NRT,291.71,0.91,N
30.51583,-90.49338,307.62,0.43,0.38,2026-08-29,0805,N20,nominal,2.0NRT,292.88,0.91,N
32.14456,-103.70651,309.56,0.39,0.59,2026-08-29,0805,N20,nominal,2.0NRT,292.66,1.07,N
32.14428,-103.70237,306.8,0.39,0.59,2026-08-29,0805,N20,nominal,2.0NRT,292.62,0.78,N
32.00961,-102.03892,327.5,0.61,0.54,2026-08-29,0805,N20,nominal,2.0NRT,294.04,2.65,N
31.97238,-101.76559,342,0.59,0.53,2026-08-29,0805,N20,nominal,2.0NRT,293.48,7.61,N
31.35255,-96.1704,335.61,0.44,0.39,2026-08-29,0805,N20,nominal,2.0NRT,293.98,10.7,N
31.97412,-101.76545,344.25,0.59,0.53,2026-08-29,0805,N20,nominal,2.0NRT,293.72,8.81,N
30.58374,-91.2401,315.44,0.41,0.37,2026-08-29,0805,N20,nominal,2.0NRT,294.22,1.85,N
30.56118,-91.21056,307.59,0.41,0.37,2026-08-29,0805,N20,nominal,2.0NRT,295,1.42,N
31.87665,-101.71438,311.56,0.59,0.52,2026-08-29,0805,N20,nominal,2.0NRT,292.36,1.34,N
30.59197,-91.61203,307.22,0.4,0.37,2026-08-29,0805,N20,nominal,2.0NRT,292.79,0.51,N
30.48476,-91.17921,313.74,0.41,0.37,2026-08-29,0805,N20,nominal,2.0NRT,296.81,3.22,N
31.87299,-101.71592,316.26,0.58,0.52,2026-08-29,0805,N20,nominal,2.0NRT,292.47,1.14,N
30.40324,-90.91246,310.03,0.42,0.37,2026-08-29,0805,N20,nominal,2.0NRT,293.26,0.74,N
31.96401,-103.4465,308.11,0.37,0.58,2026-08-29,0805,N20,nominal,2.0NRT,292.3,0.48,N
30.39985,-90.91325,305.2,0.42,0.37,2026-08-29,0805,N20,nominal,2.0NRT,292.89,0.79,N
30.54072,-91.91438,305.19,0.39,0.36,2026-08-29,0805,N20,nominal,2.0NRT,293.31,0.98,N
30.32719,-91.2438,306.8,0.41,0.37,2026-08-29,0805,N20,nominal,2.0NRT,288.2,0.94,N
30.32963,-91.27798,307.64,0.41,0.37,2026-08-29,0805,N20,nominal,2.0NRT,289.14,1.17,N
30.32237,-91.23622,305.61,0.41,0.37,2026-08-29,0805,N20,nominal,2.0NRT,289.49,1.75,N
31.70387,-102.19328,303.46,0.62,0.54,2026-08-29,0805,N20,nominal,2.0NRT,292.16,0.87,N
31.7963,-103.56277,304.49,0.38,0.58,2026-08-29,0805,N20,nominal,2.0NRT,293.37,0.62,N
31.72835,-102.63211,308.5,0.33,0.55,2026-08-29,0805,N20,nominal,2.0NRT,292.51,0.45,N
31.70304,-102.19421,303.24,0.62,0.54,2026-08-29,0805,N20,nominal,2.0NRT,292.17,1.18,N
31.73039,-102.63224,306.35,0.33,0.55,2026-08-29,0805,N20,nominal,2.0NRT,293.02,0.46,N
31.79386,-103.56248,304.72,0.38,0.58,2026-08-29,0805,N20,nominal,2.0NRT,293.91,0.56,N
31.76693,-103.49299,313.78,0.37,0.58,2026-08-29,0805,N20,nominal,2.0NRT,293.68,0.59,N
31.62565,-101.82146,312.46,0.59,0.53,2026-08-29,0805,N20,nominal,2.0NRT,291.73,0.98,N
31.81637,-104.42892,300.68,0.42,0.61,2026-08-29,0805,N20,nominal,2.0NRT,290.65,0.79,N
30.18741,-90.99014,313.56,0.41,0.37,2026-08-29,0805,N20,nominal,2.0NRT,292.15,1.91,N
31.52323,-101.53763,332.11,0.57,0.52,2026-08-29,0805,N20,nominal,2.0NRT,292.1,4.72,N
31.5277,-101.53741,306.18,0.57,0.52,2026-08-29,0805,N20,nominal,2.0NRT,292.14,2.51,N
31.52294,-101.53802,325.17,0.57,0.52,2026-08-29,0805,N20,nominal,2.0NRT,291.55,2.51,N
30.00163,-90.39922,308.73,0.43,0.38,2026-08-29,0805,N20,nominal,2.0NRT,288.75,4.16,N
29.99551,-90.4053,304.02,0.43,0.38,2026-08-29,0805,N20,nominal,2.0NRT,282.46,2.37,N
31.64932,-104.01411,309.54,0.4,0.6,2026-08-29,0805,N20,nominal,2.0NRT,293.82,0.63,N
31.46102,-101.60048,318.88,0.57,0.52,2026-08-29,0805,N20,nominal,2.0NRT,293.08,2.71,N
31.53576,-102.61609,311.88,0.33,0.55,2026-08-29,0805,N20,nominal,2.0NRT,292.15,0.75,N
31.51277,-102.6507,307.96,0.33,0.55,2026-08-29,0805,N20,nominal,2.0NRT,291.78,0.53,N
31.5125,-102.6472,304.05,0.33,0.55,2026-08-29,0805,N20,nominal,2.0NRT,292.31,0.53,N
31.51439,-102.64726,307.84,0.33,0.55,2026-08-29,0805,N20,nominal,2.0NRT,291.8,1.23,N
31.41452,-102.00758,309.57,0.6,0.53,2026-08-29,0805,N20,nominal,2.0NRT,292.5,1.23,N
31.44272,-102.46153,312.76,0.32,0.55,2026-08-29,0805,N20,nominal,2.0NRT,293.19,0.87,N
31.47187,-102.88902,309.67,0.34,0.56,2026-08-29,0805,N20,nominal,2.0NRT,290.97,1.21,N
31.40086,-102.13882,310.4,0.61,0.54,2026-08-29,0805,N20,nominal,2.0NRT,292.18,2.25,N
31.36537,-101.77993,302.29,0.58,0.52,2026-08-29,0805,N20,nominal,2.0NRT,292.11,1.21,N
31.49895,-103.53246,308,0.37,0.58,2026-08-29,0805,N20,nominal,2.0NRT,293.81,0.88,N
31.46303,-103.25916,307.43,0.36,0.57,2026-08-29,0805,N20,nominal,2.0NRT,293.5,0.59,N
30.2411,-93.2771,306.87,0.38,0.36,2026-08-29,0805,N20,nominal,2.0NRT,289.79,1.37,N
30.44969,-94.76491,305.8,0.4,0.37,2026-08-29,0805,N20,nominal,2.0NRT,292.91,0.65,N
30.34227,-94.06352,310.2,0.39,0.36,2026-08-29,0805,N20,nominal,2.0NRT,296.51,1.97,N
31.35509,-103.22783,328.94,0.36,0.57,2026-08-29,0805,N20,nominal,2.0NRT,293.24,1.61,N
30.18361,-93.32445,303.31,0.38,0.36,2026-08-29,0805,N20,nominal,2.0NRT,286.28,0.89,N
31.35525,-103.2258,322.49,0.36,0.57,2026-08-29,0805,N20,nominal,2.0NRT,293.7,1.18,N
31.35555,-103.22954,310.3,0.36,0.57,2026-08-29,0805,N20,nominal,2.0NRT,292.58,1.18,N
30.14812,-93.33594,330.61,0.38,0.36,2026-08-29,0805,N20,nominal,2.0NRT,290.38,3.03,N
31.26521,-103.08929,304.08,0.35,0.57,2026-08-29,0805,N20,nominal,2.0NRT,292.48,0.58,N
30.0421,-93.33249,320.99,0.38,0.36,2026-08-29,0805,N20,nominal,2.0NRT,294.3,3.42,N
31.18804,-103.18581,308.59,0.35,0.57,2026-08-29,0805,N20,nominal,2.0NRT,292.83,0.51,N
29.68607,-91.4725,306.64,0.41,0.37,2026-08-29,0805,N20,nominal,2.0NRT,293.84,1.02,N
30.06776,-94.22634,303.89,0.39,0.36,2026-08-29,0805,N20,nominal,2.0NRT,287.41,0.86,N
30.00858,-93.97112,310.18,0.39,0.36,2026-08-29,0805,N20,nominal,2.0NRT,287.31,1.19,N
29.88881,-93.96555,309.54,0.39,0.36,2026-08-29,0805,N20,nominal,2.0NRT,297.04,2.14,N
29.83727,-93.96295,311.41,0.39,0.36,2026-08-29,0805,N20,nominal,2.0NRT,295.36,2.42,N
29.83398,-93.96362,333.5,0.39,0.36,2026-08-29,0805,N20,nominal,2.0NRT,297.29,2.42,N
29.76008,-93.88065,311.68,0.39,0.36,2026-08-29,0805,N20,nominal,2.0NRT,296.06,1.63,N
29.75887,-93.87276,312.04,0.39,0.36,2026-08-29,0805,N20,nominal,2.0NRT,295.94,1.27,N
29.75826,-93.8688,312.61,0.39,0.36,2026-08-29,0805,N20,nominal,2.0NRT,296.42,1.27,N
29.75679,-93.88132,317.96,0.39,0.36,2026-08-29,0805,N20,nominal,2.0NRT,295.99,1.79,N
29.75618,-93.87738,314.61,0.39,0.36,2026-08-29,0805,N20,nominal,2.0NRT,296.76,1.79,N
29.75507,-93.91428,305.7,0.39,0.36,2026-08-29,0805,N20,nominal,2.0NRT,293,0.94,N
29.74838,-93.8708,309.44,0.39,0.36,2026-08-29,0805,N20,nominal,2.0NRT,295.71,1.61,N
29.87832,-94.91315,308.84,0.4,0.37,2026-08-29,0805,N20,nominal,2.0NRT,283.24,0.74,N
29.74735,-94.99632,302.01,0.4,0.37,2026-08-29,0805,N20,nominal,2.0NRT,280.27,1.76,N
29.74639,-95.01337,301.03,0.4,0.37,2026-08-29,0805,N20,nominal,2.0NRT,279.17,1.33,N
29.75223,-95.1011,309.01,0.4,0.37,2026-08-29,0805,N20,nominal,2.0NRT,286.18,1.4,N
29.73701,-95.16343,313.34,0.4,0.37,2026-08-29,0805,N20,nominal,2.0NRT,286.67,1.32,N
30.34385,-100.13973,304.76,0.45,0.47,2026-08-29,0805,N20,nominal,2.0NRT,291.03,1.56,N
29.72969,-95.16058,302.45,0.4,0.37,2026-08-29,0805,N20,nominal,2.0NRT,285.97,0.53,N
29.72569,-95.22946,310.27,0.4,0.37,2026-08-29,0805,N20,nominal,2.0NRT,294.79,2.3,N
30.17965,-99.13612,311.99,0.4,0.44,2026-08-29,0805,N20,nominal,2.0NRT,290.76,1.3,N
30.17918,-99.13199,312.29,0.4,0.44,2026-08-29,0805,N20,nominal,2.0NRT,290.94,1.3,N
29.6223,-95.04829,313.04,0.4,0.37,2026-08-29,0805,N20,nominal,2.0NRT,283.96,1.64,N
30.1978,-100.32961,310.58,0.46,0.47,2026-08-29,0805,N20,nominal,2.0NRT,291.49,1.43,N
30.1973,-100.32481,308.82,0.46,0.47,2026-08-29,0805,N20,nominal,2.0NRT,291.49,1.29,N
30.19344,-100.33015,304.24,0.46,0.47,2026-08-29,0805,N20,nominal,2.0NRT,291.17,1.43,N
30.19294,-100.32535,302.51,0.46,0.47,2026-08-29,0805,N20,nominal,2.0NRT,291.12,1.29,N
29.3753,-94.93804,309.77,0.4,0.37,2026-08-29,0805,N20,nominal,2.0NRT,297.49,1.96,N
29.37293,-94.92181,313.66,0.4,0.37,2026-08-29,0805,N20,nominal,2.0NRT,297.98,2.91,N
29.36877,-94.89343,315.62,0.4,0.37,2026-08-29,0805,N20,nominal,2.0NRT,295.4,2.2,N
29.36781,-94.91029,308.23,0.4,0.37,2026-08-29,0805,N20,nominal,2.0NRT,296.07,1.78,N
30.04381,-100.43146,304.28,0.47,0.48,2026-08-29,0805,N20,nominal,2.0NRT,291.22,1.67,N
30.03845,-100.42859,303.17,0.47,0.48,2026-08-29,0805,N20,nominal,2.0NRT,291.13,0.84,N
29.30485,-94.82519,312.04,0.39,0.37,2026-08-29,0805,N20,nominal,2.0NRT,295.89,1.91,N
26.41791,-80.77618,309.62,0.58,0.7,2026-08-29,0805,N20,nominal,2.0NRT,289.52,1.3,N
26.41171,-80.77818,309.78,0.58,0.7,2026-08-29,0805,N20,nominal,2.0NRT,289.84,1.65,N
29.6826,-98.18415,308.89,0.52,0.42,2026-08-29,0805,N20,nominal,2.0NRT,291.3,1.36,N
29.46941,-96.6224,304.17,0.44,0.39,2026-08-29,0805,N20,nominal,2.0NRT,293.8,0.74,N
29.57638,-98.03399,317.02,0.51,0.41,2026-08-29,0805,N20,nominal,2.0NRT,273.49,2.05,N
29.34165,-97.10921,307.06,0.46,0.39,2026-08-29,0805,N20,nominal,2.0NRT,291.8,1.11,N
29.06815,-95.74935,308.46,0.41,0.37,2026-08-29,0805,N20,nominal,2.0NRT,296.78,2.31,N
29.00485,-95.40186,310.75,0.4,0.37,2026-08-29,0805,N20,nominal,2.0NRT,293.6,1.89,N
28.98848,-95.31204,306.36,0.4,0.37,2026-08-29,0805,N20,nominal,2.0NRT,290.61,1.04,N
28.92294,-97.67598,309.24,0.49,0.4,2026-08-29,0805,N20,nominal,2.0NRT,291.01,0.87,N
28.7026,-96.53148,306.35,0.43,0.38,2026-08-29,0805,N20,nominal,2.0NRT,292.46,1.47,N
28.65797,-98.20255,297.45,0.51,0.41,2026-08-29,0805,N20,nominal,2.0NRT,279.72,0.45,N
28.45191,-98.18678,310.89,0.51,0.41,2026-08-29,0805,N20,nominal,2.0NRT,292.26,2.48,N
28.061,-97.43644,318.66,0.46,0.39,2026-08-29,0805,N20,nominal,2.0NRT,294.39,2.89,N
28.05739,-97.43704,336.37,0.46,0.39,2026-08-29,0805,N20,nominal,2.0NRT,294.13,7.56,N
28.05802,-97.44175,312.28,0.46,0.39,2026-08-29,0805,N20,nominal,2.0NRT,294.19,7.56,N
27.9302,-97.3226,308.27,0.46,0.39,2026-08-29,0805,N20,nominal,2.0NRT,294.32,3.07,N
27.89057,-97.27261,316.07,0.46,0.39,2026-08-29,0805,N20,nominal,2.0NRT,294.8,3.7,N
27.88996,-97.268,308.96,0.46,0.39,2026-08-29,0805,N20,nominal,2.0NRT,294.29,2.57,N
28.18533,-99.87156,305.83,0.41,0.45,2026-08-29,0805,N20,nominal,2.0NRT,291.35,2.14,N
27.82908,-97.19392,311.62,0.45,0.39,2026-08-29,0805,N20,nominal,2.0NRT,293.45,0.76,N
27.82552,-97.19454,314.09,0.45,0.39,2026-08-29,0805,N20,nominal,2.0NRT,293.94,0.76,N
27.82376,-97.20886,328.77,0.45,0.39,2026-08-29,0805,N20,nominal,2.0NRT,294.2,1.72,N
27.82467,-97.20626,308.32,0.45,0.39,2026-08-29,0805,N20,nominal,2.0NRT,293.95,1.31,N
27.82111,-97.20688,320.72,0.45,0.39,2026-08-29,0805,N20,nominal,2.0NRT,294.02,1.31,N
27.83037,-97.49432,311.96,0.46,0.39,2026-08-29,0805,N20,nominal,2.0NRT,294.23,2.16,N
27.81768,-97.48203,309.55,0.46,0.39,2026-08-29,0805,N20,nominal,2.0NRT,296.05,2.86,N
27.69777,-97.50471,314.64,0.46,0.39,2026-08-29,0805,N20,nominal,2.0NRT,293.72,2.08,N
27.27212,-101.16711,305.38,0.48,0.48,2026-08-29,0805,N20,nominal,2.0NRT,291.87,0.76,N
27.03216,-103.37372,308.13,0.33,0.55,2026-08-29,0805,N20,nominal,2.0NRT,291.45,2.21,N
23.14439,-81.71466,309.36,0.61,0.71,2026-08-29,0805,N20,nominal,2.0NRT,286.29,1.51,N
23.13793,-81.71601,303.56,0.61,0.71,2026-08-29,0805,N20,nominal,2.0NRT,286.75,1.15,N
26.00953,-97.44019,311.52,0.44,0.39,2026-08-29,0805,N20,nominal,2.0NRT,294.32,0.91,N
25.67354,-99.46292,310.1,0.55,0.43,2026-08-29,0807,N20,nominal,2.0NRT,286.85,3.07,N
25.76254,-100.31393,314.04,0.41,0.45,2026-08-29,0807,N20,nominal,2.0NRT,290.97,2.72,N
25.7491,-100.23372,318.22,0.4,0.45,2026-08-29,0807,N20,nominal,2.0NRT,293.3,1.98,N
25.72448,-100.3009,309.65,0.41,0.45,2026-08-29,0807,N20,nominal,2.0NRT,294.47,2.61,N
25.72086,-100.30553,316.16,0.41,0.45,2026-08-29,0807,N20,nominal,2.0NRT,294.24,4.32,N
25.71989,-100.29745,316,0.41,0.45,2026-08-29,0807,N20,nominal,2.0NRT,294.05,2.61,N
25.70012,-100.27156,311.32,0.41,0.45,2026-08-29,0807,N20,nominal,2.0NRT,293.48,2.31,N
25.69937,-100.30036,309.54,0.41,0.45,2026-08-29,0807,N20,nominal,2.0NRT,294.07,3,N
25.69889,-100.29633,308.58,0.41,0.45,2026-08-29,0807,N20,nominal,2.0NRT,294.12,2.67,N
25.69602,-100.27216,310.44,0.41,0.45,2026-08-29,0807,N20,nominal,2.0NRT,294.07,2.23,N
25.63616,-100.18697,312.89,0.4,0.44,2026-08-29,0807,N20,nominal,2.0NRT,293.56,1.92,N
25.59125,-99.94337,311.86,0.39,0.44,2026-08-29,0807,N20,nominal,2.0NRT,295.01,2.37,N
25.57832,-99.93748,319.36,0.39,0.44,2026-08-29,0807,N20,nominal,2.0NRT,293.86,2.65,N
25.57683,-99.93665,317.51,0.39,0.44,2026-08-29,0807,N20,nominal,2.0NRT,293.69,2.3,N
25.60374,-100.9197,340.5,0.44,0.46,2026-08-29,0807,N20,nominal,2.0NRT,290.46,9.88,N
25.59424,-103.47633,303.28,0.32,0.54,2026-08-29,0807,N20,nominal,2.0NRT,291.03,0.45,N
25.49028,-103.39655,304.21,0.63,0.54,2026-08-29,0807,N20,nominal,2.0NRT,290.86,0.65,N
40.82172,-114.25722,309.28,0.39,0.36,2026-08-29,0941,N20,nominal,2.0NRT,277.19,1.44,N
40.94231,-117.86149,295.58,0.41,0.37,2026-08-29,0941,N20,nominal,2.0NRT,283.27,0.44,N
37.18179,-101.38329,299.61,0.57,0.69,2026-08-29,0941,N20,nominal,2.0NRT,288.63,0.65,N
38.94079,-112.81699,303.04,0.43,0.38,2026-08-29,0941,N20,nominal,2.0NRT,280.78,1.1,N
38.93737,-112.81805,303.19,0.43,0.38,2026-08-29,0941,N20,nominal,2.0NRT,281.39,1.47,N
37.24631,-105.90792,321.22,0.33,0.55,2026-08-29,0941,N20,nominal,2.0NRT,280.08,1.95,N
37.24542,-105.90439,308.53,0.33,0.55,2026-08-29,0941,N20,nominal,2.0NRT,279.69,1.95,N
35.96421,-101.82067,316.93,0.58,0.7,2026-08-29,0941,N20,nominal,2.0NRT,288.08,2.91,N
35.96241,-101.81458,300.69,0.58,0.7,2026-08-29,0941,N20,nominal,2.0NRT,288.19,2.18,N
35.70055,-101.3633,300.75,0.63,0.72,2026-08-29,0941,N20,nominal,2.0NRT,288.28,1.64,N
36.48603,-106.3135,299.03,0.33,0.55,2026-08-29,0943,N20,nominal,2.0NRT,276.06,0.64,N
35.53444,-104.25483,309.43,0.45,0.63,2026-08-29,0943,N20,nominal,2.0NRT,288.92,0.94,N
35.90279,-105.80824,297.3,0.36,0.57,2026-08-29,0943,N20,nominal,2.0NRT,280.3,0.78,N
35.90192,-105.80486,306.05,0.36,0.57,2026-08-29,0943,N20,nominal,2.0NRT,279.75,0.78,N
35.907,-105.80619,297.8,0.36,0.57,2026-08-29,0943,N20,nominal,2.0NRT,279.76,0.82,N
35.90095,-105.80415,300.85,0.36,0.57,2026-08-29,0943,N20,nominal,2.0NRT,281.45,0.82,N
37.88373,-121.18683,303.34,0.5,0.41,2026-08-29,0943,N20,nominal,2.0NRT,287.64,0.62,N
37.94379,-122.39565,299.65,0.57,0.43,2026-08-29,0943,N20,nominal,2.0NRT,286.14,0.64,N
36.48881,-113.70181,301.75,0.43,0.38,2026-08-29,0943,N20,nominal,2.0NRT,291.28,0.91,N
34.67625,-106.42798,302.13,0.36,0.57,2026-08-29,0943,N20,nominal,2.0NRT,276.86,1.47,N
37.45671,-121.93285,306.7,0.53,0.42,2026-08-29,0943,N20,nominal,2.0NRT,287.53,0.98,N
36.38393,-114.8754,305.68,0.4,0.37,2026-08-29,0943,N20,nominal,2.0NRT,285.59,1.1,N
36.35855,-114.90991,316.28,0.4,0.37,2026-08-29,0943,N20,nominal,2.0NRT,296.11,3.45,N
37.02531,-120.19823,301.75,0.45,0.39,2026-08-29,0943,N20,nominal,2.0NRT,289.55,0.37,N
37.18337,-121.68021,298.11,0.52,0.41,2026-08-29,0943,N20,nominal,2.0NRT,287.2,0.56,N
36.83635,-120.18334,308.13,0.45,0.39,2026-08-29,0943,N20,nominal,2.0NRT,289.14,1.18,N
36.83571,-120.17835,312.28,0.45,0.39,2026-08-29,0943,N20,nominal,2.0NRT,290.05,1.18,N
36.70506,-119.89419,301.98,0.44,0.38,2026-08-29,0943,N20,nominal,2.0NRT,290.23,0.44,N
36.66393,-120.13358,301.81,0.44,0.39,2026-08-29,0943,N20,nominal,2.0NRT,290.7,0.4,N
36.47559,-119.15052,307.54,0.41,0.37,2026-08-29,0943,N20,nominal,2.0NRT,287.75,0.95,N
35.51745,-113.31263,316.56,0.46,0.39,2026-08-29,0943,N20,nominal,2.0NRT,291.39,1.48,N
32.53664,-101.67469,308.78,0.74,0.76,2026-08-29,0943,N20,nominal,2.0NRT,290.61,1.21,N
32.53684,-101.67371,308.32,0.74,0.76,2026-08-29,0943,N20,nominal,2.0NRT,290.57,1.37,N
36.29633,-121.72502,306.96,0.51,0.41,2026-08-29,0943,N20,nominal,2.0NRT,292.29,1.81,N
36.29054,-121.77406,305.94,0.51,0.41,2026-08-29,0943,N20,nominal,2.0NRT,289.49,0.76,N
36.28611,-121.76905,318.89,0.51,0.41,2026-08-29,0943,N20,nominal,2.0NRT,291.75,2.4,N
36.26977,-121.76091,320.7,0.51,0.41,2026-08-29,0943,N20,nominal,2.0NRT,292.46,4.98,N
36.26599,-121.76144,347.26,0.51,0.41,2026-08-29,0943,N20,nominal,2.0NRT,297.4,4.98,N
36.26542,-121.75655,313.43,0.51,0.41,2026-08-29,0943,N20,nominal,2.0NRT,293.98,3.03,N
36.26427,-121.7467,311.43,0.51,0.41,2026-08-29,0943,N20,nominal,2.0NRT,292.99,1.82,N
36.2636,-121.77405,347.07,0.51,0.41,2026-08-29,0943,N20,nominal,2.0NRT,297.23,3.5,N
36.26051,-121.74747,333.14,0.51,0.41,2026-08-29,0943,N20,nominal,2.0NRT,294.76,5.42,N
36.26436,-121.78075,308.58,0.51,0.41,2026-08-29,0943,N20,nominal,2.0NRT,293.52,3.5,N
36.26289,-121.7679,303.94,0.51,0.41,2026-08-29,0943,N20,nominal,2.0NRT,292.03,4.22,N
36.26165,-121.75721,303.34,0.51,0.41,2026-08-29,0943,N20,nominal,2.0NRT,291.74,0.84,N
36.26109,-121.75236,303.44,0.51,0.41,2026-08-29,0943,N20,nominal,2.0NRT,291.92,0.84,N
36.25994,-121.77577,323.57,0.51,0.41,2026-08-29,0943,N20,nominal,2.0NRT,294.42,3.5,N
36.26144,-121.78891,314,0.51,0.41,2026-08-29,0943,N20,nominal,2.0NRT,291.18,1.61,N
36.2607,-121.78239,308.04,0.51,0.41,2026-08-29,0943,N20,nominal,2.0NRT,293.96,3.5,N
36.25703,-121.78407,319.91,0.51,0.41,2026-08-29,0943,N20,nominal,2.0NRT,292.63,2.76,N
36.25629,-121.7776,311.65,0.51,0.41,2026-08-29,0943,N20,nominal,2.0NRT,294.07,2.76,N
32.70081,-103.79063,305.65,0.56,0.69,2026-08-29,0943,N20,nominal,2.0NRT,289.29,1.14,N
36.25261,-121.77911,335.31,0.51,0.41,2026-08-29,0943,N20,nominal,2.0NRT,294.18,2.76,N
36.25329,-121.78505,309.34,0.51,0.41,2026-08-29,0943,N20,nominal,2.0NRT,290.04,2.76,N
36.2519,-121.77283,316.48,0.51,0.41,2026-08-29,0943,N20,nominal,2.0NRT,293.24,1.68,N
32.15269,-101.93449,301.89,0.73,0.76,2026-08-29,0943,N20,nominal,2.0NRT,290.47,1.46,N
36.24887,-121.78004,325.04,0.51,0.41,2026-08-29,0943,N20,nominal,2.0NRT,290.72,3.43,N
36.24821,-121.77434,329.79,0.51,0.41,2026-08-29,0943,N20,nominal,2.0NRT,291.42,4.32,N
36.2461,-121.75587,306.26,0.51,0.41,2026-08-29,0943,N20,nominal,2.0NRT,293,1.92,N
32.8499,-104.39378,303.61,0.51,0.66,2026-08-29,0943,N20,nominal,2.0NRT,291.76,1.22,N
36.21355,-121.63926,300.17,0.5,0.41,2026-08-29,0943,N20,nominal,2.0NRT,289.91,0.61,N
36.2098,-121.63984,308.66,0.5,0.41,2026-08-29,0943,N20,nominal,2.0NRT,290.57,1.47,N
36.20923,-121.64003,309,0.5,0.41,2026-08-29,0943,N20,nominal,2.0NRT,290.99,1.78,N
32.15146,-101.93005,307.29,0.73,0.76,2026-08-29,0943,N20,nominal,2.0NRT,290.93,1.85,N
32.76982,-104.27289,300.18,0.52,0.67,2026-08-29,0943,N20,nominal,2.0NRT,289.5,0.51,N
31.87781,-101.71446,304.11,0.77,0.77,2026-08-29,0943,N20,nominal,2.0NRT,290.51,0.39,N
31.87258,-101.71541,309.58,0.77,0.77,2026-08-29,0943,N20,nominal,2.0NRT,290.14,1.85,N
35.94658,-121.43935,334.51,0.49,0.4,2026-08-29,0943,N20,nominal,2.0NRT,293.04,14.37,N
35.94581,-121.43303,340.86,0.49,0.4,2026-08-29,0943,N20,nominal,2.0NRT,294.8,14.37,N
35.94503,-121.42664,324.52,0.49,0.4,2026-08-29,0943,N20,nominal,2.0NRT,292.45,8.27,N
35.9473,-121.44531,302.84,0.49,0.4,2026-08-29,0943,N20,nominal,2.0NRT,290.59,2.22,N
35.9436,-121.44592,329.72,0.49,0.4,2026-08-29,0943,N20,nominal,2.0NRT,292.57,2.22,N
35.94285,-121.4398,349.57,0.49,0.4,2026-08-29,0943,N20,nominal,2.0NRT,298.16,14.37,N
35.94131,-121.42717,367,0.49,0.4,2026-08-29,0943,N20,high,2.0NRT,296.61,8.27,N
35.94433,-121.45195,307.23,0.49,0.4,2026-08-29,0943,N20,nominal,2.0NRT,290.96,2.22,N
35.94207,-121.4334,318.36,0.49,0.4,2026-08-29,0943,N20,nominal,2.0NRT,293.38,14.37,N
35.93938,-121.4112,312.46,0.49,0.4,2026-08-29,0943,N20,nominal,2.0NRT,291.71,1.35,N
35.93744,-121.39529,309.08,0.49,0.4,2026-08-29,0943,N20,nominal,2.0NRT,292.58,1.9,N
35.94058,-121.45224,320.1,0.49,0.4,2026-08-29,0943,N20,nominal,2.0NRT,294.91,3.52,N
35.9376,-121.42769,344.8,0.49,0.4,2026-08-29,0943,N20,nominal,2.0NRT,297.75,8.16,N
35.9351,-121.40702,343.66,0.49,0.4,2026-08-29,0943,N20,nominal,2.0NRT,297.42,4.23,N
35.93447,-121.40183,329.98,0.49,0.4,2026-08-29,0943,N20,nominal,2.0NRT,294.43,4.23,N
35.9338,-121.39635,350.96,0.49,0.4,2026-08-29,0943,N20,nominal,2.0NRT,301,9.33,N
35.94131,-121.45825,303.71,0.49,0.4,2026-08-29,0943,N20,nominal,2.0NRT,291.12,1.37,N
35.93571,-121.41206,305.37,0.49,0.4,2026-08-29,0943,N20,nominal,2.0NRT,292.91,4.08,N
35.93311,-121.3907,312.28,0.49,0.4,2026-08-29,0943,N20,nominal,2.0NRT,293.26,9.33,N
35.93393,-121.42848,305.88,0.49,0.4,2026-08-29,0943,N20,nominal,2.0NRT,291.54,8.16,N
35.93142,-121.40781,307,0.49,0.4,2026-08-29,0943,N20,nominal,2.0NRT,293.9,4.23,N
35.93016,-121.39739,306.39,0.49,0.4,2026-08-29,0943,N20,nominal,2.0NRT,294.32,9.33,N
35.92877,-121.38593,308.45,0.49,0.4,2026-08-29,0943,N20,nominal,2.0NRT,291.4,2.01,N
35.93394,-121.45988,332.13,0.49,0.4,2026-08-29,0943,N20,nominal,2.0NRT,292.21,3.33,N
35.92512,-121.3869,330.64,0.49,0.4,2026-08-29,0943,N20,nominal,2.0NRT,296.73,11.71,N
35.92443,-121.38127,325.06,0.49,0.4,2026-08-29,0943,N20,nominal,2.0NRT,294.28,11.71,N
35.93316,-121.45341,315.59,0.49,0.4,2026-08-29,0943,N20,nominal,2.0NRT,294.59,4.19,N
35.93024,-121.46057,327.7,0.49,0.4,2026-08-29,0943,N20,nominal,2.0NRT,292.74,3.33,N
35.9266,-121.46171,330.89,0.49,0.4,2026-08-29,0943,N20,nominal,2.0NRT,291.85,4.26,N
35.92581,-121.45516,320.99,0.49,0.4,2026-08-29,0943,N20,nominal,2.0NRT,294.19,4.86,N
35.9178,-121.3887,320.55,0.49,0.4,2026-08-29,0943,N20,nominal,2.0NRT,295.32,8.71,N
35.91711,-121.383,353.22,0.49,0.4,2026-08-29,0943,N20,nominal,2.0NRT,301.1,8.71,N
35.91641,-121.3772,334.84,0.49,0.4,2026-08-29,0943,N20,nominal,2.0NRT,298.26,8.36,N
35.91849,-121.39442,313.38,0.49,0.4,2026-08-29,0943,N20,nominal,2.0NRT,294.91,4.26,N
35.92215,-121.45616,335.42,0.49,0.4,2026-08-29,0943,N20,nominal,2.0NRT,293.28,4.86,N
35.91344,-121.38383,348.73,0.49,0.4,2026-08-29,0943,N20,nominal,2.0NRT,300.24,8.71,N
35.90978,-121.38469,331.77,0.49,0.4,2026-08-29,0943,N20,nominal,2.0NRT,295.69,5.37,N
35.90612,-121.38556,339.41,0.49,0.4,2026-08-29,0943,N20,nominal,2.0NRT,295.74,5.37,N
35.90242,-121.38612,328.08,0.49,0.4,2026-08-29,0943,N20,nominal,2.0NRT,295.08,4.76,N
35.91182,-121.46465,311.48,0.49,0.4,2026-08-29,0943,N20,nominal,2.0NRT,287.98,1.45,N
35.91105,-121.45815,318.67,0.49,0.4,2026-08-29,0943,N20,nominal,2.0NRT,293.43,2.89,N
35.90376,-121.39724,312.48,0.49,0.4,2026-08-29,0943,N20,nominal,2.0NRT,294.1,4.77,N
35.90309,-121.39169,317.15,0.49,0.4,2026-08-29,0943,N20,nominal,2.0NRT,294.83,4.76,N
35.90741,-121.45937,328.86,0.49,0.4,2026-08-29,0943,N20,nominal,2.0NRT,291.18,2.89,N
35.90003,-121.39761,343.24,0.49,0.4,2026-08-29,0943,N20,nominal,2.0NRT,296.93,4.77,N
35.89936,-121.39198,342.48,0.49,0.4,2026-08-29,0943,N20,nominal,2.0NRT,295.85,4.76,N
35.9038,-121.4608,337.76,0.49,0.4,2026-08-29,0943,N20,nominal,2.0NRT,291.97,10.3,N
35.89631,-121.39791,311.44,0.49,0.4,2026-08-29,0943,N20,nominal,2.0NRT,293.36,2.26,N
35.90008,-121.46133,333.03,0.49,0.4,2026-08-29,0943,N20,nominal,2.0NRT,289.5,10.3,N
35.89941,-121.45568,367,0.49,0.4,2026-08-29,0943,N20,high,2.0NRT,294.5,10.3,N
35.89871,-121.44979,305.79,0.49,0.4,2026-08-29,0943,N20,nominal,2.0NRT,288.88,1.87,N
35.89805,-121.44418,315.65,0.49,0.4,2026-08-29,0943,N20,nominal,2.0NRT,289.96,1.87,N
31.65228,-101.58107,299.62,0.79,0.78,2026-08-29,0943,N20,nominal,2.0NRT,288.61,0.43,N
31.62549,-101.81927,308.81,0.77,0.77,2026-08-29,0943,N20,nominal,2.0NRT,289.55,1.59,N
31.62711,-101.81758,310.98,0.77,0.77,2026-08-29,0943,N20,nominal,2.0NRT,289.71,1.9,N
32.03172,-103.2784,305.67,0.62,0.72,2026-08-29,0943,N20,nominal,2.0NRT,290.77,0.91,N
32.14532,-103.70316,303.75,0.59,0.7,2026-08-29,0943,N20,nominal,2.0NRT,291.42,0.97,N
35.12106,-118.36654,296.56,0.39,0.36,2026-08-29,0943,N20,nominal,2.0NRT,284.78,0.72,N
31.40125,-102.13524,304.24,0.75,0.77,2026-08-29,0943,N20,nominal,2.0NRT,290.31,1.26,N
31.40202,-102.13602,303.04,0.75,0.77,2026-08-29,0943,N20,nominal,2.0NRT,290.41,0.98,N
31.76554,-103.49444,303.5,0.61,0.71,2026-08-29,0943,N20,nominal,2.0NRT,291.96,0.59,N
31.47386,-102.8886,305.57,0.68,0.74,2026-08-29,0943,N20,nominal,2.0NRT,291.08,1.29,N
33.42043,-110.86175,310.74,0.43,0.46,2026-08-29,0943,N20,nominal,2.0NRT,292.1,2.7,N
33.41631,-110.86294,334.03,0.43,0.46,2026-08-29,0943,N20,nominal,2.0NRT,292.52,2.7,N
33.41731,-110.86765,307.11,0.43,0.46,2026-08-29,0943,N20,nominal,2.0NRT,291.78,4,N
34.60908,-117.33504,295.73,0.38,0.36,2026-08-29,0943,N20,nominal,2.0NRT,271.86,0.61,N
34.82138,-118.75116,307.13,0.4,0.37,2026-08-29,0943,N20,nominal,2.0NRT,291.46,0.66,N
31.81686,-104.43033,302.92,0.54,0.68,2026-08-29,0943,N20,nominal,2.0NRT,288.89,0.83,N
31.64868,-104.0159,302.65,0.58,0.7,2026-08-29,0943,N20,nominal,2.0NRT,290.34,1.02,N
31.356,-103.22855,314.14,0.65,0.73,2026-08-29,0943,N20,nominal,2.0NRT,291.84,1.78,N
34.56926,-118.15399,304.87,0.39,0.36,2026-08-29,0943,N20,nominal,2.0NRT,294.02,0.89,N
34.35441,-116.85196,311.62,0.39,0.36,2026-08-29,0943,N20,nominal,2.0NRT,294.83,1.41,N
31.26879,-103.08885,302.23,0.67,0.73,2026-08-29,0943,N20,nominal,2.0NRT,291.37,1.2,N
34.43523,-118.64551,301.85,0.39,0.36,2026-08-29,0943,N20,nominal,2.0NRT,288.7,0.69,N
34.43192,-118.64626,315.68,0.39,0.36,2026-08-29,0943,N20,nominal,2.0NRT,292.1,1.28,N
34.3354,-118.52183,310.08,0.39,0.36,2026-08-29,0943,N20,nominal,2.0NRT,287.6,0.86,N
34.33478,-118.51768,301.89,0.39,0.36,2026-08-29,0943,N20,nominal,2.0NRT,284.15,0.86,N
34.24302,-118.38063,306.33,0.39,0.36,2026-08-29,0943,N20,nominal,2.0NRT,292.72,0.68,N
34.29257,-118.80434,302.53,0.39,0.36,2026-08-29,0943,N20,nominal,2.0NRT,291.43,0.35,N
34.1154,-117.92383,304.84,0.38,0.36,2026-08-29,0943,N20,nominal,2.0NRT,294.05,0.9,N
34.15337,-118.1936,316.32,0.39,0.36,2026-08-29,0943,N20,nominal,2.0NRT,292.97,1.36,N
34.03453,-118.1068,305.17,0.39,0.36,2026-08-29,0943,N20,nominal,2.0NRT,293.72,0.78,N
32.36508,-109.47017,333.83,0.54,0.51,2026-08-29,0943,N20,nominal,2.0NRT,293.78,6.33,N
33.79282,-117.47368,309.76,0.38,0.36,2026-08-29,0943,N20,nominal,2.0NRT,294.69,0.98,N
33.85453,-118.3321,307.42,0.39,0.36,2026-08-29,0943,N20,nominal,2.0NRT,294.38,1.81,N
33.82092,-118.24535,308.45,0.39,0.36,2026-08-29,0943,N20,nominal,2.0NRT,295.84,1.55,N
33.71448,-117.71129,309.24,0.38,0.36,2026-08-29,0943,N20,nominal,2.0NRT,293.7,0.99,N
33.77874,-118.23602,308.5,0.39,0.36,2026-08-29,0943,N20,nominal,2.0NRT,297.72,1.63,N
33.77557,-118.21537,306.01,0.39,0.36,2026-08-29,0943,N20,nominal,2.0NRT,293.78,0.62,N
33.61267,-117.82436,315.31,0.38,0.36,2026-08-29,0943,N20,nominal,2.0NRT,293.23,1.08,N
33.4919,-117.61841,306.26,0.38,0.36,2026-08-29,0943,N20,nominal,2.0NRT,293.31,0.58,N
32.59151,-115.38781,324.3,0.42,0.38,2026-08-29,0943,N20,nominal,2.0NRT,300.04,2.95,N
32.85726,-117.02763,307.34,0.39,0.36,2026-08-29,0943,N20,nominal,2.0NRT,294.3,0.6,N
32.8568,-117.14983,303.77,0.39,0.36,2026-08-29,0943,N20,nominal,2.0NRT,292.88,0.81,N
32.5431,-115.35204,314.36,0.42,0.38,2026-08-29,0943,N20,nominal,2.0NRT,300.1,1.24,N
32.51794,-116.77446,308.01,0.39,0.36,2026-08-29,0943,N20,nominal,2.0NRT,293.89,0.66,N
32.49722,-116.83501,341.29,0.39,0.36,2026-08-29,0943,N20,nominal,2.0NRT,297.07,11.44,N
31.8616,-115.75491,315.87,0.42,0.37,2026-08-29,0943,N20,nominal,2.0NRT,296.49,2.76,N
30.49535,-109.63013,317.79,0.59,0.53,2026-08-29,0943,N20,nominal,2.0NRT,292.37,4.07,N
30.49543,-109.63197,316.44,0.59,0.53,2026-08-29,0943,N20,nominal,2.0NRT,292.14,3.68,N
31.84344,-116.58382,313.04,0.4,0.37,2026-08-29,0943,N20,nominal,2.0NRT,294.82,1.32,N
30.82356,-112.73325,312.85,0.39,0.44,2026-08-29,0943,N20,nominal,2.0NRT,295.99,0.99,N
28.68624,-106.09238,307.09,0.52,0.67,2026-08-29,0943,N20,nominal,2.0NRT,289.55,2.24,N
27.639,-113.44108,303.37,0.4,0.44,2026-08-29,0945,N20,nominal,2.0NRT,292.96,0.34,N
48.87371,-102.53954,304.65,0.47,0.48,2026-08-29,0939,N20,nominal,2.0NRT,285.63,0.72,N
49.03933,-103.81641,295.65,0.41,0.45,2026-08-29,0939,N20,nominal,2.0NRT,280.51,0.38,N
48.63654,-103.31074,310.05,0.44,0.46,2026-08-29,0939,N20,nominal,2.0NRT,287.05,0.99,N
48.10051,-102.87457,298.71,0.48,0.48,2026-08-29,0939,N20,nominal,2.0NRT,287.93,0.42,N
48.09559,-102.91164,302.54,0.47,0.48,2026-08-29,0939,N20,nominal,2.0NRT,288.06,0.66,N
48.23744,-103.95562,300.57,0.43,0.46,2026-08-29,0939,N20,nominal,2.0NRT,282.55,0.59,N
47.98118,-103.11654,296.7,0.47,0.48,2026-08-29,0939,N20,nominal,2.0NRT,285.06,0.35,N
47.99404,-103.22375,298.2,0.46,0.47,2026-08-29,0939,N20,nominal,2.0NRT,287.59,0.61,N
47.88705,-102.85696,296.6,0.48,0.48,2026-08-29,0939,N20,nominal,2.0NRT,286.3,0.6,N
47.87527,-102.90491,309.65,0.48,0.48,2026-08-29,0939,N20,nominal,2.0NRT,288.74,1.52,N
47.83057,-102.85982,299.95,0.48,0.48,2026-08-29,0939,N20,nominal,2.0NRT,286.64,0.47,N
47.83104,-102.88052,297.52,0.48,0.48,2026-08-29,0939,N20,nominal,2.0NRT,285.56,0.36,N
48.0222,-104.00523,298.32,0.43,0.46,2026-08-29,0939,N20,nominal,2.0NRT,287.74,0.56,N
47.56371,-103.04475,295.5,0.48,0.48,2026-08-29,0939,N20,nominal,2.0NRT,284.79,0.48,N
47.575,-103.14661,298.52,0.48,0.48,2026-08-29,0939,N20,nominal,2.0NRT,284.99,0.68,N
47.73061,-103.79523,300.22,0.45,0.47,2026-08-29,0939,N20,nominal,2.0NRT,285.82,0.85,N
47.47244,-103.21157,301.11,0.48,0.48,2026-08-29,0939,N20,nominal,2.0NRT,278.88,0.6,N
47.45759,-103.17128,300.55,0.48,0.48,2026-08-29,0939,N20,nominal,2.0NRT,283.81,0.52,N
49.68701,-116.55275,296.95,0.45,0.39,2026-08-29,0939,N20,nominal,2.0NRT,279.37,1.12,N
49.63088,-116.26385,316.81,0.44,0.39,2026-08-29,0939,N20,nominal,2.0NRT,284.48,2.44,N
49.62751,-116.26609,308.42,0.44,0.39,2026-08-29,0939,N20,nominal,2.0NRT,284.52,1.76,N
49.62573,-116.34294,299.99,0.45,0.39,2026-08-29,0939,N20,nominal,2.0NRT,282.81,1.14,N
49.3847,-117.59515,296.48,0.49,0.4,2026-08-29,0939,N20,nominal,2.0NRT,283.81,0.8,N
48.99977,-116.72355,306.05,0.45,0.39,2026-08-29,0939,N20,nominal,2.0NRT,283.55,1.48,N
49.00141,-116.72351,301.66,0.45,0.39,2026-08-29,0939,N20,nominal,2.0NRT,280.15,0.71,N
49.02367,-116.94103,298.99,0.46,0.39,2026-08-29,0939,N20,nominal,2.0NRT,280.32,0.99,N
49.02009,-116.94193,305.93,0.46,0.39,2026-08-29,0939,N20,nominal,2.0NRT,283.65,0.99,N
48.91753,-116.57159,299.9,0.45,0.39,2026-08-29,0939,N20,nominal,2.0NRT,284.53,1.26,N
48.91117,-116.5792,308.11,0.45,0.39,2026-08-29,0939,N20,nominal,2.0NRT,285.75,2.31,N
48.90321,-116.57334,307.16,0.45,0.39,2026-08-29,0939,N20,nominal,2.0NRT,286.08,2.4,N
48.89963,-116.57375,301.19,0.45,0.39,2026-08-29,0939,N20,nominal,2.0NRT,283.54,1.17,N
48.89832,-116.59336,324.61,0.45,0.39,2026-08-29,0939,N20,nominal,2.0NRT,285.56,1.66,N
48.89758,-116.58717,296.9,0.45,0.39,2026-08-29,0939,N20,nominal,2.0NRT,284.61,1.66,N
48.89474,-116.59377,345.75,0.45,0.39,2026-08-29,0939,N20,nominal,2.0NRT,291.62,5.41,N
48.894,-116.58757,343.73,0.45,0.39,2026-08-29,0939,N20,nominal,2.0NRT,294.6,5.41,N
48.89551,-116.60033,313.34,0.45,0.39,2026-08-29,0939,N20,nominal,2.0NRT,285.52,2.44,N
48.89196,-116.60107,320.37,0.45,0.39,2026-08-29,0939,N20,nominal,2.0NRT,288.79,2.44,N
48.89044,-116.58816,301.53,0.45,0.39,2026-08-29,0939,N20,nominal,2.0NRT,281.35,5.41,N
48.88928,-116.60931,306.69,0.45,0.39,2026-08-29,0939,N20,nominal,2.0NRT,285.48,1.18,N
48.88843,-116.60196,303.65,0.45,0.39,2026-08-29,0939,N20,nominal,2.0NRT,285.96,1.18,N
48.88574,-116.61017,311.1,0.45,0.39,2026-08-29,0939,N20,nominal,2.0NRT,286.13,1.18,N
48.88489,-116.60278,299.09,0.45,0.39,2026-08-29,0939,N20,nominal,2.0NRT,283.49,1.18,N
48.88297,-116.61755,313.77,0.45,0.39,2026-08-29,0939,N20,nominal,2.0NRT,285.53,1.54,N
48.88135,-116.60358,302.69,0.45,0.39,2026-08-29,0939,N20,nominal,2.0NRT,284.14,1.64,N
48.88017,-116.62467,309.13,0.45,0.39,2026-08-29,0939,N20,nominal,2.0NRT,283.74,1.54,N
48.87942,-116.6182,306.78,0.45,0.39,2026-08-29,0939,N20,nominal,2.0NRT,286.22,1.54,N
48.87863,-116.61141,307.19,0.45,0.39,2026-08-29,0939,N20,nominal,2.0NRT,285.99,1.64,N
48.8839,-116.61734,309.54,0.45,0.39,2026-08-29,0939,N20,nominal,2.0NRT,284.45,1.31,N
48.88308,-116.61063,297.35,0.45,0.39,2026-08-29,0939,N20,nominal,2.0NRT,285.54,1.31,N
48.88219,-116.6034,299.02,0.45,0.39,2026-08-29,0939,N20,nominal,2.0NRT,283.26,0.87,N
48.88112,-116.62441,298.81,0.45,0.39,2026-08-29,0939,N20,nominal,2.0NRT,282.92,1.02,N
48.88035,-116.61807,312.05,0.45,0.39,2026-08-29,0939,N20,nominal,2.0NRT,286.58,1.31,N
48.87952,-116.6113,304.49,0.45,0.39,2026-08-29,0939,N20,nominal,2.0NRT,286.04,1.31,N
48.87865,-116.60423,299.62,0.45,0.39,2026-08-29,0939,N20,nominal,2.0NRT,284.55,0.87,N
48.87759,-116.62537,312.07,0.45,0.39,2026-08-29,0939,N20,nominal,2.0NRT,284.85,1.33,N
48.87593,-116.61178,303.57,0.45,0.39,2026-08-29,0939,N20,nominal,2.0NRT,285.6,1.51,N
48.87402,-116.62595,299.71,0.45,0.39,2026-08-29,0939,N20,nominal,2.0NRT,284.1,1.33,N
48.87234,-116.61224,300.64,0.45,0.39,2026-08-29,0939,N20,nominal,2.0NRT,283.89,1.51,N
48.87158,-116.60592,315.74,0.45,0.39,2026-08-29,0939,N20,nominal,2.0NRT,284.53,2.38,N
48.87128,-116.63338,309,0.45,0.39,2026-08-29,0939,N20,nominal,2.0NRT,282.01,2.21,N
48.86877,-116.61275,312.27,0.45,0.39,2026-08-29,0939,N20,nominal,2.0NRT,282.41,2.3,N
48.86341,-116.62858,308.1,0.45,0.39,2026-08-29,0939,N20,nominal,2.0NRT,285.25,1.76,N
48.86247,-116.62092,295.92,0.45,0.39,2026-08-29,0939,N20,nominal,2.0NRT,282.44,0.63,N
48.85896,-116.62192,296.21,0.45,0.39,2026-08-29,0939,N20,nominal,2.0NRT,282.34,0.63,N
48.66292,-116.64079,313.18,0.45,0.39,2026-08-29,0939,N20,nominal,2.0NRT,282.69,1.63,N
48.66007,-116.64724,297.96,0.45,0.39,2026-08-29,0939,N20,nominal,2.0NRT,281.9,1.04,N
48.65938,-116.64156,304.12,0.45,0.39,2026-08-29,0939,N20,nominal,2.0NRT,283.09,1.63,N
48.65805,-116.63062,317.09,0.45,0.39,2026-08-29,0939,N20,nominal,2.0NRT,286.71,2.35,N
48.65452,-116.63149,326.77,0.45,0.39,2026-08-29,0939,N20,nominal,2.0NRT,286.92,2.62,N
48.65718,-116.65339,298.5,0.45,0.39,2026-08-29,0939,N20,nominal,2.0NRT,280.74,1.84,N
48.65651,-116.6479,313.01,0.45,0.39,2026-08-29,0939,N20,nominal,2.0NRT,285.34,1.84,N
48.65584,-116.64238,306.66,0.45,0.39,2026-08-29,0939,N20,nominal,2.0NRT,284.27,1.76,N
48.65517,-116.63686,314.64,0.45,0.39,2026-08-29,0939,N20,nominal,2.0NRT,287.08,1.76,N
48.65297,-116.64869,330.47,0.45,0.39,2026-08-29,0939,N20,nominal,2.0NRT,283.09,1.84,N
48.65364,-116.65414,299.84,0.45,0.39,2026-08-29,0939,N20,nominal,2.0NRT,280.94,1.84,N
48.65231,-116.64324,308.49,0.45,0.39,2026-08-29,0939,N20,nominal,2.0NRT,285.44,1.76,N
48.65165,-116.63777,311.85,0.45,0.39,2026-08-29,0939,N20,nominal,2.0NRT,286.56,1.76,N
48.651,-116.63243,311.33,0.45,0.39,2026-08-29,0939,N20,nominal,2.0NRT,287.32,2.62,N
48.65012,-116.6551,298.94,0.45,0.39,2026-08-29,0939,N20,nominal,2.0NRT,281.56,0.92,N
48.64814,-116.63874,295.95,0.45,0.39,2026-08-29,0939,N20,nominal,2.0NRT,283.69,1,N
48.64748,-116.63336,312.73,0.45,0.39,2026-08-29,0939,N20,nominal,2.0NRT,287.49,1.82,N
48.64683,-116.62795,308.21,0.45,0.39,2026-08-29,0939,N20,nominal,2.0NRT,284.33,1.82,N
48.6466,-116.65609,297.14,0.45,0.39,2026-08-29,0939,N20,nominal,2.0NRT,280.81,0.92,N
48.64594,-116.65066,298.86,0.45,0.39,2026-08-29,0939,N20,nominal,2.0NRT,283.64,0.92,N
48.64528,-116.6452,296.99,0.45,0.39,2026-08-29,0939,N20,nominal,2.0NRT,283.93,1,N
48.64461,-116.63966,306.41,0.45,0.39,2026-08-29,0939,N20,nominal,2.0NRT,286.63,1,N
48.64395,-116.63424,311.63,0.45,0.39,2026-08-29,0939,N20,nominal,2.0NRT,286.87,1.82,N
48.64175,-116.64606,299.11,0.45,0.39,2026-08-29,0939,N20,nominal,2.0NRT,282.77,1.06,N
48.64108,-116.6405,309.34,0.45,0.39,2026-08-29,0939,N20,nominal,2.0NRT,285.92,1.06,N
48.64042,-116.63503,314.11,0.45,0.39,2026-08-29,0939,N20,nominal,2.0NRT,286.18,1.2,N
48.63976,-116.62962,300.87,0.45,0.39,2026-08-29,0939,N20,nominal,2.0NRT,285.23,1.2,N
48.63624,-116.63053,300.13,0.45,0.39,2026-08-29,0939,N20,nominal,2.0NRT,282.98,1.2,N
48.63273,-116.63157,306.79,0.45,0.39,2026-08-29,0939,N20,nominal,2.0NRT,286.56,4.19,N
48.63208,-116.62619,297.89,0.45,0.39,2026-08-29,0939,N20,nominal,2.0NRT,284.51,1.12,N
48.62923,-116.63268,337.46,0.45,0.39,2026-08-29,0939,N20,nominal,2.0NRT,289.79,4.19,N
48.62842,-116.65604,297.06,0.45,0.39,2026-08-29,0939,N20,nominal,2.0NRT,282.93,0.97,N
48.62709,-116.645,302.97,0.45,0.39,2026-08-29,0939,N20,nominal,2.0NRT,284.75,1.31,N
48.62641,-116.63943,311.75,0.45,0.39,2026-08-29,0939,N20,nominal,2.0NRT,284.73,1.39,N
48.62493,-116.65717,297.39,0.45,0.39,2026-08-29,0939,N20,nominal,2.0NRT,283.3,0.97,N
48.62426,-116.65166,305.49,0.45,0.39,2026-08-29,0939,N20,nominal,2.0NRT,285.88,1.31,N
48.6236,-116.64626,308.55,0.45,0.39,2026-08-29,0939,N20,nominal,2.0NRT,285.32,1.31,N
48.62294,-116.64082,307.68,0.45,0.39,2026-08-29,0939,N20,nominal,2.0NRT,283.12,1.39,N
48.62076,-116.65277,329.73,0.45,0.39,2026-08-29,0939,N20,nominal,2.0NRT,288.66,3.29,N
48.62143,-116.6583,309.72,0.45,0.39,2026-08-29,0939,N20,nominal,2.0NRT,285.34,1.33,N
48.62011,-116.64743,308.66,0.45,0.39,2026-08-29,0939,N20,nominal,2.0NRT,284.99,3.29,N
48.61726,-116.65391,344.01,0.45,0.39,2026-08-29,0939,N20,nominal,2.0NRT,288.61,3.29,N
48.61861,-116.66512,302.37,0.45,0.39,2026-08-29,0939,N20,nominal,2.0NRT,283.12,1.33,N
48.61794,-116.65951,303.14,0.45,0.39,2026-08-29,0939,N20,nominal,2.0NRT,283.48,1.33,N
48.61661,-116.64851,301.93,0.45,0.39,2026-08-29,0939,N20,nominal,2.0NRT,282.83,3.29,N
48.61581,-116.67205,323.44,0.45,0.39,2026-08-29,0939,N20,nominal,2.0NRT,282.63,2.56,N
48.61513,-116.66639,298.93,0.45,0.39,2026-08-29,0939,N20,nominal,2.0NRT,281.57,0.96,N
47.8818,-113.22649,302.04,0.38,0.36,2026-08-29,0939,N20,nominal,2.0NRT,281.73,0.6,N
47.88102,-113.22144,299.56,0.38,0.36,2026-08-29,0939,N20,nominal,2.0NRT,281.22,0.6,N
47.87932,-113.23255,328.27,0.38,0.36,2026-08-29,0939,N20,nominal,2.0NRT,285.61,2.38,N
47.88009,-113.23753,315.05,0.38,0.36,2026-08-29,0939,N20,nominal,2.0NRT,284.93,2.38,N
47.87855,-113.22755,317.14,0.38,0.36,2026-08-29,0939,N20,nominal,2.0NRT,285.23,2.67,N
47.86559,-113.25456,299.88,0.38,0.36,2026-08-29,0939,N20,nominal,2.0NRT,283.51,0.75,N
47.8648,-113.24947,303.36,0.38,0.36,2026-08-29,0939,N20,nominal,2.0NRT,283.05,1.07,N
47.86235,-113.25571,311.47,0.38,0.36,2026-08-29,0939,N20,nominal,2.0NRT,285.25,0.97,N
47.86156,-113.25061,295.98,0.38,0.36,2026-08-29,0939,N20,nominal,2.0NRT,284.33,1.32,N
47.85989,-113.26194,302.67,0.38,0.36,2026-08-29,0939,N20,nominal,2.0NRT,281.87,0.97,N
47.8591,-113.25684,301.83,0.38,0.36,2026-08-29,0939,N20,nominal,2.0NRT,283.47,0.97,N
47.85586,-113.25799,302.29,0.38,0.36,2026-08-29,0939,N20,nominal,2.0NRT,283.26,0.63,N
47.85494,-113.27425,327.69,0.39,0.36,2026-08-29,0939,N20,nominal,2.0NRT,285.55,1.73,N
47.85417,-113.26922,302.53,0.38,0.36,2026-08-29,0939,N20,nominal,2.0NRT,283.22,1.73,N
47.85261,-113.2591,295.55,0.38,0.36,2026-08-29,0939,N20,nominal,2.0NRT,281.31,0.63,N
47.85182,-113.25402,301.93,0.38,0.36,2026-08-29,0939,N20,nominal,2.0NRT,282.81,1.24,N
47.85244,-113.28031,338.17,0.39,0.36,2026-08-29,0939,N20,nominal,2.0NRT,291.5,2.25,N
47.85168,-113.27531,330.98,0.39,0.36,2026-08-29,0939,N20,nominal,2.0NRT,291.63,2.14,N
47.85321,-113.28531,297.55,0.39,0.36,2026-08-29,0939,N20,nominal,2.0NRT,280.76,2.25,N
47.85091,-113.27029,317.6,0.38,0.36,2026-08-29,0939,N20,nominal,2.0NRT,287.36,2.14,N
47.84919,-113.28139,312.56,0.39,0.36,2026-08-29,0939,N20,nominal,2.0NRT,283.53,2.25,N
47.84842,-113.27638,300.74,0.39,0.36,2026-08-29,0939,N20,nominal,2.0NRT,283.83,2.14,N
47.47636,-113.04361,330.94,0.38,0.36,2026-08-29,0939,N20,nominal,2.0NRT,286.4,2.37,N
47.47557,-113.0386,307.26,0.38,0.36,2026-08-29,0939,N20,nominal,2.0NRT,283.21,2.37,N
47.47312,-113.04472,312.54,0.38,0.36,2026-08-29,0939,N20,nominal,2.0NRT,284.25,1.01,N
47.47233,-113.03973,305.33,0.38,0.36,2026-08-29,0939,N20,nominal,2.0NRT,283.83,1.01,N
47.46988,-113.04585,295.24,0.38,0.36,2026-08-29,0939,N20,nominal,2.0NRT,282.23,1.01,N
47.46742,-113.05196,297.55,0.38,0.36,2026-08-29,0939,N20,nominal,2.0NRT,283.44,0.83,N
47.46191,-113.0169,305.86,0.38,0.36,2026-08-29,0939,N20,nominal,2.0NRT,282.81,1.39,N
47.46112,-113.0119,316.61,0.38,0.36,2026-08-29,0939,N20,nominal,2.0NRT,282.32,1.39,N
47.46417,-113.05307,308.04,0.38,0.36,2026-08-29,0939,N20,nominal,2.0NRT,282.95,0.83,N
47.46339,-113.04809,296.87,0.38,0.36,2026-08-29,0939,N20,nominal,2.0NRT,282.89,0.87,N
47.4626,-113.04307,306.71,0.38,0.36,2026-08-29,0939,N20,nominal,2.0NRT,282.95,0.87,N
47.45856,-113.03916,295.05,0.38,0.36,2026-08-29,0939,N20,nominal,2.0NRT,282.76,0.6,N
47.45778,-113.03415,297.95,0.38,0.36,2026-08-29,0939,N20,nominal,2.0NRT,283.08,0.6,N
47.42789,-113.01801,298.49,0.38,0.36,2026-08-29,0939,N20,nominal,2.0NRT,279.98,0.58,N
47.42017,-113.09978,297.72,0.38,0.36,2026-08-29,0939,N20,nominal,2.0NRT,279.96,0.84,N
47.41312,-113.0547,305.6,0.38,0.36,2026-08-29,0939,N20,nominal,2.0NRT,282.89,1.8,N
47.41927,-113.11591,299.1,0.38,0.36,2026-08-29,0939,N20,nominal,2.0NRT,279.77,0.9,N
47.40975,-113.0778,300.29,0.38,0.36,2026-08-29,0939,N20,nominal,2.0NRT,281.36,0.85,N
47.40739,-113.06281,309.07,0.38,0.36,2026-08-29,0939,N20,nominal,2.0NRT,284.23,0.95,N
47.4066,-113.0578,309.25,0.38,0.36,2026-08-29,0939,N20,nominal,2.0NRT,283.95,0.95,N
47.40651,-113.07892,295.64,0.38,0.36,2026-08-29,0939,N20,nominal,2.0NRT,280.33,0.85,N
47.40493,-113.06892,296.68,0.38,0.36,2026-08-29,0939,N20,nominal,2.0NRT,280.16,1.28,N
47.40415,-113.06391,297.71,0.38,0.36,2026-08-29,0939,N20,nominal,2.0NRT,280.97,0.95,N
47.39608,-113.05613,334.18,0.38,0.36,2026-08-29,0939,N20,nominal,2.0NRT,285.69,6.95,N
47.40002,-113.08114,301.89,0.38,0.36,2026-08-29,0939,N20,nominal,2.0NRT,281.36,1.08,N
47.39845,-113.07114,298.61,0.38,0.36,2026-08-29,0939,N20,nominal,2.0NRT,281.57,0.99,N
47.39766,-113.06613,297.48,0.38,0.36,2026-08-29,0939,N20,nominal,2.0NRT,282.06,1.69,N
47.39687,-113.06113,317,0.38,0.36,2026-08-29,0939,N20,nominal,2.0NRT,285.63,1.69,N
47.39362,-113.06224,353.93,0.38,0.36,2026-08-29,0939,N20,nominal,2.0NRT,295.15,6.36,N
47.39283,-113.05724,327.02,0.38,0.36,2026-08-29,0939,N20,nominal,2.0NRT,286.17,3.13,N
47.39598,-113.07725,298.56,0.38,0.36,2026-08-29,0939,N20,nominal,2.0NRT,281.52,1.2,N
47.3952,-113.07224,312.57,0.38,0.36,2026-08-29,0939,N20,nominal,2.0NRT,282.84,1.2,N
47.39441,-113.06724,319.12,0.38,0.36,2026-08-29,0939,N20,nominal,2.0NRT,285.44,6.36,N
47.39352,-113.08334,299.56,0.38,0.36,2026-08-29,0939,N20,nominal,2.0NRT,278.95,0.94,N
47.39273,-113.07835,308.8,0.38,0.36,2026-08-29,0939,N20,nominal,2.0NRT,281.41,1.2,N
48.04392,-120.51444,311.27,0.41,0.45,2026-08-29,0939,N20,nominal,2.0NRT,268.73,1.31,N
47.91469,-120.59321,298.6,0.41,0.45,2026-08-29,0939,N20,nominal,2.0NRT,271.44,1.14,N
47.90969,-120.58356,313.39,0.41,0.45,2026-08-29,0939,N20,nominal,2.0NRT,275.21,2.57,N
47.90923,-120.57833,304.31,0.41,0.45,2026-08-29,0939,N20,nominal,2.0NRT,274.8,1.6,N
47.90748,-120.60645,301.46,0.41,0.45,2026-08-29,0939,N20,nominal,2.0NRT,271.57,1.25,N
47.907,-120.60087,303.82,0.41,0.45,2026-08-29,0939,N20,nominal,2.0NRT,272.66,1.27,N
47.90342,-120.60781,301.77,0.41,0.45,2026-08-29,0939,N20,nominal,2.0NRT,272.09,1.25,N
47.90294,-120.6021,298.82,0.41,0.45,2026-08-29,0939,N20,nominal,2.0NRT,272.46,1.27,N
47.89616,-120.6206,305.77,0.41,0.45,2026-08-29,0939,N20,nominal,2.0NRT,270.92,0.96,N
47.88887,-120.56577,304.05,0.41,0.45,2026-08-29,0939,N20,nominal,2.0NRT,271.47,1.77,N
47.8839,-120.55684,296.95,0.41,0.45,2026-08-29,0939,N20,nominal,2.0NRT,266.37,1.05,N
47.86724,-120.51064,296.67,0.4,0.45,2026-08-29,0939,N20,nominal,2.0NRT,266.65,0.76,N
47.84715,-120.56491,316.82,0.41,0.45,2026-08-29,0939,N20,nominal,2.0NRT,266.15,1.36,N
47.84312,-120.56647,303.81,0.41,0.45,2026-08-29,0939,N20,nominal,2.0NRT,264.6,1.36,N
46.90426,-114.02116,295.69,0.39,0.36,2026-08-29,0939,N20,nominal,2.0NRT,283.69,0.35,N
46.82063,-115.15404,305.86,0.4,0.37,2026-08-29,0939,N20,nominal,2.0NRT,283.35,0.99,N
46.81991,-115.14893,318.28,0.4,0.37,2026-08-29,0939,N20,nominal,2.0NRT,287.27,1.55,N
46.8192,-115.14388,297.55,0.4,0.37,2026-08-29,0939,N20,nominal,2.0NRT,283.91,1.55,N
46.81731,-115.15504,299.87,0.4,0.37,2026-08-29,0939,N20,nominal,2.0NRT,283.05,0.8,N
46.81398,-115.15601,300.39,0.4,0.37,2026-08-29,0939,N20,nominal,2.0NRT,283.78,0.8,N
46.81327,-115.15091,295.63,0.4,0.37,2026-08-29,0939,N20,nominal,2.0NRT,282.13,0.57,N
46.81367,-115.17844,309.02,0.4,0.37,2026-08-29,0939,N20,nominal,2.0NRT,280.68,1.39,N
46.81137,-115.16207,299.03,0.4,0.37,2026-08-29,0939,N20,nominal,2.0NRT,281.35,0.75,N
46.81065,-115.15694,296.03,0.4,0.37,2026-08-29,0939,N20,nominal,2.0NRT,282.7,0.75,N
46.81035,-115.17944,316.17,0.4,0.37,2026-08-29,0939,N20,nominal,2.0NRT,284.55,1.39,N
46.80472,-115.16399,307.33,0.4,0.37,2026-08-29,0939,N20,nominal,2.0NRT,284.76,1.66,N
46.79699,-115.18293,297.91,0.4,0.37,2026-08-29,0939,N20,nominal,2.0NRT,281.49,1.11,N
46.79437,-115.18893,295.55,0.4,0.37,2026-08-29,0939,N20,nominal,2.0NRT,279.43,0.79,N
46.79363,-115.18365,303.67,0.4,0.37,2026-08-29,0939,N20,nominal,2.0NRT,281.54,0.79,N
46.49108,-115.40701,311.21,0.4,0.37,2026-08-29,0939,N20,nominal,2.0NRT,284.18,1.56,N
46.48567,-115.39317,297.68,0.4,0.37,2026-08-29,0939,N20,nominal,2.0NRT,281.91,0.49,N
46.48496,-115.38807,301.7,0.4,0.37,2026-08-29,0939,N20,nominal,2.0NRT,282.63,0.5,N
46.47701,-115.40558,303.23,0.4,0.37,2026-08-29,0939,N20,nominal,2.0NRT,284.75,1.04,N
46.46964,-115.40253,301.46,0.4,0.37,2026-08-29,0939,N20,nominal,2.0NRT,284.1,0.84,N
46.46897,-115.39773,306.92,0.4,0.37,2026-08-29,0939,N20,nominal,2.0NRT,284.12,0.84,N
46.15944,-113.93326,318.16,0.38,0.36,2026-08-29,0939,N20,nominal,2.0NRT,258.42,1.04,N
46.15868,-113.92832,301.58,0.38,0.36,2026-08-29,0939,N20,nominal,2.0NRT,257.22,1.04,N
46.15564,-113.90856,297.66,0.38,0.36,2026-08-29,0939,N20,nominal,2.0NRT,253.52,0.54,N
46.15617,-113.93423,296.34,0.38,0.36,2026-08-29,0939,N20,nominal,2.0NRT,257.31,1.04,N
46.10583,-113.6317,311.61,0.38,0.36,2026-08-29,0939,N20,nominal,2.0NRT,270.52,1.41,N
46.30726,-115.04637,299.25,0.39,0.37,2026-08-29,0939,N20,nominal,2.0NRT,281.65,0.56,N
46.30397,-115.04749,298.05,0.39,0.37,2026-08-29,0939,N20,nominal,2.0NRT,282.54,1.23,N
46.28415,-115.04558,311,0.39,0.37,2026-08-29,0939,N20,nominal,2.0NRT,282.66,2.32,N
46.28085,-115.0466,324.08,0.39,0.37,2026-08-29,0939,N20,nominal,2.0NRT,284.92,2.32,N
46.28011,-115.04147,324.32,0.39,0.36,2026-08-29,0939,N20,nominal,2.0NRT,287.44,2.32,N
46.27755,-115.04765,297.1,0.39,0.37,2026-08-29,0939,N20,nominal,2.0NRT,281.19,0.45,N
46.27682,-115.04253,295.99,0.39,0.36,2026-08-29,0939,N20,nominal,2.0NRT,282.07,0.45,N
46.27079,-115.09657,296.8,0.39,0.37,2026-08-29,0939,N20,nominal,2.0NRT,281.25,0.78,N
46.26233,-115.1097,331.86,0.4,0.37,2026-08-29,0939,N20,nominal,2.0NRT,283.69,3.2,N
46.26161,-115.1047,298.59,0.39,0.37,2026-08-29,0939,N20,nominal,2.0NRT,283.43,1.4,N
46.25905,-115.11092,329.73,0.4,0.37,2026-08-29,0939,N20,nominal,2.0NRT,285.05,3.34,N
46.25834,-115.10586,304.68,0.39,0.37,2026-08-29,0939,N20,nominal,2.0NRT,284.86,1.56,N
46.25689,-115.09576,307.99,0.39,0.37,2026-08-29,0939,N20,nominal,2.0NRT,285.33,1.61,N
46.25616,-115.09072,304.25,0.39,0.37,2026-08-29,0939,N20,nominal,2.0NRT,283.62,1.61,N
46.25287,-115.09183,329.83,0.39,0.37,2026-08-29,0939,N20,nominal,2.0NRT,287.87,1.61,N
46.25359,-115.09686,312.21,0.39,0.37,2026-08-29,0939,N20,nominal,2.0NRT,286.46,1.61,N
46.11158,-114.82117,297.32,0.39,0.36,2026-08-29,0939,N20,nominal,2.0NRT,281.74,0.43,N
46.10831,-114.82233,314.1,0.39,0.36,2026-08-29,0939,N20,nominal,2.0NRT,283.08,1.59,N
46.13163,-115.07833,306.05,0.39,0.36,2026-08-29,0939,N20,nominal,2.0NRT,286.34,1.24,N
46.12835,-115.07945,315.97,0.39,0.36,2026-08-29,0939,N20,nominal,2.0NRT,285.37,1.24,N
46.11592,-115.04095,298.5,0.39,0.36,2026-08-29,0939,N20,nominal,2.0NRT,285.3,0.6,N
46.1184,-115.08221,302.27,0.39,0.36,2026-08-29,0939,N20,nominal,2.0NRT,286.63,0.6,N
46.11771,-115.07743,300.92,0.39,0.36,2026-08-29,0939,N20,nominal,2.0NRT,285.72,0.6,N
46.08579,-115.07117,296.92,0.39,0.36,2026-08-29,0939,N20,nominal,2.0NRT,285.4,0.37,N
46.0916,-115.18446,296.39,0.4,0.37,2026-08-29,0939,N20,nominal,2.0NRT,285.62,1.01,N
46.08761,-115.18073,309.08,0.4,0.37,2026-08-29,0939,N20,nominal,2.0NRT,286.65,1.01,N
46.08691,-115.17584,298.67,0.4,0.37,2026-08-29,0939,N20,nominal,2.0NRT,285.83,0.8,N
46.07977,-115.12563,297.33,0.39,0.37,2026-08-29,0939,N20,nominal,2.0NRT,286.01,0.33,N
46.08508,-115.17778,303.34,0.4,0.37,2026-08-29,0939,N20,nominal,2.0NRT,286.81,1.36,N
46.07784,-115.12747,302.8,0.39,0.37,2026-08-29,0939,N20,nominal,2.0NRT,286.13,0.78,N
45.84877,-114.56709,297.45,0.39,0.36,2026-08-29,0939,N20,nominal,2.0NRT,277.79,0.89,N
45.61344,-113.14637,299.88,0.38,0.36,2026-08-29,0939,N20,nominal,2.0NRT,281.39,1.31,N
45.61097,-113.15223,304.81,0.38,0.36,2026-08-29,0939,N20,nominal,2.0NRT,282.1,1.07,N
45.61019,-113.14741,304.28,0.38,0.36,2026-08-29,0939,N20,nominal,2.0NRT,282.31,1.2,N
45.72603,-114.63805,325.4,0.39,0.36,2026-08-29,0939,N20,nominal,2.0NRT,272.29,3.03,N
45.72276,-114.63905,334.34,0.39,0.36,2026-08-29,0939,N20,nominal,2.0NRT,269.77,3.03,N
45.52549,-113.366,299.57,0.38,0.36,2026-08-29,0939,N20,nominal,2.0NRT,283.25,0.89,N
45.72168,-114.65485,297.53,0.39,0.36,2026-08-29,0939,N20,nominal,2.0NRT,268.19,0.55,N
45.72022,-114.64496,306.37,0.39,0.36,2026-08-29,0939,N20,nominal,2.0NRT,264.92,1.73,N
45.99984,-117.96558,296.85,0.46,0.39,2026-08-29,0939,N20,nominal,2.0NRT,280.98,0.29,N
45.99409,-117.94831,310.42,0.46,0.39,2026-08-29,0939,N20,nominal,2.0NRT,280.66,0.75,N
45.99049,-117.94898,297.67,0.46,0.39,2026-08-29,0939,N20,nominal,2.0NRT,279.65,0.75,N
45.98332,-117.95055,304.15,0.46,0.39,2026-08-29,0939,N20,nominal,2.0NRT,280.11,1.17,N
45.97841,-117.97116,301.14,0.46,0.39,2026-08-29,0939,N20,nominal,2.0NRT,280.91,1.29,N
45.97123,-117.97275,301.61,0.46,0.39,2026-08-29,0939,N20,nominal,2.0NRT,281.38,0.97,N
45.96483,-117.98087,295.9,0.46,0.39,2026-08-29,0939,N20,nominal,2.0NRT,281.76,1.26,N
45.96407,-117.9744,300.05,0.46,0.39,2026-08-29,0939,N20,nominal,2.0NRT,281.87,0.78,N
45.96049,-117.97525,298.64,0.46,0.39,2026-08-29,0939,N20,nominal,2.0NRT,281.33,0.98,N
45.64075,-118.26292,295.35,0.47,0.4,2026-08-29,0939,N20,nominal,2.0NRT,281.79,0.52,N
45.59562,-118.23074,344.39,0.47,0.39,2026-08-29,0939,N20,nominal,2.0NRT,289.19,11.01,N
45.59494,-118.225,340.22,0.47,0.39,2026-08-29,0939,N20,nominal,2.0NRT,288.14,4.59,N
45.59425,-118.21914,306.91,0.47,0.39,2026-08-29,0939,N20,nominal,2.0NRT,281.81,4.59,N
41.41975,-99.12055,350.8,0.55,0.68,2026-08-29,0939,N20,nominal,2.0NRT,289.52,9.23,N
45.64512,-120.21439,301.28,0.56,0.43,2026-08-29,0939,N20,nominal,2.0NRT,286.73,1.45,N
44.86908,-118.21854,297.26,0.46,0.39,2026-08-29,0941,N20,nominal,2.0NRT,280.97,1.09,N
44.85777,-118.21596,298.92,0.46,0.39,2026-08-29,0941,N20,nominal,2.0NRT,282.81,0.96,N
44.85713,-118.21055,312.24,0.46,0.39,2026-08-29,0941,N20,nominal,2.0NRT,282.52,1.73,N
44.85642,-118.20448,299.4,0.46,0.39,2026-08-29,0941,N20,nominal,2.0NRT,281.79,1.73,N
44.85756,-118.2454,301.91,0.46,0.39,2026-08-29,0941,N20,nominal,2.0NRT,280.45,0.51,N
44.85421,-118.21682,303.57,0.46,0.39,2026-08-29,0941,N20,nominal,2.0NRT,282.86,0.96,N
44.85619,-118.21626,306.18,0.46,0.39,2026-08-29,0941,N20,nominal,2.0NRT,283.3,1.96,N
44.85554,-118.21085,309.7,0.46,0.39,2026-08-29,0941,N20,nominal,2.0NRT,282.8,1.96,N
44.85482,-118.20495,307,0.46,0.39,2026-08-29,0941,N20,nominal,2.0NRT,283.2,1.3,N
44.86306,-118.30333,308.66,0.46,0.39,2026-08-29,0941,N20,nominal,2.0NRT,280.82,1.58,N
44.85609,-118.24568,303.54,0.46,0.39,2026-08-29,0941,N20,nominal,2.0NRT,280.93,0.8,N
44.85198,-118.21175,298.24,0.46,0.39,2026-08-29,0941,N20,nominal,2.0NRT,282.42,1.08,N
44.83997,-118.20339,323.47,0.46,0.39,2026-08-29,0941,N20,nominal,2.0NRT,283.69,4.15,N
44.83921,-118.19715,309.74,0.46,0.39,2026-08-29,0941,N20,nominal,2.0NRT,284.42,2.42,N
44.83707,-118.2097,323.84,0.46,0.39,2026-08-29,0941,N20,nominal,2.0NRT,285.48,2.66,N
44.83643,-118.20438,325.63,0.46,0.39,2026-08-29,0941,N20,nominal,2.0NRT,285.04,2.66,N
44.83354,-118.21081,318.12,0.46,0.39,2026-08-29,0941,N20,nominal,2.0NRT,285.15,2.66,N
44.83274,-118.23462,299.24,0.46,0.39,2026-08-29,0941,N20,nominal,2.0NRT,282.83,2.13,N
44.8307,-118.21767,300.44,0.46,0.39,2026-08-29,0941,N20,nominal,2.0NRT,283.74,1.23,N
44.83002,-118.21204,297,0.46,0.39,2026-08-29,0941,N20,nominal,2.0NRT,283.21,0.69,N
44.8292,-118.23564,324.48,0.46,0.39,2026-08-29,0941,N20,nominal,2.0NRT,287.31,2.13,N
44.83061,-118.24735,299.44,0.46,0.39,2026-08-29,0941,N20,nominal,2.0NRT,282.31,0.86,N
44.82991,-118.24155,297.06,0.46,0.39,2026-08-29,0941,N20,nominal,2.0NRT,284.03,0.86,N
44.83506,-118.31512,295.44,0.46,0.39,2026-08-29,0941,N20,nominal,2.0NRT,281.66,0.58,N
44.82703,-118.24812,300.29,0.46,0.39,2026-08-29,0941,N20,nominal,2.0NRT,283.08,1.12,N
44.82954,-118.29971,305.96,0.46,0.39,2026-08-29,0941,N20,nominal,2.0NRT,283.66,1.61,N
44.82889,-118.29424,314.2,0.46,0.39,2026-08-29,0941,N20,nominal,2.0NRT,285.47,2.39,N
44.82754,-118.28295,310.17,0.46,0.39,2026-08-29,0941,N20,nominal,2.0NRT,285.66,1.62,N
44.82278,-118.24328,307.42,0.46,0.39,2026-08-29,0941,N20,nominal,2.0NRT,284.34,1.12,N
44.82399,-118.28403,332.5,0.46,0.39,2026-08-29,0941,N20,nominal,2.0NRT,290.41,2.93,N
44.8233,-118.27826,320.28,0.46,0.39,2026-08-29,0941,N20,nominal,2.0NRT,285.76,2.93,N
44.82533,-118.2952,316.1,0.46,0.39,2026-08-29,0941,N20,nominal,2.0NRT,287.88,3.3,N
44.82467,-118.28968,312.96,0.46,0.39,2026-08-29,0941,N20,nominal,2.0NRT,288.89,3.3,N
44.81921,-118.24406,295.58,0.46,0.39,2026-08-29,0941,N20,nominal,2.0NRT,282.81,0.98,N
44.82111,-118.29065,346.22,0.46,0.39,2026-08-29,0941,N20,nominal,2.0NRT,289.1,3.3,N
44.81701,-118.25629,332.12,0.46,0.39,2026-08-29,0941,N20,nominal,2.0NRT,286.56,3.99,N
44.82177,-118.29619,297.71,0.46,0.39,2026-08-29,0941,N20,nominal,2.0NRT,281.76,3.3,N
44.82045,-118.28508,303.5,0.46,0.39,2026-08-29,0941,N20,nominal,2.0NRT,284.45,2.93,N
44.81907,-118.27355,295.62,0.46,0.39,2026-08-29,0941,N20,nominal,2.0NRT,284,0.71,N
44.81631,-118.25056,298.25,0.46,0.39,2026-08-29,0941,N20,nominal,2.0NRT,283.8,0.98,N
44.81554,-118.27485,304.87,0.46,0.39,2026-08-29,0941,N20,nominal,2.0NRT,285.09,3.69,N
44.81486,-118.26907,295.35,0.46,0.39,2026-08-29,0941,N20,nominal,2.0NRT,284.71,3.69,N
44.81419,-118.26344,299.05,0.46,0.39,2026-08-29,0941,N20,nominal,2.0NRT,285.29,2.77,N
44.81349,-118.25764,301.04,0.46,0.39,2026-08-29,0941,N20,nominal,2.0NRT,284.2,2.77,N
44.81279,-118.25173,314.49,0.46,0.39,2026-08-29,0941,N20,nominal,2.0NRT,285.94,2.34,N
44.81134,-118.27036,337.81,0.46,0.39,2026-08-29,0941,N20,nominal,2.0NRT,289.28,3.69,N
44.81066,-118.2647,337.05,0.46,0.39,2026-08-29,0941,N20,nominal,2.0NRT,290.55,2.77,N
44.80997,-118.2589,307.26,0.46,0.39,2026-08-29,0941,N20,nominal,2.0NRT,284.92,2.77,N
44.54096,-117.42033,302.64,0.43,0.38,2026-08-29,0941,N20,nominal,2.0NRT,287.23,1.03,N
44.54352,-117.42097,300.76,0.43,0.38,2026-08-29,0941,N20,nominal,2.0NRT,287.18,1.14,N
43.84444,-115.58782,338.38,0.39,0.36,2026-08-29,0941,N20,nominal,2.0NRT,288.46,5.67,N
43.84118,-115.58887,328.06,0.39,0.36,2026-08-29,0941,N20,nominal,2.0NRT,287.06,2.57,N
43.84048,-115.58415,304.63,0.39,0.36,2026-08-29,0941,N20,nominal,2.0NRT,284.44,1.76,N
43.83791,-115.58991,324.11,0.39,0.36,2026-08-29,0941,N20,nominal,2.0NRT,285.73,2.57,N
43.83392,-115.58613,320.31,0.39,0.36,2026-08-29,0941,N20,nominal,2.0NRT,285.02,1.54,N
43.83134,-115.59181,299.61,0.39,0.36,2026-08-29,0941,N20,nominal,2.0NRT,284.06,1.03,N
43.83063,-115.58706,307.22,0.39,0.36,2026-08-29,0941,N20,nominal,2.0NRT,285.34,1.54,N
43.82804,-115.59277,341.59,0.39,0.36,2026-08-29,0941,N20,nominal,2.0NRT,287.63,2.09,N
43.82735,-115.58801,330.12,0.39,0.36,2026-08-29,0941,N20,nominal,2.0NRT,289.27,4.72,N
43.82406,-115.58896,347.76,0.39,0.36,2026-08-29,0941,N20,nominal,2.0NRT,290.97,4.72,N
43.82547,-115.59855,297.4,0.39,0.36,2026-08-29,0941,N20,nominal,2.0NRT,283.58,2.09,N
43.82476,-115.59375,309.33,0.39,0.36,2026-08-29,0941,N20,nominal,2.0NRT,285.6,2.09,N
43.82335,-115.58411,308.57,0.39,0.36,2026-08-29,0941,N20,nominal,2.0NRT,286.96,4.72,N
43.82263,-115.57922,302.48,0.39,0.36,2026-08-29,0941,N20,nominal,2.0NRT,285.71,0.96,N
43.82219,-115.59957,345.74,0.39,0.36,2026-08-29,0941,N20,nominal,2.0NRT,287.31,3.67,N
43.82148,-115.59475,340.1,0.39,0.36,2026-08-29,0941,N20,nominal,2.0NRT,289.24,3.67,N
43.82078,-115.58993,339.49,0.39,0.36,2026-08-29,0941,N20,nominal,2.0NRT,289.92,4.75,N
43.82006,-115.58505,303.51,0.39,0.36,2026-08-29,0941,N20,nominal,2.0NRT,286.92,4.75,N
43.81934,-115.58018,314.15,0.39,0.36,2026-08-29,0941,N20,nominal,2.0NRT,285.27,1.17,N
43.8182,-115.59576,331.75,0.39,0.36,2026-08-29,0941,N20,nominal,2.0NRT,290.75,3.67,N
43.8175,-115.59093,347.98,0.39,0.36,2026-08-29,0941,N20,nominal,2.0NRT,292.03,4.75,N
43.81892,-115.60059,297.8,0.39,0.36,2026-08-29,0941,N20,nominal,2.0NRT,285.33,3.67,N
43.81635,-115.60643,335.64,0.39,0.36,2026-08-29,0941,N20,nominal,2.0NRT,287.62,2.99,N
43.81564,-115.60158,299.36,0.39,0.36,2026-08-29,0941,N20,nominal,2.0NRT,286.15,0.93,N
43.81493,-115.59677,311.83,0.39,0.36,2026-08-29,0941,N20,nominal,2.0NRT,287.71,0.93,N
43.81422,-115.59193,304.12,0.39,0.36,2026-08-29,0941,N20,nominal,2.0NRT,286.8,1.84,N
43.81306,-115.60744,324.92,0.39,0.36,2026-08-29,0941,N20,nominal,2.0NRT,287.45,2.99,N
43.81236,-115.60259,299.89,0.39,0.36,2026-08-29,0941,N20,nominal,2.0NRT,287.13,0.93,N
43.81165,-115.59779,303.14,0.39,0.36,2026-08-29,0941,N20,nominal,2.0NRT,287.41,0.93,N
43.80978,-115.60845,330.28,0.39,0.36,2026-08-29,0941,N20,nominal,2.0NRT,288.17,5.37,N
43.80907,-115.60359,301.7,0.39,0.36,2026-08-29,0941,N20,nominal,2.0NRT,286.82,1.05,N
43.80836,-115.59875,305.96,0.39,0.36,2026-08-29,0941,N20,nominal,2.0NRT,286.59,1.05,N
43.8065,-115.60945,347.59,0.39,0.36,2026-08-29,0941,N20,nominal,2.0NRT,289.62,5.37,N
43.80579,-115.60458,313.01,0.39,0.36,2026-08-29,0941,N20,nominal,2.0NRT,288.25,1.05,N
43.80508,-115.59974,296.5,0.39,0.36,2026-08-29,0941,N20,nominal,2.0NRT,284.99,1.05,N
43.80251,-115.60558,367,0.39,0.36,2026-08-29,0941,N20,high,2.0NRT,295.25,7.79,N
43.80322,-115.61044,300.55,0.39,0.36,2026-08-29,0941,N20,nominal,2.0NRT,284.34,3.08,N
43.8018,-115.60075,306.8,0.39,0.36,2026-08-29,0941,N20,nominal,2.0NRT,285.93,7.79,N
43.79992,-115.61137,329.92,0.39,0.36,2026-08-29,0941,N20,nominal,2.0NRT,285.97,3.08,N
43.79922,-115.60655,351.16,0.39,0.36,2026-08-29,0941,N20,nominal,2.0NRT,293.86,7.79,N
43.79852,-115.60176,299.65,0.39,0.36,2026-08-29,0941,N20,nominal,2.0NRT,285.88,7.79,N
43.79782,-115.59699,297.66,0.39,0.36,2026-08-29,0941,N20,nominal,2.0NRT,285.68,0.84,N
43.79663,-115.61232,336.51,0.39,0.36,2026-08-29,0941,N20,nominal,2.0NRT,290.15,9.32,N
43.79593,-115.60752,334.73,0.39,0.36,2026-08-29,0941,N20,nominal,2.0NRT,288.98,10.24,N
43.79523,-115.60271,326.61,0.39,0.36,2026-08-29,0941,N20,nominal,2.0NRT,288.34,10.24,N
43.79453,-115.59795,304.59,0.39,0.36,2026-08-29,0941,N20,nominal,2.0NRT,286.29,2.63,N
43.79264,-115.60847,344.92,0.39,0.36,2026-08-29,0941,N20,nominal,2.0NRT,288.84,10.24,N
43.79194,-115.60367,350.28,0.39,0.36,2026-08-29,0941,N20,nominal,2.0NRT,301.76,10.24,N
43.78865,-115.60461,298.93,0.39,0.36,2026-08-29,0941,N20,nominal,2.0NRT,283.16,0.72,N
43.18058,-115.73186,312.28,0.39,0.36,2026-08-29,0941,N20,nominal,2.0NRT,286.33,0.97,N
43.14705,-115.66722,312.76,0.39,0.36,2026-08-29,0941,N20,nominal,2.0NRT,287.28,1.42,N
19.41547,-155.27193,344.72,0.63,0.54,2026-08-29,1130,N20,nominal,2.0NRT,309.27,11.23,N
19.4161,-155.2778,317.16,0.63,0.54,2026-08-29,1130,N20,nominal,2.0NRT,290.89,11.23,N
19.41114,-155.27847,326.5,0.63,0.54,2026-08-29,1130,N20,nominal,2.0NRT,293.12,11.23,N
48.89513,-116.59814,296.67,0.69,0.74,2026-08-29,1119,N20,nominal,2.0NRT,281.07,1.67,N
19.4105,-155.27257,344.45,0.63,0.54,2026-08-29,1130,N20,nominal,2.0NRT,310.8,11.23,N
48.89293,-116.59229,301.16,0.69,0.74,2026-08-29,1119,N20,nominal,2.0NRT,281.53,1.67,N
19.41236,-155.28987,303.78,0.63,0.54,2026-08-29,1130,N20,nominal,2.0NRT,289.14,3.98,N
48.89055,-116.60694,297.41,0.69,0.74,2026-08-29,1119,N20,nominal,2.0NRT,281.75,3.86,N
19.40986,-155.26657,306.32,0.63,0.54,2026-08-29,1130,N20,nominal,2.0NRT,294.67,4.14,N
48.88898,-116.60278,297.96,0.69,0.74,2026-08-29,1119,N20,nominal,2.0NRT,282.67,3.3,N
19.40741,-155.29071,331.05,0.63,0.54,2026-08-29,1130,N20,nominal,2.0NRT,294.95,6.78,N
48.88622,-116.61641,321,0.68,0.74,2026-08-29,1119,N20,nominal,2.0NRT,281.92,3.86,N
19.4068,-155.28505,323.9,0.63,0.54,2026-08-29,1130,N20,nominal,2.0NRT,294.18,6.78,N
48.88065,-116.62257,301.36,0.68,0.74,2026-08-29,1119,N20,nominal,2.0NRT,282.39,2.95,N
48.86886,-116.63317,312.65,0.68,0.74,2026-08-29,1119,N20,nominal,2.0NRT,280.57,4.22,N
19.40617,-155.27917,339.97,0.63,0.54,2026-08-29,1130,N20,nominal,2.0NRT,305.56,8.42,N
48.86492,-116.63179,304.6,0.69,0.74,2026-08-29,1119,N20,nominal,2.0NRT,281.14,4.5,N
19.40553,-155.27319,317.45,0.63,0.54,2026-08-29,1130,N20,nominal,2.0NRT,296.99,8.42,N
48.86318,-116.62714,299.35,0.69,0.74,2026-08-29,1119,N20,nominal,2.0NRT,281.73,3.14,N
19.40183,-155.28571,329.99,0.63,0.54,2026-08-29,1130,N20,nominal,2.0NRT,295.83,6.78,N
48.66039,-116.64101,301.72,0.7,0.75,2026-08-29,1119,N20,nominal,2.0NRT,280.23,2.38,N
19.4012,-155.27974,322.87,0.63,0.54,2026-08-29,1130,N20,nominal,2.0NRT,296.47,8.42,N
47.45448,-121.24119,303.06,0.5,0.66,2026-08-29,1119,N20,nominal,2.0NRT,277.71,1.72,N
19.40244,-155.29144,305.22,0.63,0.54,2026-08-29,1130,N20,nominal,2.0NRT,290.08,6.78,N
47.45269,-121.23579,295.89,0.5,0.66,2026-08-29,1119,N20,nominal,2.0NRT,277.94,1.72,N
19.41469,-155.2726,353.51,0.63,0.54,2026-08-29,1130,N20,nominal,2.0NRT,316.3,23.27,N
47.457,-121.2382,297.9,0.5,0.66,2026-08-29,1119,N20,nominal,2.0NRT,279.43,2.46,N
19.41536,-155.27844,305.52,0.63,0.54,2026-08-29,1130,N20,nominal,2.0NRT,288.8,5.92,N
47.45486,-121.23164,299.21,0.5,0.66,2026-08-29,1119,N20,nominal,2.0NRT,278.27,1.85,N
19.40972,-155.27322,346.13,0.63,0.54,2026-08-29,1130,N20,nominal,2.0NRT,308.17,8.18,N
45.03381,-122.05486,321.51,0.55,0.68,2026-08-29,1121,N20,nominal,2.0NRT,281.3,5.49,N
19.41171,-155.29048,302.89,0.63,0.54,2026-08-29,1130,N20,nominal,2.0NRT,288.65,8.03,N
45.03572,-122.06059,319.89,0.55,0.68,2026-08-29,1121,N20,nominal,2.0NRT,276.12,5.05,N
45.0108,-122.0067,297.54,0.56,0.68,2026-08-29,1121,N20,nominal,2.0NRT,278.12,1.81,N
19.41106,-155.28487,304.52,0.63,0.54,2026-08-29,1130,N20,nominal,2.0NRT,290.41,7.77,N
45.03537,-122.0555,326.07,0.55,0.68,2026-08-29,1121,N20,nominal,2.0NRT,282.27,5.82,N
19.4104,-155.27911,315.1,0.63,0.54,2026-08-29,1130,N20,nominal,2.0NRT,291.65,7.77,N
19.40904,-155.26723,306.61,0.62,0.54,2026-08-29,1130,N20,nominal,2.0NRT,294.92,8.18,N
19.40676,-155.29131,329.59,0.63,0.54,2026-08-29,1130,N20,nominal,2.0NRT,294.77,8.03,N
19.40611,-155.28566,326.69,0.63,0.54,2026-08-29,1130,N20,nominal,2.0NRT,295.65,7.77,N
19.40544,-155.27982,344.04,0.63,0.54,2026-08-29,1130,N20,nominal,2.0NRT,307.72,7.77,N
19.40476,-155.27385,323.3,0.63,0.54,2026-08-29,1130,N20,nominal,2.0NRT,300,8.18,N
19.40114,-155.28627,317.15,0.63,0.54,2026-08-29,1130,N20,nominal,2.0NRT,292.19,4.35,N
19.40046,-155.28033,313.72,0.63,0.54,2026-08-29,1130,N20,nominal,2.0NRT,291.94,4.35,N
17.96626,-66.04279,352.47,0.41,0.37,2026-08-29,1737,N20,low,2.0NRT,300.34,29.37,D
17.90698,-71.31007,332.53,0.51,0.49,2026-08-29,1737,N20,nominal,2.0NRT,300.36,2.01,D
18.2628,-70.50658,330.77,0.45,0.47,2026-08-29,1737,N20,low,2.0NRT,303.71,3.68,D
18.3108,-70.36642,342.29,0.44,0.46,2026-08-29,1737,N20,nominal,2.0NRT,302.73,8.09,D
18.07168,-71.60825,341.8,0.53,0.5,2026-08-29,1737,N20,nominal,2.0NRT,301.04,11.55,D
18.07085,-71.66084,346.26,0.53,0.5,2026-08-29,1737,N20,nominal,2.0NRT,301.62,10.46,D
18.06984,-71.66602,334.47,0.54,0.5,2026-08-29,1737,N20,nominal,2.0NRT,299.91,7.34,D
18.08864,-71.64272,330.59,0.53,0.5,2026-08-29,1737,N20,low,2.0NRT,300.95,3.59,D
18.34237,-70.50065,330.58,0.45,0.47,2026-08-29,1737,N20,low,2.0NRT,301.94,2.15,D
18.24703,-71.18,341.52,0.49,0.49,2026-08-29,1737,N20,nominal,2.0NRT,300.01,3.87,D
18.24623,-71.17811,339.82,0.49,0.49,2026-08-29,1737,N20,nominal,2.0NRT,300.12,4.14,D
18.17455,-71.8344,332.73,0.55,0.51,2026-08-29,1737,N20,nominal,2.0NRT,298.77,3.82,D
18.17357,-71.83938,333.72,0.55,0.51,2026-08-29,1737,N20,nominal,2.0NRT,300.31,5.62,D
18.49604,-71.54355,333.44,0.52,0.5,2026-08-29,1737,N20,nominal,2.0NRT,302.35,3.14,D
18.49268,-71.54507,336.34,0.52,0.5,2026-08-29,1737,N20,nominal,2.0NRT,303.92,2.58,D
18.6726,-70.80754,340.54,0.46,0.47,2026-08-29,1737,N20,nominal,2.0NRT,302.67,17.12,D
18.6719,-70.81122,350.64,0.46,0.47,2026-08-29,1737,N20,nominal,2.0NRT,306.34,17.12,D
18.68274,-70.8009,352.62,0.46,0.47,2026-08-29,1737,N20,nominal,2.0NRT,303.13,7.93,D
18.70299,-70.81112,339.62,0.46,0.47,2026-08-29,1737,N20,nominal,2.0NRT,297.81,16.8,D
18.57112,-71.57492,339.38,0.52,0.5,2026-08-29,1737,N20,nominal,2.0NRT,298.91,5.76,D
18.72732,-71.1143,334.88,0.48,0.48,2026-08-29,1737,N20,nominal,2.0NRT,304.4,4.5,D
18.75008,-71.1374,334.98,0.48,0.48,2026-08-29,1737,N20,nominal,2.0NRT,303.66,3.69,D
18.75445,-71.13826,344.24,0.48,0.48,2026-08-29,1737,N20,nominal,2.0NRT,304.88,6.45,D
18.7637,-71.49084,331.32,0.51,0.49,2026-08-29,1737,N20,nominal,2.0NRT,298.5,2.19,D
18.82043,-71.68651,333.18,0.52,0.5,2026-08-29,1737,N20,nominal,2.0NRT,297.93,5.25,D
19.43731,-70.92097,340.73,0.45,0.47,2026-08-29,1737,N20,nominal,2.0NRT,300.71,6.01,D
19.67742,-71.47263,330.72,0.49,0.48,2026-08-29,1737,N20,low,2.0NRT,302.84,1.58,D
19.6826,-71.63687,334.37,0.5,0.49,2026-08-29,1737,N20,nominal,2.0NRT,301.37,3.32,D
19.68131,-71.63596,333.43,0.5,0.49,2026-08-29,1737,N20,nominal,2.0NRT,300.72,1.92,D
19.70415,-71.66033,336.19,0.5,0.49,2026-08-29,1737,N20,nominal,2.0NRT,302.46,4.27,D
19.80149,-71.58485,340.51,0.49,0.49,2026-08-29,1737,N20,nominal,2.0NRT,299.92,3.68,D
19.80045,-71.58711,340.26,0.49,0.49,2026-08-29,1737,N20,nominal,2.0NRT,299.18,3.44,D
20.26054,-74.50368,332.48,0.37,0.58,2026-08-29,1739,N20,nominal,2.0NRT,291.17,2.62,D
20.40014,-75.11026,367,0.4,0.6,2026-08-29,1739,N20,high,2.0NRT,294.55,15.48,D
20.40139,-75.10954,367,0.4,0.6,2026-08-29,1739,N20,high,2.0NRT,291.84,8.94,D
20.40043,-75.1139,329.11,0.4,0.6,2026-08-29,1739,N20,nominal,2.0NRT,292.63,8.94,D
20.47829,-74.96475,334.43,0.39,0.6,2026-08-29,1739,N20,nominal,2.0NRT,292.6,6.75,D
20.56418,-75.01954,337.44,0.39,0.6,2026-08-29,1739,N20,nominal,2.0NRT,295.12,3.38,D
21.20428,-76.37276,329.41,0.47,0.64,2026-08-29,1739,N20,nominal,2.0NRT,293.83,3.14,D
21.95825,-78.19975,355.93,0.59,0.7,2026-08-29,1739,N20,nominal,2.0NRT,291.79,15.21,D
21.95695,-78.20525,356.04,0.59,0.7,2026-08-29,1739,N20,nominal,2.0NRT,292.96,15.21,D
21.95441,-78.19814,338,0.59,0.7,2026-08-29,1739,N20,nominal,2.0NRT,291.17,14.56,D
21.95306,-78.20362,355.36,0.59,0.7,2026-08-29,1739,N20,nominal,2.0NRT,293.51,14.56,D
22.02637,-78.259,328.52,0.59,0.7,2026-08-29,1739,N20,nominal,2.0NRT,291.47,4.9,D
36.68589,-78.53843,333.24,0.56,0.51,2026-08-29,1743,N20,nominal,2.0NRT,272.29,9.48,D
36.24393,-83.69744,338.6,0.54,0.68,2026-08-29,1741,N20,nominal,2.0NRT,292.28,3.9,D
36.24996,-83.69955,333.44,0.54,0.68,2026-08-29,1741,N20,nominal,2.0NRT,290.59,3.9,D
36.25063,-83.6954,331.07,0.54,0.68,2026-08-29,1741,N20,nominal,2.0NRT,292.66,6.69,D
35.85384,-85.09897,327.12,0.66,0.73,2026-08-29,1741,N20,nominal,2.0NRT,294.62,11.19,D
35.85173,-85.10589,352.18,0.66,0.73,2026-08-29,1741,N20,nominal,2.0NRT,296.04,13.74,D
37.62121,-81.62639,327.1,0.39,0.59,2026-08-29,1741,N20,nominal,2.0NRT,293.63,1.76,D
38.35287,-78.82214,332.42,0.53,0.5,2026-08-29,1741,N20,nominal,2.0NRT,290.73,2.76,D
38.53542,-78.75062,329.43,0.52,0.5,2026-08-29,1741,N20,nominal,2.0NRT,293.72,2.25,D
38.56732,-78.81857,326.27,0.52,0.5,2026-08-29,1741,N20,nominal,2.0NRT,294.37,2.72,D
38.56594,-78.82439,326.67,0.52,0.5,2026-08-29,1741,N20,nominal,2.0NRT,294.37,2.72,D
38.6,-78.84319,331.6,0.52,0.5,2026-08-29,1741,N20,nominal,2.0NRT,294.37,2.27,D
39.84407,-76.30453,328.36,0.55,0.43,2026-08-29,1741,N20,nominal,2.0NRT,298.56,3.07,D
39.93249,-76.82368,327.53,0.39,0.44,2026-08-29,1741,N20,low,2.0NRT,300.49,3.1,D
40.48028,-74.32175,330.74,0.45,0.39,2026-08-29,1741,N20,nominal,2.0NRT,303.73,2.4,D
40.80899,-73.0937,347.14,0.41,0.37,2026-08-29,1741,N20,nominal,2.0NRT,301.1,3.59,D
40.70786,-73.77276,348.89,0.43,0.38,2026-08-29,1741,N20,nominal,2.0NRT,305.64,3.58,D
40.70728,-73.89413,332.15,0.43,0.38,2026-08-29,1741,N20,low,2.0NRT,304.91,2.02,D
40.22893,-76.74219,325.21,0.57,0.43,2026-08-29,1741,N20,low,2.0NRT,299.21,3.3,D
39.92888,-78.39991,325.19,0.46,0.47,2026-08-29,1741,N20,nominal,2.0NRT,293.75,0.93,D
39.11292,-82.98621,325.96,0.41,0.61,2026-08-29,1741,N20,low,2.0NRT,299.26,4.41,D
41.56141,-72.0452,327.77,0.39,0.36,2026-08-29,1741,N20,low,2.0NRT,299.69,2,D
38.83581,-84.23839,333.2,0.49,0.65,2026-08-29,1741,N20,nominal,2.0NRT,296.57,3.59,D
41.53804,-72.89739,351.45,0.4,0.37,2026-08-29,1741,N20,nominal,2.0NRT,306.78,7.41,D
40.39237,-79.8505,333.55,0.53,0.5,2026-08-29,1741,N20,low,2.0NRT,305.94,6.31,D
41.86984,-72.56425,354.04,0.39,0.37,2026-08-29,1741,N20,nominal,2.0NRT,303.97,7.32,D
41.86906,-72.56893,327.43,0.39,0.37,2026-08-29,1741,N20,low,2.0NRT,299.07,7.32,D
41.87063,-72.55956,356.13,0.39,0.37,2026-08-29,1741,N20,low,2.0NRT,302,6.18,D
41.87471,-72.55587,329.62,0.39,0.37,2026-08-29,1741,N20,nominal,2.0NRT,297.43,21.53,D
41.87643,-72.56623,340.31,0.39,0.37,2026-08-29,1741,N20,nominal,2.0NRT,300.95,20.19,D
40.89211,-77.71106,332.01,0.41,0.45,2026-08-29,1741,N20,low,2.0NRT,302.67,3.93,D
41.88208,-72.55318,336.19,0.39,0.37,2026-08-29,1741,N20,nominal,2.0NRT,298.41,3.36,D
41.88051,-72.56254,355.38,0.39,0.37,2026-08-29,1741,N20,nominal,2.0NRT,303.72,12.14,D
41.87973,-72.56723,340.69,0.39,0.37,2026-08-29,1741,N20,nominal,2.0NRT,300.75,5.69,D
41.88537,-72.55418,345.37,0.39,0.37,2026-08-29,1741,N20,nominal,2.0NRT,297.96,3.36,D
41.88459,-72.55885,351.93,0.39,0.37,2026-08-29,1741,N20,nominal,2.0NRT,300.34,12.14,D
41.88867,-72.54838,344.52,0.39,0.37,2026-08-29,1741,N20,nominal,2.0NRT,301.51,5.59,D
41.88946,-72.5437,356.38,0.39,0.37,2026-08-29,1741,N20,low,2.0NRT,303.07,7.29,D
41.89276,-72.54469,347.59,0.39,0.37,2026-08-29,1741,N20,nominal,2.0NRT,301.69,7.29,D
41.89197,-72.54937,355.61,0.39,0.37,2026-08-29,1741,N20,low,2.0NRT,304.49,5.59,D
41.89526,-72.55036,346.77,0.39,0.37,2026-08-29,1741,N20,nominal,2.0NRT,300.88,3.23,D
40.89223,-77.70905,337.92,0.41,0.45,2026-08-29,1741,N20,nominal,2.0NRT,301.74,5.08,D
40.39191,-79.85193,335.91,0.53,0.5,2026-08-29,1741,N20,nominal,2.0NRT,306.8,4.49,D
40.39638,-79.8536,334.84,0.53,0.5,2026-08-29,1741,N20,nominal,2.0NRT,302.94,6.98,D
40.31142,-80.60476,345.65,0.58,0.52,2026-08-29,1741,N20,nominal,2.0NRT,305.99,16.14,D
40.3119,-80.60509,345.01,0.58,0.52,2026-08-29,1741,N20,nominal,2.0NRT,306.72,10.58,D
42.17164,-72.0208,341.21,0.39,0.36,2026-08-29,1741,N20,nominal,2.0NRT,299.48,1.65,D
41.59751,-76.01761,327.24,0.5,0.41,2026-08-29,1741,N20,nominal,2.0NRT,293.99,3.14,D
42.45121,-73.23609,332.49,0.4,0.37,2026-08-29,1741,N20,nominal,2.0NRT,300.03,1.5,D
42.78572,-71.60049,334.5,0.38,0.36,2026-08-29,1741,N20,nominal,2.0NRT,295.99,1.68,D
41.51681,-80.95654,330.69,0.56,0.52,2026-08-29,1743,N20,nominal,2.0NRT,297.34,4.52,D
41.45227,-81.67634,341.68,0.61,0.54,2026-08-29,1743,N20,nominal,2.0NRT,308.2,8.34,D
43.58435,-72.95291,329.81,0.39,0.36,2026-08-29,1743,N20,nominal,2.0NRT,295.01,1.75,D
41.46785,-83.36322,331.03,0.37,0.58,2026-08-29,1743,N20,nominal,2.0NRT,293.78,3.39,D
43.07017,-76.7481,334.04,0.5,0.41,2026-08-29,1743,N20,nominal,2.0NRT,293.86,4.47,D
44.43553,-68.77336,326.95,0.42,0.38,2026-08-29,1743,N20,nominal,2.0NRT,298.78,2.23,D
42.80386,-80.09724,327.5,0.48,0.48,2026-08-29,1743,N20,low,2.0NRT,299.92,7.26,D
42.8149,-80.08978,330.95,0.48,0.48,2026-08-29,1743,N20,nominal,2.0NRT,298.62,3.61,D
42.80493,-80.09515,337.61,0.48,0.48,2026-08-29,1743,N20,nominal,2.0NRT,300.77,6.16,D
42.8147,-80.09325,332.01,0.47,0.48,2026-08-29,1743,N20,nominal,2.0NRT,299.28,6.58,D
42.28019,-83.11024,335.19,0.34,0.56,2026-08-29,1743,N20,nominal,2.0NRT,300.62,1.24,D
43.26047,-79.80845,331.55,0.45,0.47,2026-08-29,1743,N20,low,2.0NRT,301.88,4.13,D
43.26582,-79.80493,328.27,0.45,0.47,2026-08-29,1743,N20,low,2.0NRT,302,4.83,D
43.27239,-79.79617,340.49,0.45,0.47,2026-08-29,1743,N20,nominal,2.0NRT,298.82,4.17,D
43.26994,-79.80671,337.1,0.45,0.47,2026-08-29,1743,N20,nominal,2.0NRT,302.06,6.02,D
42.92697,-82.17112,335.14,0.59,0.53,2026-08-29,1743,N20,nominal,2.0NRT,293.81,4.48,D
44.86253,-74.354,326.06,0.4,0.37,2026-08-29,1743,N20,nominal,2.0NRT,293.3,0.77,D
45.83838,-73.24744,331.7,0.39,0.36,2026-08-29,1743,N20,low,2.0NRT,303.2,3.18,D
41.16529,-98.12583,331.18,0.4,0.37,2026-08-29,1923,N20,nominal,2.0NRT,298.59,1.46,D
42.80659,-80.09273,325.77,0.61,0.71,2026-08-29,1923,N20,nominal,2.0NRT,293.95,3.58,D
42.81319,-80.0928,325.17,0.61,0.71,2026-08-29,1923,N20,nominal,2.0NRT,291.97,3.58,D
41.41624,-99.11761,334.42,0.42,0.38,2026-08-29,1923,N20,nominal,2.0NRT,306.12,2.1,D
41.10383,-101.84435,333.37,0.53,0.42,2026-08-29,1923,N20,low,2.0NRT,305.07,4.23,D
43.94896,-92.54568,331.18,0.47,0.4,2026-08-29,1923,N20,nominal,2.0NRT,294.35,3.05,D
43.95726,-92.50565,338.79,0.47,0.4,2026-08-29,1923,N20,nominal,2.0NRT,294.98,13.64,D
44.68835,-98.66817,333.21,0.39,0.36,2026-08-29,1925,N20,nominal,2.0NRT,296.49,2.78,D
48.2543,-79.01969,326.71,0.72,0.75,2026-08-29,1925,N20,nominal,2.0NRT,285.94,3.51,D
43.80017,-115.6004,367,0.67,0.73,2026-08-29,1925,N20,high,2.0NRT,298.66,26.05,D
43.79714,-115.60935,331.48,0.67,0.74,2026-08-29,1925,N20,nominal,2.0NRT,295.06,14.93,D
43.80698,-115.60237,367,0.67,0.73,2026-08-29,1925,N20,high,2.0NRT,294.48,21.52,D
19.52225,-92.18587,330.65,0.42,0.38,2026-08-29,1917,N20,low,2.0NRT,296.19,1.94,D
43.80356,-115.6125,328.96,0.67,0.74,2026-08-29,1925,N20,nominal,2.0NRT,291.23,27.34,D
43.81362,-115.60486,367,0.67,0.73,2026-08-29,1925,N20,high,2.0NRT,293.82,21.52,D
20.02169,-89.30576,331.18,0.39,0.36,2026-08-29,1917,N20,low,2.0NRT,303.22,3.05,D
19.56638,-92.23879,336.09,0.42,0.38,2026-08-29,1917,N20,nominal,2.0NRT,297.01,3.43,D
43.8211,-115.5827,335.64,0.67,0.73,2026-08-29,1925,N20,nominal,2.0NRT,294.33,10.19,D
43.82692,-115.58759,338.29,0.67,0.73,2026-08-29,1925,N20,nominal,2.0NRT,291.48,6.48,D
19.59901,-92.29421,335.11,0.42,0.38,2026-08-29,1917,N20,nominal,2.0NRT,298.03,3.61,D
43.79804,-115.59829,345.6,0.67,0.73,2026-08-29,1925,N20,nominal,2.0NRT,294.89,9.95,D
21.82003,-78.12621,341.14,0.55,0.68,2026-08-29,1917,N20,nominal,2.0NRT,292.48,9.5,D
43.79533,-115.60614,345.87,0.67,0.73,2026-08-29,1925,N20,nominal,2.0NRT,299.88,9.95,D
21.83759,-78.06715,338.57,0.56,0.69,2026-08-29,1917,N20,nominal,2.0NRT,293.6,6.9,D
43.80176,-115.60927,338.48,0.67,0.73,2026-08-29,1925,N20,nominal,2.0NRT,292.46,18.17,D
21.01112,-86.99029,348.71,0.46,0.39,2026-08-29,1917,N20,nominal,2.0NRT,304.79,19.96,D
43.81194,-115.6015,349.6,0.67,0.73,2026-08-29,1925,N20,nominal,2.0NRT,293.82,18.17,D
21.01472,-86.99083,347.53,0.46,0.39,2026-08-29,1917,N20,nominal,2.0NRT,304.88,19.96,D
21.01893,-86.98692,334.12,0.46,0.39,2026-08-29,1917,N20,nominal,2.0NRT,299.85,7.41,D
43.80825,-115.61221,352.89,0.67,0.73,2026-08-29,1925,N20,nominal,2.0NRT,299.02,18.17,D
43.8254,-115.58418,330.17,0.67,0.73,2026-08-29,1925,N20,nominal,2.0NRT,292.34,6.82,D
21.01833,-86.99136,347.5,0.46,0.39,2026-08-29,1917,N20,nominal,2.0NRT,303.44,7.41,D
43.8223,-115.59318,335.07,0.67,0.73,2026-08-29,1925,N20,nominal,2.0NRT,291.19,6.82,D
21.02193,-86.9919,333.13,0.46,0.39,2026-08-29,1917,N20,nominal,2.0NRT,300.17,7.41,D
21.02976,-86.96136,335.11,0.46,0.39,2026-08-29,1917,N20,nominal,2.0NRT,300.54,5.36,D
45.85066,-114.56695,332.28,0.51,0.66,2026-08-29,1925,N20,nominal,2.0NRT,292.95,8.73,D
21.02916,-86.9658,335.54,0.46,0.39,2026-08-29,1917,N20,nominal,2.0NRT,300.12,5.36,D
46.15242,-113.90216,331.09,0.47,0.64,2026-08-29,1925,N20,nominal,2.0NRT,289.73,5.23,D
21.02554,-86.99244,333.55,0.46,0.39,2026-08-29,1917,N20,nominal,2.0NRT,300.94,4.79,D
46.15758,-113.90636,335.16,0.47,0.64,2026-08-29,1925,N20,nominal,2.0NRT,288.43,6.1,D
46.15864,-113.92365,339.37,0.47,0.64,2026-08-29,1925,N20,nominal,2.0NRT,288.68,12.2,D
21.03458,-86.95299,344.82,0.46,0.39,2026-08-29,1917,N20,nominal,2.0NRT,303.28,7.97,D
46.09528,-115.16976,348.19,0.54,0.68,2026-08-29,1925,N20,nominal,2.0NRT,291.15,24.44,D
21.03398,-86.95744,341.06,0.46,0.39,2026-08-29,1917,N20,nominal,2.0NRT,302.19,7.97,D
46.0974,-115.16331,356.05,0.54,0.67,2026-08-29,1925,N20,low,2.0NRT,287.88,24.44,D
21.02343,-86.99103,344.27,0.46,0.39,2026-08-29,1917,N20,nominal,2.0NRT,300.75,6.86,D
21.0311,-86.96042,342.08,0.46,0.39,2026-08-29,1917,N20,nominal,2.0NRT,301.8,4.63,D
46.25227,-115.08992,330.26,0.53,0.67,2026-08-29,1925,N20,nominal,2.0NRT,287.96,3.25,D
21.03052,-86.96488,344.19,0.46,0.39,2026-08-29,1917,N20,nominal,2.0NRT,302.52,4.63,D
46.28561,-115.02951,332.41,0.52,0.67,2026-08-29,1925,N20,nominal,2.0NRT,285.4,31.74,D
46.28236,-115.03952,350.66,0.52,0.67,2026-08-29,1925,N20,nominal,2.0NRT,297.21,67.57,D
21.03587,-86.95204,338.6,0.47,0.39,2026-08-29,1917,N20,nominal,2.0NRT,308.13,27.09,D
21.03529,-86.9565,330.19,0.47,0.39,2026-08-29,1917,N20,low,2.0NRT,301.63,27.09,D
22.02583,-78.25873,348.5,0.55,0.68,2026-08-29,1917,N20,nominal,2.0NRT,294.56,6.34,D
22.02539,-78.26407,331.04,0.54,0.68,2026-08-29,1917,N20,nominal,2.0NRT,293.35,6.34,D
21.17828,-86.9717,335.7,0.47,0.39,2026-08-29,1917,N20,nominal,2.0NRT,300.2,4,D
20.7558,-100.28517,332.05,0.39,0.59,2026-08-29,1917,N20,nominal,2.0NRT,296.35,5.58,D
21.1551,-98.61605,332.44,0.59,0.53,2026-08-29,1917,N20,nominal,2.0NRT,295.26,6.68,D
21.15449,-98.61872,332.75,0.59,0.53,2026-08-29,1917,N20,nominal,2.0NRT,295.26,5.6,D
21.28149,-98.35959,333.22,0.57,0.52,2026-08-29,1917,N20,nominal,2.0NRT,294.78,3.68,D
21.42568,-97.99448,339.9,0.53,0.5,2026-08-29,1917,N20,nominal,2.0NRT,295.41,6.59,D
21.40619,-98.45252,333.77,0.57,0.52,2026-08-29,1917,N20,nominal,2.0NRT,295.83,3.42,D
21.56071,-97.7049,334.76,0.51,0.49,2026-08-29,1917,N20,nominal,2.0NRT,296.95,4.2,D
21.40857,-98.44906,330.47,0.57,0.52,2026-08-29,1917,N20,nominal,2.0NRT,295.26,5.76,D
21.41793,-98.54663,344.37,0.58,0.52,2026-08-29,1917,N20,nominal,2.0NRT,293.36,6.84,D
21.57927,-99.44508,367,0.33,0.55,2026-08-29,1917,N20,high,2.0NRT,293.3,8.89,D
21.57867,-99.4479,344.17,0.33,0.55,2026-08-29,1917,N20,nominal,2.0NRT,292.48,7.4,D
22.07166,-98.37816,330.3,0.55,0.51,2026-08-29,1917,N20,nominal,2.0NRT,298.96,10.2,D
22.07581,-98.3755,330.32,0.55,0.51,2026-08-29,1917,N20,nominal,2.0NRT,296.8,2.61,D
22.26167,-97.80688,348.4,0.5,0.49,2026-08-29,1917,N20,nominal,2.0NRT,301.42,16.24,D
22.55485,-98.64605,342.32,0.56,0.51,2026-08-29,1919,N20,nominal,2.0NRT,298.98,5.55,D
22.55378,-98.65133,333.63,0.56,0.51,2026-08-29,1919,N20,nominal,2.0NRT,299.15,5.52,D
22.55218,-98.64776,345.75,0.56,0.51,2026-08-29,1919,N20,nominal,2.0NRT,299.85,11.58,D
22.55681,-98.64885,336.51,0.56,0.51,2026-08-29,1919,N20,nominal,2.0NRT,296.88,3.65,D
22.73239,-98.84916,344.39,0.57,0.52,2026-08-29,1919,N20,nominal,2.0NRT,301.13,13.67,D
22.73426,-98.84756,346.75,0.57,0.52,2026-08-29,1919,N20,nominal,2.0NRT,301.59,11.16,D
21.5002,-104.46346,344.83,0.69,0.74,2026-08-29,1919,N20,nominal,2.0NRT,290.66,10.57,D
21.91227,-104.14806,329.46,0.64,0.72,2026-08-29,1919,N20,nominal,2.0NRT,290.02,6.21,D
22.41221,-102.38988,340.08,0.49,0.65,2026-08-29,1919,N20,nominal,2.0NRT,308.66,6.48,D
22.41675,-102.38982,367,0.49,0.65,2026-08-29,1919,N20,high,2.0NRT,306.33,4.87,D
22.41775,-102.38555,333.28,0.49,0.65,2026-08-29,1919,N20,nominal,2.0NRT,305.21,4.87,D
23.51038,-98.08368,352.53,0.49,0.49,2026-08-29,1919,N20,nominal,2.0NRT,299.32,21.09,D
23.51477,-98.08472,346.9,0.49,0.49,2026-08-29,1919,N20,nominal,2.0NRT,296.77,6.95,D
23.65531,-98.22247,345.28,0.5,0.49,2026-08-29,1919,N20,nominal,2.0NRT,301.6,8.7,D
23.65971,-98.22359,331.83,0.5,0.49,2026-08-29,1919,N20,nominal,2.0NRT,301.66,4.4,D
23.59998,-98.72224,343.03,0.54,0.51,2026-08-29,1919,N20,nominal,2.0NRT,303.08,11.28,D
23.80441,-97.91172,341.82,0.47,0.48,2026-08-29,1919,N20,nominal,2.0NRT,299.72,8.81,D
23.80353,-97.91623,335.32,0.47,0.48,2026-08-29,1919,N20,nominal,2.0NRT,299.03,4.1,D
23.80041,-97.91389,346.41,0.47,0.48,2026-08-29,1919,N20,nominal,2.0NRT,300.37,5.71,D
23.91235,-98.19479,334.74,0.49,0.49,2026-08-29,1919,N20,nominal,2.0NRT,301.73,7.34,D
24.21505,-97.91257,352.93,0.47,0.47,2026-08-29,1919,N20,nominal,2.0NRT,305.12,33.69,D
24.13753,-98.51962,343.55,0.51,0.49,2026-08-29,1919,N20,nominal,2.0NRT,303.69,16.29,D
24.13652,-98.52449,355.53,0.51,0.49,2026-08-29,1919,N20,nominal,2.0NRT,305.86,16.29,D
24.14097,-98.52555,343.01,0.51,0.49,2026-08-29,1919,N20,nominal,2.0NRT,302.82,16.29,D
24.13997,-98.53042,338.99,0.51,0.49,2026-08-29,1919,N20,nominal,2.0NRT,302.86,14.95,D
24.30301,-97.88526,331.13,0.46,0.47,2026-08-29,1919,N20,low,2.0NRT,302.08,2.99,D
24.30212,-97.88969,343.41,0.46,0.47,2026-08-29,1919,N20,nominal,2.0NRT,304.31,2.99,D
23.27224,-102.63337,335.74,0.48,0.65,2026-08-29,1919,N20,low,2.0NRT,306.47,3.11,D
24.25721,-98.49432,354.99,0.5,0.49,2026-08-29,1919,N20,nominal,2.0NRT,310.45,31.3,D
24.25621,-98.49915,355.43,0.5,0.49,2026-08-29,1919,N20,nominal,2.0NRT,308.03,31.3,D
24.26064,-98.5002,350.16,0.5,0.49,2026-08-29,1919,N20,nominal,2.0NRT,305.96,13.67,D
24.24239,-99.15955,333.97,0.55,0.51,2026-08-29,1919,N20,nominal,2.0NRT,303.15,6.74,D
24.24126,-99.16489,339.95,0.55,0.51,2026-08-29,1919,N20,nominal,2.0NRT,304.02,6.74,D
24.68269,-97.89746,340.17,0.46,0.47,2026-08-29,1919,N20,nominal,2.0NRT,301.37,3.86,D
24.68182,-97.90188,337.12,0.46,0.47,2026-08-29,1919,N20,nominal,2.0NRT,301.83,3.86,D
24.68061,-97.90025,345.04,0.45,0.47,2026-08-29,1919,N20,nominal,2.0NRT,301.64,7.46,D
24.70111,-97.88673,330.25,0.45,0.47,2026-08-29,1919,N20,low,2.0NRT,301.44,1.53,D
25.1053,-98.4134,349.65,0.48,0.48,2026-08-29,1919,N20,nominal,2.0NRT,306.3,11.33,D
25.08759,-99.01704,342.49,0.52,0.5,2026-08-29,1919,N20,nominal,2.0NRT,302.92,6.65,D
25.31072,-99.13633,340.71,0.53,0.5,2026-08-29,1919,N20,nominal,2.0NRT,307.06,4.94,D
25.30968,-99.14143,332.12,0.53,0.5,2026-08-29,1919,N20,low,2.0NRT,307.1,4.94,D
25.31145,-99.13515,340.65,0.53,0.5,2026-08-29,1919,N20,nominal,2.0NRT,305.84,4.6,D
25.31038,-99.14024,339.82,0.53,0.5,2026-08-29,1919,N20,nominal,2.0NRT,309.03,4.6,D
25.83426,-97.2382,337.26,0.4,0.44,2026-08-29,1919,N20,nominal,2.0NRT,301.4,2.03,D
25.67368,-98.29008,340.23,0.46,0.47,2026-08-29,1919,N20,nominal,2.0NRT,302.36,7.55,D
25.39103,-99.78327,349.83,0.57,0.52,2026-08-29,1919,N20,nominal,2.0NRT,299.66,14.84,D
25.39282,-99.7799,337.84,0.57,0.52,2026-08-29,1919,N20,nominal,2.0NRT,299.73,8.16,D
25.39161,-99.7855,339.45,0.57,0.52,2026-08-29,1919,N20,nominal,2.0NRT,299.51,7.95,D
25.57832,-99.93535,337.07,0.58,0.52,2026-08-29,1919,N20,nominal,2.0NRT,297.77,2.71,D
25.87072,-99.08847,336.73,0.51,0.49,2026-08-29,1919,N20,nominal,2.0NRT,302.5,4.37,D
26.23929,-98.70314,346.98,0.47,0.48,2026-08-29,1919,N20,nominal,2.0NRT,303.29,10.25,D
26.23835,-98.70779,341.54,0.47,0.48,2026-08-29,1919,N20,nominal,2.0NRT,300.2,6.54,D
29.28935,-82.44833,333.47,0.35,0.57,2026-08-29,1919,N20,nominal,2.0NRT,290.41,3.54,D
27.42289,-99.58757,338.76,0.51,0.49,2026-08-29,1919,N20,nominal,2.0NRT,300.37,2.03,D
28.41854,-96.87413,331.34,0.52,0.41,2026-08-29,1919,N20,low,2.0NRT,301.41,2.94,D
29.94253,-92.28465,344.26,0.38,0.36,2026-08-29,1919,N20,nominal,2.0NRT,312.38,12.42,D
29.3686,-96.15367,337.02,0.46,0.39,2026-08-29,1919,N20,nominal,2.0NRT,304.2,1.72,D
29.80358,-93.76665,343.06,0.39,0.36,2026-08-29,1919,N20,nominal,2.0NRT,302.33,13.65,D
29.83267,-93.96372,336.38,0.39,0.37,2026-08-29,1919,N20,nominal,2.0NRT,300.98,2.27,D
29.83599,-93.96444,330.12,0.39,0.37,2026-08-29,1919,N20,low,2.0NRT,304.21,2.27,D
30.34951,-90.72995,335.16,0.41,0.37,2026-08-29,1919,N20,nominal,2.0NRT,297.97,4.77,D
28.96852,-98.90874,334.48,0.43,0.46,2026-08-29,1919,N20,nominal,2.0NRT,301.85,7.36,D
28.93246,-99.62411,340.53,0.48,0.48,2026-08-29,1919,N20,nominal,2.0NRT,306.19,3.82,D
28.93676,-99.62527,337.66,0.48,0.48,2026-08-29,1919,N20,nominal,2.0NRT,306.15,3.82,D
30.14769,-92.92305,345.88,0.38,0.36,2026-08-29,1919,N20,nominal,2.0NRT,308.36,20.65,D
30.14708,-92.927,336.57,0.38,0.36,2026-08-29,1919,N20,nominal,2.0NRT,303.49,20.65,D
30.51488,-90.49062,334.15,0.42,0.37,2026-08-29,1919,N20,nominal,2.0NRT,304.75,2.23,D
28.93365,-99.62239,343.25,0.47,0.48,2026-08-29,1919,N20,nominal,2.0NRT,305.65,11.61,D
30.1628,-93.00333,343.45,0.38,0.36,2026-08-29,1919,N20,nominal,2.0NRT,298.62,4.15,D
30.34459,-92.6612,340.03,0.38,0.36,2026-08-29,1919,N20,nominal,2.0NRT,304.66,3.51,D
30.43879,-92.66769,337.82,0.38,0.36,2026-08-29,1919,N20,nominal,2.0NRT,305.92,5.06,D
30.02213,-95.34895,333.95,0.43,0.38,2026-08-29,1919,N20,nominal,2.0NRT,301.8,3.8,D
30.56741,-92.19374,335.52,0.39,0.36,2026-08-29,1919,N20,nominal,2.0NRT,303.97,2.31,D
30.06342,-95.85972,335.52,0.44,0.39,2026-08-29,1919,N20,nominal,2.0NRT,303.74,3.22,D
30.93247,-90.40183,338.45,0.42,0.38,2026-08-29,1919,N20,nominal,2.0NRT,309.33,2.68,D
30.21279,-95.36741,338.36,0.42,0.38,2026-08-29,1919,N20,nominal,2.0NRT,307.78,5.85,D
31.16116,-89.30402,339.57,0.46,0.39,2026-08-29,1919,N20,nominal,2.0NRT,305.66,22.34,D
30.82351,-92.25488,332.45,0.39,0.36,2026-08-29,1919,N20,low,2.0NRT,305.8,4.06,D
30.82292,-92.25888,335.36,0.39,0.36,2026-08-29,1919,N20,low,2.0NRT,305.88,4.06,D
31.45929,-87.40239,340.07,0.39,0.44,2026-08-29,1919,N20,nominal,2.0NRT,291.22,6.94,D
30.44694,-94.76491,333.84,0.41,0.37,2026-08-29,1919,N20,nominal,2.0NRT,300.68,5.24,D
31.29005,-90.04465,334.65,0.44,0.38,2026-08-29,1919,N20,nominal,2.0NRT,306.28,6.13,D
31.29355,-90.04529,337.11,0.44,0.38,2026-08-29,1919,N20,nominal,2.0NRT,307.95,6.13,D
31.24359,-90.60748,335.63,0.42,0.38,2026-08-29,1919,N20,nominal,2.0NRT,304.94,2.53,D
31.48965,-89.11524,335.3,0.48,0.4,2026-08-29,1919,N20,nominal,2.0NRT,301.87,3.07,D
31.37381,-93.29213,342.26,0.38,0.36,2026-08-29,1921,N20,nominal,2.0NRT,303.21,11.62,D
30.15672,-100.31985,341.18,0.49,0.49,2026-08-29,1921,N20,nominal,2.0NRT,305.98,9.39,D
30.18606,-100.31228,344.28,0.49,0.49,2026-08-29,1921,N20,nominal,2.0NRT,300.64,8.43,D
30.19146,-100.30864,331.62,0.49,0.49,2026-08-29,1921,N20,low,2.0NRT,303.5,8.29,D
30.19041,-100.31356,355.75,0.49,0.49,2026-08-29,1921,N20,nominal,2.0NRT,303.2,8.29,D
30.20569,-100.32856,341.5,0.49,0.49,2026-08-29,1921,N20,nominal,2.0NRT,300.29,5.61,D
32.41301,-86.50537,340.88,0.44,0.46,2026-08-29,1921,N20,nominal,2.0NRT,299.77,8.35,D
30.34101,-100.14522,367,0.48,0.48,2026-08-29,1921,N20,high,2.0NRT,307.23,12.41,D
30.34304,-100.13565,346.46,0.48,0.48,2026-08-29,1921,N20,nominal,2.0NRT,300.77,6.9,D
30.34203,-100.14043,341.75,0.48,0.48,2026-08-29,1921,N20,nominal,2.0NRT,302.31,12.41,D
30.34533,-100.14638,354.17,0.48,0.48,2026-08-29,1921,N20,nominal,2.0NRT,308.04,28.1,D
30.34962,-100.1476,344.56,0.48,0.48,2026-08-29,1921,N20,nominal,2.0NRT,303.97,28.1,D
30.35493,-100.14404,342.79,0.48,0.48,2026-08-29,1921,N20,nominal,2.0NRT,295.23,8.24,D
31.99185,-90.83273,333.55,0.42,0.37,2026-08-29,1921,N20,nominal,2.0NRT,304.11,2.83,D
32.18169,-90.42603,333.12,0.43,0.38,2026-08-29,1921,N20,low,2.0NRT,303.74,2.77,D
31.35117,-96.17078,338.41,0.44,0.38,2026-08-29,1921,N20,low,2.0NRT,309.86,4.58,D
32.45948,-89.70511,337.63,0.46,0.39,2026-08-29,1921,N20,low,2.0NRT,308.43,27.23,D
32.46308,-89.70573,337.17,0.46,0.39,2026-08-29,1921,N20,low,2.0NRT,307.75,7.49,D
30.51779,-101.19026,331.93,0.54,0.51,2026-08-29,1921,N20,nominal,2.0NRT,291.78,3.46,D
31.24464,-97.6981,337.58,0.51,0.41,2026-08-29,1921,N20,low,2.0NRT,311.13,7.69,D
30.58069,-100.92757,344.07,0.52,0.5,2026-08-29,1921,N20,nominal,2.0NRT,306.14,8.17,D
30.5795,-100.93297,333.65,0.52,0.5,2026-08-29,1921,N20,low,2.0NRT,305.08,8.17,D
30.52355,-101.18612,341.38,0.54,0.51,2026-08-29,1921,N20,nominal,2.0NRT,297.17,8.88,D
30.52235,-101.19154,353.3,0.54,0.51,2026-08-29,1921,N20,nominal,2.0NRT,302.25,8.88,D
32.42152,-90.38184,347.01,0.43,0.38,2026-08-29,1921,N20,nominal,2.0NRT,308.97,13.06,D
31.67389,-95.81547,334.16,0.42,0.38,2026-08-29,1921,N20,nominal,2.0NRT,305.29,2.76,D
31.67312,-95.81988,335.16,0.42,0.38,2026-08-29,1921,N20,nominal,2.0NRT,306.17,2.76,D
32.75426,-89.38828,340.01,0.48,0.4,2026-08-29,1921,N20,nominal,2.0NRT,312.11,8.26,D
32.75365,-89.39337,330.34,0.48,0.4,2026-08-29,1921,N20,nominal,2.0NRT,302.36,4.07,D
32.51508,-92.10818,340.91,0.39,0.36,2026-08-29,1921,N20,nominal,2.0NRT,307.2,4.35,D
32.61124,-91.62135,334.15,0.4,0.37,2026-08-29,1921,N20,nominal,2.0NRT,303.43,4.45,D
32.99021,-89.15327,334.14,0.49,0.41,2026-08-29,1921,N20,nominal,2.0NRT,303.76,4.53,D
33.09245,-88.53569,333.41,0.53,0.42,2026-08-29,1921,N20,nominal,2.0NRT,299.76,7.48,D
33.16518,-88.70373,332.99,0.52,0.41,2026-08-29,1921,N20,nominal,2.0NRT,301.02,4.04,D
17.88112,-89.29623,336.55,0.38,0.36,2026-08-29,1917,N20,nominal,2.0NRT,297.41,2.13,D
32.94715,-90.97498,347.96,0.42,0.38,2026-08-29,1921,N20,nominal,2.0NRT,304.33,34.42,D
32.94657,-90.97946,347.25,0.42,0.38,2026-08-29,1921,N20,nominal,2.0NRT,316.75,34.42,D
17.66642,-91.39614,335.16,0.41,0.37,2026-08-29,1917,N20,low,2.0NRT,304.33,2.18,D
32.95059,-90.97562,335.46,0.42,0.38,2026-08-29,1921,N20,nominal,2.0NRT,303.35,46.94,D
17.6658,-91.39996,332.93,0.41,0.37,2026-08-29,1917,N20,low,2.0NRT,304.04,2.18,D
33.27798,-88.26932,331.81,0.55,0.42,2026-08-29,1921,N20,nominal,2.0NRT,299.56,1.98,D
17.72986,-91.26261,336.8,0.41,0.37,2026-08-29,1917,N20,nominal,2.0NRT,305.24,2.58,D
32.95403,-90.97626,337.56,0.42,0.38,2026-08-29,1921,N20,nominal,2.0NRT,305.76,46.94,D
17.72393,-91.4496,334.66,0.41,0.37,2026-08-29,1917,N20,low,2.0NRT,307.97,8.18,D
33.37143,-87.96082,339.72,0.57,0.43,2026-08-29,1921,N20,nominal,2.0NRT,300.23,7.64,D
18.10926,-89.22414,335.76,0.39,0.36,2026-08-29,1917,N20,nominal,2.0NRT,301.03,2.93,D
33.43882,-88.56739,336.32,0.53,0.42,2026-08-29,1921,N20,nominal,2.0NRT,305.84,9.25,D
17.71743,-91.74695,342.75,0.42,0.38,2026-08-29,1917,N20,low,2.0NRT,308.27,6.34,D
17.7299,-91.69298,335.9,0.42,0.37,2026-08-29,1917,N20,low,2.0NRT,303.74,6.27,D
33.44055,-88.56927,347.23,0.53,0.42,2026-08-29,1921,N20,nominal,2.0NRT,308.84,10.41,D
33.34057,-90.43594,341.58,0.44,0.38,2026-08-29,1921,N20,nominal,2.0NRT,308.59,7.34,D
17.72086,-91.74753,335.88,0.42,0.38,2026-08-29,1917,N20,low,2.0NRT,306.59,6.34,D
33.3435,-90.44129,351.02,0.44,0.38,2026-08-29,1921,N20,nominal,2.0NRT,320.32,16.47,D
17.72021,-91.75143,347.04,0.42,0.38,2026-08-29,1917,N20,low,2.0NRT,306.98,6.34,D
33.34702,-90.44193,346.6,0.44,0.38,2026-08-29,1921,N20,nominal,2.0NRT,314.53,16.47,D
17.80001,-91.62953,343.94,0.42,0.37,2026-08-29,1917,N20,low,2.0NRT,307.69,11.39,D
33.34994,-90.44728,354.06,0.44,0.38,2026-08-29,1921,N20,nominal,2.0NRT,316.46,34.97,D
17.7784,-91.82652,342.69,0.42,0.38,2026-08-29,1917,N20,low,2.0NRT,310.7,7.14,D
33.35346,-90.44791,354.99,0.44,0.38,2026-08-29,1921,N20,nominal,2.0NRT,319.27,34.97,D
17.77711,-91.8344,336.5,0.42,0.38,2026-08-29,1917,N20,low,2.0NRT,307.81,6.21,D
33.35287,-90.45264,316.25,0.44,0.38,2026-08-29,1921,N20,low,2.0NRT,323.7,54.14,D
17.78183,-91.82715,335.45,0.42,0.38,2026-08-29,1917,N20,low,2.0NRT,310.01,7.84,D
33.3713,-90.33467,345.27,0.45,0.39,2026-08-29,1921,N20,nominal,2.0NRT,315,7.04,D
17.78054,-91.83503,349.52,0.42,0.38,2026-08-29,1917,N20,low,2.0NRT,312.42,8.07,D
33.35698,-90.44855,337.61,0.44,0.38,2026-08-29,1921,N20,nominal,2.0NRT,306.29,4.54,D
17.78397,-91.83564,345.01,0.42,0.38,2026-08-29,1917,N20,low,2.0NRT,309.09,8.07,D
33.35638,-90.45327,339.51,0.44,0.38,2026-08-29,1921,N20,nominal,2.0NRT,309.3,8.16,D
17.78741,-91.83627,341.41,0.42,0.38,2026-08-29,1917,N20,low,2.0NRT,310.57,15.9,D
33.50257,-89.96847,334.05,0.46,0.39,2026-08-29,1921,N20,low,2.0NRT,306.85,5.01,D
17.79084,-91.83688,351.64,0.42,0.38,2026-08-29,1917,N20,nominal,2.0NRT,312.4,15.9,D
32.4544,-97.04209,342.03,0.46,0.39,2026-08-29,1921,N20,low,2.0NRT,312.51,12.24,D
17.81364,-91.74007,334.18,0.42,0.38,2026-08-29,1917,N20,nominal,2.0NRT,301.55,2.14,D
34.08093,-86.18789,335.88,0.48,0.48,2026-08-29,1921,N20,nominal,2.0NRT,297.99,2.83,D
17.81833,-91.73287,333.85,0.42,0.38,2026-08-29,1917,N20,nominal,2.0NRT,302.18,1.53,D
33.66231,-90.34322,348.72,0.45,0.39,2026-08-29,1921,N20,low,2.0NRT,321.77,50.12,D
17.78504,-91.93754,338.06,0.43,0.38,2026-08-29,1917,N20,low,2.0NRT,305,5.26,D
33.61126,-90.94118,344.53,0.43,0.38,2026-08-29,1921,N20,low,2.0NRT,317.82,33.12,D
17.78771,-91.93732,338.15,0.43,0.38,2026-08-29,1917,N20,low,2.0NRT,309.25,6.55,D
34.40608,-82.50099,335.13,0.4,0.6,2026-08-29,1921,N20,nominal,2.0NRT,292.93,3.95,D
18.31774,-88.66514,341.86,0.39,0.36,2026-08-29,1917,N20,nominal,2.0NRT,306.76,4.93,D
33.61472,-90.94182,348.86,0.43,0.38,2026-08-29,1921,N20,nominal,2.0NRT,318.1,33.12,D
17.84276,-91.86179,332.52,0.42,0.38,2026-08-29,1917,N20,low,2.0NRT,306.67,3.62,D
31.35336,-103.2239,354.57,0.34,0.56,2026-08-29,1921,N20,nominal,2.0NRT,309.99,3.72,D
17.85092,-91.85516,338.94,0.42,0.38,2026-08-29,1917,N20,low,2.0NRT,306,5.77,D
33.83093,-89.86184,332.7,0.47,0.4,2026-08-29,1921,N20,nominal,2.0NRT,307.19,4.19,D
17.69783,-92.79089,367,0.46,0.39,2026-08-29,1917,N20,high,2.0NRT,296.92,18.85,D
33.76089,-91.39722,331.8,0.41,0.37,2026-08-29,1921,N20,nominal,2.0NRT,301.78,2.84,D
17.85371,-91.8597,339.3,0.42,0.38,2026-08-29,1917,N20,low,2.0NRT,309.97,7.35,D
33.7603,-91.40166,351.94,0.41,0.37,2026-08-29,1921,N20,nominal,2.0NRT,309.61,23.71,D
17.85714,-91.86033,338.73,0.42,0.38,2026-08-29,1917,N20,low,2.0NRT,308.31,4.96,D
33.75971,-91.40613,347.38,0.41,0.37,2026-08-29,1921,N20,nominal,2.0NRT,309.76,23.71,D
17.90142,-91.71912,337.87,0.42,0.37,2026-08-29,1917,N20,nominal,2.0NRT,303.22,6.85,D
33.76431,-91.39787,331.99,0.41,0.37,2026-08-29,1921,N20,low,2.0NRT,304.84,2.84,D
17.90078,-91.72301,337.39,0.42,0.37,2026-08-29,1917,N20,low,2.0NRT,300.62,3,D
33.76371,-91.40232,348.04,0.41,0.37,2026-08-29,1921,N20,nominal,2.0NRT,316.21,23.71,D
17.9042,-91.72362,337.09,0.42,0.37,2026-08-29,1917,N20,nominal,2.0NRT,302.14,3,D
33.76713,-91.40298,347.09,0.41,0.37,2026-08-29,1921,N20,nominal,2.0NRT,310.86,7.25,D
17.7501,-92.6554,333.92,0.45,0.39,2026-08-29,1917,N20,low,2.0NRT,304.03,46.29,D
33.76654,-91.40743,345.01,0.41,0.37,2026-08-29,1921,N20,nominal,2.0NRT,307.33,7.25,D
17.90698,-91.72813,367,0.42,0.37,2026-08-29,1917,N20,high,2.0NRT,335.71,71.77,D
33.97543,-90.02144,330.62,0.46,0.39,2026-08-29,1921,N20,low,2.0NRT,304.97,3.72,D
17.90761,-91.72424,349.81,0.42,0.37,2026-08-29,1917,N20,low,2.0NRT,312.15,71.77,D
33.45145,-94.14185,337.04,0.39,0.36,2026-08-29,1921,N20,nominal,2.0NRT,305.74,4.83,D
17.91103,-91.72485,339.66,0.42,0.37,2026-08-29,1917,N20,nominal,2.0NRT,305.4,71.77,D
31.61089,-103.9852,340.91,0.37,0.58,2026-08-29,1921,N20,nominal,2.0NRT,308.07,4.75,D
17.85875,-92.22642,353.51,0.44,0.38,2026-08-29,1917,N20,low,2.0NRT,304.27,32.05,D
34.00005,-91.49046,340.14,0.41,0.37,2026-08-29,1921,N20,low,2.0NRT,311.19,138.87,D
32.15332,-101.93137,344.33,0.55,0.51,2026-08-29,1921,N20,nominal,2.0NRT,308.27,4.51,D
17.85533,-92.24673,338.85,0.44,0.38,2026-08-29,1917,N20,low,2.0NRT,303.96,7.09,D
31.79553,-103.51958,343.28,0.35,0.56,2026-08-29,1921,N20,nominal,2.0NRT,310.19,2.37,D
17.79571,-92.81241,338.82,0.46,0.39,2026-08-29,1917,N20,low,2.0NRT,304.04,8.21,D
32.92568,-98.36507,349.13,0.52,0.41,2026-08-29,1921,N20,nominal,2.0NRT,312.53,13.61,D
17.90783,-92.16864,346.43,0.43,0.38,2026-08-29,1917,N20,nominal,2.0NRT,305.79,9.27,D
34.50337,-87.70874,333.72,0.4,0.44,2026-08-29,1921,N20,nominal,2.0NRT,301.29,2.2,D
18.07667,-92.08744,336.67,0.43,0.38,2026-08-29,1917,N20,low,2.0NRT,300.73,2.13,D
34.23592,-90.26817,341.85,0.46,0.39,2026-08-29,1921,N20,nominal,2.0NRT,308.69,4.85,D
34.2395,-90.2688,338.15,0.46,0.39,2026-08-29,1921,N20,nominal,2.0NRT,309.68,4.85,D
18.08012,-92.08806,337.75,0.43,0.38,2026-08-29,1917,N20,low,2.0NRT,300.02,6.42,D
34.1129,-91.34978,343.06,0.42,0.38,2026-08-29,1921,N20,low,2.0NRT,317.63,99.29,D
17.9638,-92.81184,338.51,0.46,0.39,2026-08-29,1917,N20,nominal,2.0NRT,303.41,4.67,D
34.16777,-91.36025,333.49,0.42,0.38,2026-08-29,1921,N20,low,2.0NRT,304.35,49.87,D
34.16717,-91.36477,367,0.42,0.38,2026-08-29,1921,N20,low,2.0NRT,329.53,164.83,D
18.68409,-88.47862,332.3,0.4,0.37,2026-08-29,1917,N20,low,2.0NRT,304.86,4.05,D
34.16193,-91.81944,331.88,0.41,0.37,2026-08-29,1921,N20,low,2.0NRT,305.16,1.04,D
18.09809,-92.22751,348.19,0.43,0.38,2026-08-29,1917,N20,nominal,2.0NRT,301.74,11.16,D
34.27575,-91.12239,330.46,0.43,0.38,2026-08-29,1921,N20,nominal,2.0NRT,304.55,2.15,D
18.10369,-92.23685,350.34,0.43,0.38,2026-08-29,1917,N20,nominal,2.0NRT,301.57,9.46,D
34.74126,-87.84373,335.39,0.4,0.44,2026-08-29,1921,N20,nominal,2.0NRT,302.79,2.55,D
18.68978,-88.51004,332.08,0.4,0.37,2026-08-29,1917,N20,nominal,2.0NRT,297.48,5.19,D
32.53323,-101.672,336.85,0.52,0.5,2026-08-29,1921,N20,low,2.0NRT,309.98,2.07,D
18.68924,-88.51376,333.35,0.4,0.37,2026-08-29,1917,N20,nominal,2.0NRT,298.18,6.47,D
34.5019,-90.73753,340.3,0.44,0.38,2026-08-29,1921,N20,nominal,2.0NRT,309.28,5.85,D
18.08498,-92.52052,346.43,0.44,0.39,2026-08-29,1917,N20,nominal,2.0NRT,297.71,5.61,D
34.50542,-90.73818,348.24,0.44,0.38,2026-08-29,1921,N20,nominal,2.0NRT,314.09,5.85,D
18.08428,-92.52468,348.85,0.44,0.39,2026-08-29,1917,N20,nominal,2.0NRT,297.71,6.94,D
34.53197,-90.69888,344.27,0.44,0.39,2026-08-29,1921,N20,low,2.0NRT,314.29,9.09,D
18.0878,-92.52532,367,0.44,0.39,2026-08-29,1917,N20,high,2.0NRT,298.55,11.69,D
34.53136,-90.70368,338.92,0.44,0.39,2026-08-29,1921,N20,low,2.0NRT,313.69,12.78,D
18.0871,-92.52948,337.04,0.45,0.39,2026-08-29,1917,N20,nominal,2.0NRT,297.98,11.69,D
34.5355,-90.69953,342.74,0.44,0.39,2026-08-29,1921,N20,nominal,2.0NRT,311.84,5.51,D
18.23177,-91.91038,347.82,0.42,0.38,2026-08-29,1917,N20,nominal,2.0NRT,304.62,15.19,D
34.53489,-90.70433,341.84,0.44,0.39,2026-08-29,1921,N20,low,2.0NRT,313.22,9.49,D
18.23046,-91.91824,351.97,0.42,0.38,2026-08-29,1917,N20,low,2.0NRT,305.98,37.06,D
34.53902,-90.70018,353.76,0.44,0.39,2026-08-29,1921,N20,nominal,2.0NRT,310.54,5.51,D
18.22981,-91.92217,350.32,0.42,0.38,2026-08-29,1917,N20,low,2.0NRT,313.38,37.06,D
34.53841,-90.70499,355.46,0.44,0.39,2026-08-29,1921,N20,nominal,2.0NRT,312.76,9.49,D
18.7119,-89.09798,336,0.39,0.36,2026-08-29,1917,N20,nominal,2.0NRT,300.38,4.95,D
34.49358,-91.08382,347.08,0.43,0.38,2026-08-29,1921,N20,nominal,2.0NRT,312.39,7.86,D
18.80168,-89.06442,340.07,0.39,0.36,2026-08-29,1917,N20,nominal,2.0NRT,304.96,5.32,D
34.85797,-88.37305,333.68,0.56,0.43,2026-08-29,1921,N20,nominal,2.0NRT,300.49,5.12,D
18.80499,-89.06497,341.47,0.39,0.36,2026-08-29,1917,N20,nominal,2.0NRT,305.31,6.7,D
34.86193,-88.3736,333.91,0.56,0.43,2026-08-29,1921,N20,nominal,2.0NRT,300.32,5.43,D
18.30045,-92.79633,332.02,0.45,0.39,2026-08-29,1917,N20,nominal,2.0NRT,295.38,2.58,D
34.86048,-88.37514,345.98,0.56,0.43,2026-08-29,1921,N20,nominal,2.0NRT,301.97,10.75,D
19.03002,-89.0578,335.47,0.39,0.36,2026-08-29,1917,N20,nominal,2.0NRT,302.52,2.35,D
31.65689,-106.43342,339.32,0.51,0.66,2026-08-29,1921,N20,nominal,2.0NRT,303.59,2.87,D
19.12004,-89.27487,342.7,0.39,0.36,2026-08-29,1917,N20,nominal,2.0NRT,306.76,31.91,D
35.81934,-81.38054,339.78,0.47,0.64,2026-08-29,1921,N20,nominal,2.0NRT,292.67,3.55,D
19.1195,-89.27853,345.37,0.39,0.36,2026-08-29,1917,N20,nominal,2.0NRT,305.42,10.74,D
34.44061,-95.1221,334.94,0.39,0.36,2026-08-29,1921,N20,nominal,2.0NRT,305.34,2.1,D
19.12011,-89.31973,334.65,0.39,0.36,2026-08-29,1917,N20,nominal,2.0NRT,301.93,3.48,D
34.48322,-95.17612,367,0.39,0.36,2026-08-29,1921,N20,high,2.0NRT,346.15,244.46,D
20.74664,-78.00938,333.53,0.55,0.68,2026-08-29,1917,N20,nominal,2.0NRT,290.46,2.36,D
34.48391,-95.17191,338.63,0.39,0.36,2026-08-29,1921,N20,nominal,2.0NRT,303.7,32.94,D
19.74532,-88.80802,344.21,0.39,0.37,2026-08-29,1917,N20,nominal,2.0NRT,310.15,12.72,D
34.4872,-95.17269,330.16,0.39,0.36,2026-08-29,1921,N20,nominal,2.0NRT,302.85,9.7,D
19.94258,-88.21637,330.32,0.41,0.37,2026-08-29,1917,N20,nominal,2.0NRT,298.67,4.32,D
34.48344,-95.29755,338.95,0.39,0.36,2026-08-29,1921,N20,low,2.0NRT,313.44,19.85,D
34.48275,-95.30176,338.11,0.39,0.36,2026-08-29,1921,N20,nominal,2.0NRT,305.06,19.85,D
35.05778,-92.22634,334.23,0.4,0.37,2026-08-29,1921,N20,nominal,2.0NRT,305.67,2.62,D
35.74334,-85.93957,338.9,0.52,0.5,2026-08-29,1921,N20,nominal,2.0NRT,304.15,4.09,D
35.45776,-89.18372,331.38,0.52,0.42,2026-08-29,1921,N20,low,2.0NRT,304.76,3.44,D
35.85202,-85.10458,349.02,0.58,0.52,2026-08-29,1921,N20,nominal,2.0NRT,306.18,35.37,D
34.26363,-97.53133,345.65,0.45,0.39,2026-08-29,1921,N20,nominal,2.0NRT,312.47,11.83,D
35.54224,-88.80783,332.97,0.55,0.42,2026-08-29,1921,N20,nominal,2.0NRT,301.6,4.42,D
35.39331,-90.37911,352.81,0.46,0.39,2026-08-29,1921,N20,nominal,2.0NRT,313.83,19.67,D
35.39268,-90.3842,344.08,0.46,0.39,2026-08-29,1921,N20,nominal,2.0NRT,308.85,19.67,D
35.3911,-90.37664,339.28,0.46,0.39,2026-08-29,1921,N20,low,2.0NRT,310.35,19.05,D
35.3905,-90.38174,352.71,0.46,0.39,2026-08-29,1921,N20,nominal,2.0NRT,316.54,19.05,D
35.43281,-90.27422,352.21,0.47,0.4,2026-08-29,1921,N20,nominal,2.0NRT,315.5,10.18,D
35.43644,-90.27487,345.56,0.47,0.4,2026-08-29,1921,N20,nominal,2.0NRT,311.96,10.18,D
35.60944,-89.94356,340.01,0.49,0.4,2026-08-29,1921,N20,low,2.0NRT,313.26,16.54,D
35.6482,-89.93387,343.13,0.49,0.4,2026-08-29,1921,N20,nominal,2.0NRT,310.13,9.65,D
34.81526,-95.90832,346.91,0.4,0.37,2026-08-29,1921,N20,nominal,2.0NRT,310.7,7.63,D
36.24742,-83.69794,353.16,0.35,0.57,2026-08-29,1921,N20,nominal,2.0NRT,294.21,8.73,D
36.24717,-83.70201,353.56,0.35,0.57,2026-08-29,1921,N20,nominal,2.0NRT,297.83,8.73,D
35.75805,-90.09895,344.73,0.48,0.4,2026-08-29,1921,N20,nominal,2.0NRT,314.25,28.08,D
35.75743,-90.10425,354.83,0.48,0.4,2026-08-29,1921,N20,nominal,2.0NRT,313.2,50.51,D
35.76233,-90.09428,345.83,0.48,0.4,2026-08-29,1921,N20,nominal,2.0NRT,314.07,28.08,D
35.76171,-90.09959,349.13,0.48,0.4,2026-08-29,1921,N20,nominal,2.0NRT,315.78,28.08,D
35.76109,-90.1049,367,0.48,0.4,2026-08-29,1921,N20,low,2.0NRT,327.53,50.51,D
35.76599,-90.09493,345.6,0.48,0.4,2026-08-29,1921,N20,nominal,2.0NRT,310.06,7.01,D
35.74171,-90.4577,333.67,0.46,0.39,2026-08-29,1921,N20,low,2.0NRT,307.81,8.05,D
34.96618,-96.13541,332.6,0.41,0.37,2026-08-29,1921,N20,low,2.0NRT,307.29,3.78,D
35.88942,-89.78046,343.83,0.5,0.41,2026-08-29,1921,N20,nominal,2.0NRT,312.45,9.25,D
35.89057,-89.78245,338.03,0.5,0.41,2026-08-29,1921,N20,low,2.0NRT,312.11,8.52,D
35.93662,-89.71149,338.7,0.5,0.41,2026-08-29,1921,N20,low,2.0NRT,309.76,8.18,D
36.68674,-78.53899,346.1,0.69,0.74,2026-08-29,1921,N20,nominal,2.0NRT,288.8,11.52,D
35.98694,-89.77086,351.42,0.5,0.41,2026-08-29,1921,N20,nominal,2.0NRT,310.58,19.6,D
35.99067,-89.77149,352.17,0.5,0.41,2026-08-29,1921,N20,nominal,2.0NRT,316.9,19.6,D
35.90356,-90.49958,337.3,0.46,0.39,2026-08-29,1921,N20,nominal,2.0NRT,310.6,3.7,D
35.99441,-89.77213,342.16,0.5,0.41,2026-08-29,1921,N20,nominal,2.0NRT,311.88,7.77,D
35.99376,-89.77765,335.23,0.5,0.41,2026-08-29,1921,N20,low,2.0NRT,308.8,3.97,D
35.99749,-89.77829,337.49,0.5,0.41,2026-08-29,1921,N20,low,2.0NRT,311.39,3.97,D
35.99504,-89.77557,337.7,0.5,0.41,2026-08-29,1921,N20,low,2.0NRT,312.13,4.35,D
35.99443,-89.7811,331.5,0.5,0.41,2026-08-29,1921,N20,low,2.0NRT,306.43,4.35,D
35.92454,-90.486,336.19,0.47,0.39,2026-08-29,1921,N20,nominal,2.0NRT,305.76,4.62,D
35.92393,-90.49114,345.36,0.46,0.39,2026-08-29,1921,N20,nominal,2.0NRT,306.67,12.9,D
35.92815,-90.48666,349.25,0.47,0.39,2026-08-29,1921,N20,nominal,2.0NRT,310.24,24.71,D
35.92754,-90.4918,346.54,0.46,0.39,2026-08-29,1921,N20,nominal,2.0NRT,311.05,20.48,D
35.92693,-90.49693,330.19,0.46,0.39,2026-08-29,1921,N20,low,2.0NRT,304.18,20.48,D
35.9372,-90.47251,334.8,0.47,0.39,2026-08-29,1921,N20,low,2.0NRT,306.19,49.36,D
35.93598,-90.48281,338.96,0.47,0.39,2026-08-29,1921,N20,nominal,2.0NRT,302.45,17.48,D
35.93659,-90.47767,367,0.47,0.39,2026-08-29,1921,N20,low,2.0NRT,325.51,49.36,D
36.52445,-84.61003,334.78,0.63,0.54,2026-08-29,1921,N20,nominal,2.0NRT,295.38,7.08,D
36.05596,-89.80854,337.77,0.5,0.41,2026-08-29,1921,N20,nominal,2.0NRT,303.21,7.07,D
36.12538,-89.77708,331.56,0.5,0.41,2026-08-29,1921,N20,low,2.0NRT,305.3,3.19,D
35.78114,-92.53887,333.85,0.4,0.37,2026-08-29,1921,N20,low,2.0NRT,307.42,3.98,D
37.04067,-84.50298,343.29,0.32,0.55,2026-08-29,1921,N20,nominal,2.0NRT,298.71,2.46,D
36.5773,-89.75474,342.61,0.51,0.41,2026-08-29,1921,N20,nominal,2.0NRT,281.58,39.94,D
36.57666,-89.76038,347.46,0.51,0.41,2026-08-29,1921,N20,nominal,2.0NRT,293.29,39.94,D
36.57603,-89.76604,334.02,0.51,0.41,2026-08-29,1921,N20,nominal,2.0NRT,276.45,10.71,D
36.69046,-91.66154,343,0.43,0.38,2026-08-29,1921,N20,nominal,2.0NRT,308.92,4.87,D
36.69393,-91.66222,343.95,0.43,0.38,2026-08-29,1921,N20,nominal,2.0NRT,304.68,4.87,D
36.69331,-91.66702,350.97,0.43,0.38,2026-08-29,1921,N20,nominal,2.0NRT,307.27,4.87,D
36.19264,-95.8111,336.22,0.39,0.36,2026-08-29,1921,N20,low,2.0NRT,311.04,2.74,D
37.63622,-83.17056,329.84,0.39,0.59,2026-08-29,1921,N20,nominal,2.0NRT,295.94,3.75,D
37.63674,-83.17226,337.42,0.39,0.59,2026-08-29,1921,N20,nominal,2.0NRT,296.04,3.49,D
36.63494,-94.72571,345.43,0.38,0.36,2026-08-29,1921,N20,nominal,2.0NRT,310.21,8.29,D
34.68539,-106.43156,334.54,0.43,0.62,2026-08-29,1921,N20,nominal,2.0NRT,299.17,3.55,D
35.11934,-104.80674,367,0.34,0.56,2026-08-29,1921,N20,high,2.0NRT,309.71,9.63,D
35.11845,-104.81034,342.15,0.34,0.56,2026-08-29,1921,N20,nominal,2.0NRT,310.24,7,D
35.95982,-101.81493,335.44,0.45,0.47,2026-08-29,1921,N20,low,2.0NRT,309.81,2.29,D
35.51495,-104.24935,367,0.62,0.54,2026-08-29,1921,N20,high,2.0NRT,318.6,20.06,D
35.51973,-104.25104,354.1,0.62,0.54,2026-08-29,1921,N20,nominal,2.0NRT,311.81,20.06,D
35.51822,-104.25733,342.48,0.62,0.54,2026-08-29,1921,N20,nominal,2.0NRT,316.18,20.06,D
35.5174,-104.25027,355.34,0.62,0.54,2026-08-29,1921,N20,nominal,2.0NRT,318.08,54.51,D
35.51585,-104.25654,343.37,0.62,0.54,2026-08-29,1921,N20,low,2.0NRT,316.37,19.16,D
35.53176,-104.27626,341.41,0.62,0.54,2026-08-29,1921,N20,low,2.0NRT,316.02,13.35,D
35.5397,-104.28625,342.66,0.62,0.54,2026-08-29,1921,N20,low,2.0NRT,317.08,17.76,D
37.95966,-92.50764,343.17,0.42,0.37,2026-08-29,1921,N20,nominal,2.0NRT,296.81,7.22,D
38.69406,-90.13206,346.16,0.51,0.41,2026-08-29,1921,N20,nominal,2.0NRT,305.96,9.28,D
38.69341,-90.13798,330.05,0.51,0.41,2026-08-29,1921,N20,low,2.0NRT,302.5,6.79,D
38.69785,-90.13274,325.36,0.51,0.41,2026-08-29,1921,N20,low,2.0NRT,299.69,4.2,D
35.88935,-105.80175,340.05,0.37,0.58,2026-08-29,1921,N20,nominal,2.0NRT,292.55,5.13,D
38.17046,-95.06744,342.12,0.38,0.36,2026-08-29,1921,N20,nominal,2.0NRT,308.01,5.3,D
38.17373,-95.06824,340.66,0.38,0.36,2026-08-29,1921,N20,low,2.0NRT,311.15,8.61,D
39.15593,-88.49726,330.11,0.42,0.45,2026-08-29,1921,N20,nominal,2.0NRT,295.43,2.42,D
39.4781,-84.36255,330.42,0.35,0.56,2026-08-29,1921,N20,low,2.0NRT,302.85,3.45,D
40.31243,-80.60557,330.59,0.56,0.69,2026-08-29,1923,N20,low,2.0NRT,302.11,7.12,D
39.49556,-92.22674,338.35,0.44,0.38,2026-08-29,1923,N20,nominal,2.0NRT,265.55,5.72,D
40.39299,-79.85169,329.81,0.61,0.71,2026-08-29,1923,N20,low,2.0NRT,301,4.69,D
38.76535,-97.62532,336.32,0.41,0.37,2026-08-29,1923,N20,nominal,2.0NRT,306.27,6.14,D
41.45338,-81.67636,333.03,0.5,0.66,2026-08-29,1923,N20,low,2.0NRT,304.08,6.36,D
41.45947,-81.67651,327.34,0.5,0.66,2026-08-29,1923,N20,low,2.0NRT,300.91,5.21,D
41.45399,-81.67301,328.24,0.5,0.66,2026-08-29,1923,N20,low,2.0NRT,300.07,4.62,D
40.73614,-94.41317,330.93,0.39,0.37,2026-08-29,1923,N20,nominal,2.0NRT,296.7,2.81,D
40.35534,-98.14007,333.05,0.41,0.37,2026-08-29,1923,N20,nominal,2.0NRT,302.13,3.21,D
20.57853,-101.16602,330.78,0.77,0.77,2026-08-29,2057,N20,nominal,2.0NRT,277.15,10.18,D
22.41074,-102.39149,335.26,0.67,0.73,2026-08-29,2059,N20,low,2.0NRT,306.2,7.47,D
43.79684,-115.60696,347.66,0.39,0.44,2026-08-29,2106,N20,nominal,2.0NRT,309.61,11.46,D
22.41336,-102.3867,331.17,0.67,0.73,2026-08-29,2059,N20,low,2.0NRT,306.1,4.97,D
43.79638,-115.61174,348.59,0.39,0.44,2026-08-29,2106,N20,nominal,2.0NRT,309.61,11.46,D
22.41287,-102.39381,334.05,0.67,0.73,2026-08-29,2059,N20,low,2.0NRT,305.21,4.97,D
43.80082,-115.60786,367,0.39,0.44,2026-08-29,2106,N20,high,2.0NRT,308.23,11.46,D
43.80126,-115.6033,349.23,0.39,0.44,2026-08-29,2106,N20,nominal,2.0NRT,306.77,8.64,D
43.80037,-115.61258,344.31,0.39,0.44,2026-08-29,2106,N20,nominal,2.0NRT,310.51,11.46,D
43.80481,-115.60874,354.62,0.39,0.44,2026-08-29,2106,N20,nominal,2.0NRT,312.8,44.55,D
43.80878,-115.60979,354.2,0.39,0.44,2026-08-29,2106,N20,nominal,2.0NRT,319.96,44.55,D
43.81318,-115.60645,367,0.39,0.44,2026-08-29,2106,N20,high,2.0NRT,333.27,118.99,D
43.81887,-115.58956,367,0.39,0.44,2026-08-29,2106,N20,high,2.0NRT,304.07,16.78,D
43.81757,-115.60311,367,0.39,0.44,2026-08-29,2106,N20,high,2.0NRT,339.37,118.99,D
43.81714,-115.60755,367,0.39,0.44,2026-08-29,2106,N20,high,2.0NRT,342.86,118.99,D
43.81844,-115.59402,343.22,0.39,0.44,2026-08-29,2106,N20,nominal,2.0NRT,302.71,29.58,D
43.818,-115.59856,347.4,0.39,0.44,2026-08-29,2106,N20,nominal,2.0NRT,312.49,29.58,D
43.81394,-115.60953,367,0.39,0.44,2026-08-29,2106,N20,high,2.0NRT,335.63,184.74,D
43.81558,-115.59161,349.63,0.39,0.44,2026-08-29,2106,N20,nominal,2.0NRT,306.92,33.51,D
43.81434,-115.60516,367,0.39,0.44,2026-08-29,2106,N20,low,2.0NRT,330.37,148.64,D
43.82036,-115.58392,345.95,0.39,0.44,2026-08-29,2106,N20,nominal,2.0NRT,300.14,11.15,D
43.81997,-115.58822,345.59,0.39,0.44,2026-08-29,2106,N20,nominal,2.0NRT,298.99,11.15,D
43.81956,-115.59267,340.81,0.39,0.44,2026-08-29,2106,N20,nominal,2.0NRT,306.8,33.51,D
43.81915,-115.59724,349.81,0.39,0.44,2026-08-29,2106,N20,nominal,2.0NRT,308.14,33.51,D
43.81872,-115.6018,367,0.39,0.44,2026-08-29,2106,N20,low,2.0NRT,364.81,148.64,D
43.81831,-115.60628,367,0.39,0.44,2026-08-29,2106,N20,low,2.0NRT,343.98,148.64,D
43.82481,-115.57986,342.31,0.39,0.44,2026-08-29,2106,N20,nominal,2.0NRT,299.43,42.45,D
43.82396,-115.58915,355.93,0.39,0.44,2026-08-29,2106,N20,nominal,2.0NRT,304.27,34.09,D
43.82311,-115.59841,352.4,0.39,0.44,2026-08-29,2106,N20,nominal,2.0NRT,305.6,26.15,D
43.8227,-115.60294,352.78,0.39,0.44,2026-08-29,2106,N20,nominal,2.0NRT,303.04,51.38,D
43.82438,-115.58457,310.12,0.39,0.44,2026-08-29,2106,N20,low,2.0NRT,321.98,34.09,D
43.82795,-115.59012,343.27,0.39,0.44,2026-08-29,2106,N20,nominal,2.0NRT,299.19,34.09,D
43.84034,-115.58839,333.16,0.39,0.44,2026-08-29,2106,N20,nominal,2.0NRT,302,3.95,D
43.84472,-115.58508,331.17,0.39,0.44,2026-08-29,2106,N20,nominal,2.0NRT,299.39,4.11,D
44.80829,-118.24765,336.75,0.47,0.4,2026-08-29,2106,N20,nominal,2.0NRT,293,10.93,D
44.81187,-118.24869,367,0.47,0.4,2026-08-29,2106,N20,high,2.0NRT,300.47,10.93,D
44.81059,-118.25983,344.67,0.47,0.39,2026-08-29,2106,N20,nominal,2.0NRT,295.7,8.24,D
44.80993,-118.26556,349.8,0.47,0.39,2026-08-29,2106,N20,nominal,2.0NRT,302.25,16.84,D
44.81281,-118.27261,332.53,0.47,0.39,2026-08-29,2106,N20,nominal,2.0NRT,297.07,6.93,D
44.81926,-118.28067,332.73,0.47,0.39,2026-08-29,2106,N20,nominal,2.0NRT,289.57,13.48,D
44.81857,-118.28661,353.55,0.47,0.39,2026-08-29,2106,N20,nominal,2.0NRT,304.21,13.48,D
44.82829,-118.23452,335.16,0.47,0.4,2026-08-29,2106,N20,nominal,2.0NRT,293.83,3.51,D
44.82281,-118.28178,350.81,0.47,0.39,2026-08-29,2106,N20,nominal,2.0NRT,296.23,13.48,D
44.82213,-118.28767,343.84,0.47,0.39,2026-08-29,2106,N20,nominal,2.0NRT,296.56,13.48,D
44.83056,-118.24689,331.41,0.47,0.4,2026-08-29,2106,N20,nominal,2.0NRT,293.45,3.16,D
44.83955,-118.20106,341.48,0.47,0.4,2026-08-29,2106,N20,nominal,2.0NRT,290.44,11.15,D
44.82922,-118.23067,330.11,0.47,0.4,2026-08-29,2106,N20,nominal,2.0NRT,290.54,4.44,D
44.82394,-118.2781,336.21,0.47,0.39,2026-08-29,2106,N20,nominal,2.0NRT,292.65,3.21,D
44.82329,-118.28389,333.9,0.47,0.39,2026-08-29,2106,N20,nominal,2.0NRT,294.35,3.21,D
44.82262,-118.28986,333.25,0.47,0.39,2026-08-29,2106,N20,nominal,2.0NRT,296.61,5.54,D
44.83971,-118.20286,338.57,0.47,0.4,2026-08-29,2106,N20,nominal,2.0NRT,286.91,9.22,D
45.44736,-113.25941,336.08,0.52,0.5,2026-08-29,2106,N20,nominal,2.0NRT,292.37,7.76,D
45.61077,-113.15133,328.14,0.53,0.5,2026-08-29,2106,N20,nominal,2.0NRT,296.97,3.98,D
46.07707,-115.11583,328.91,0.43,0.46,2026-08-29,2106,N20,nominal,2.0NRT,291.68,1.92,D
46.08476,-115.07532,339.49,0.43,0.46,2026-08-29,2106,N20,nominal,2.0NRT,295.89,5.32,D
46.08817,-115.18661,356.33,0.43,0.46,2026-08-29,2106,N20,nominal,2.0NRT,297.4,20.32,D
46.09423,-115.16558,355.34,0.43,0.46,2026-08-29,2106,N20,nominal,2.0NRT,303.75,19.36,D
46.09457,-115.1615,334.44,0.43,0.46,2026-08-29,2106,N20,nominal,2.0NRT,298.89,12.8,D
46.0941,-115.16726,355.44,0.43,0.46,2026-08-29,2106,N20,nominal,2.0NRT,302.98,12.8,D
46.12685,-115.07895,335.56,0.44,0.46,2026-08-29,2106,N20,nominal,2.0NRT,294.73,5.88,D
46.13103,-115.08019,342.85,0.44,0.46,2026-08-29,2106,N20,nominal,2.0NRT,294.74,5.88,D
45.23019,-123.16558,340.33,0.38,0.36,2026-08-29,2106,N20,nominal,2.0NRT,293.14,5.08,D
45.77816,-119.3063,367,0.44,0.38,2026-08-29,2106,N20,high,2.0NRT,333.06,60.5,D
45.77884,-119.30064,343.08,0.44,0.38,2026-08-29,2106,N20,nominal,2.0NRT,301.93,13.63,D
45.78099,-119.31279,345.7,0.44,0.38,2026-08-29,2106,N20,nominal,2.0NRT,304.08,60.5,D
45.7803,-119.31846,352.42,0.44,0.38,2026-08-29,2106,N20,nominal,2.0NRT,312.57,9.34,D
45.77961,-119.32409,347.28,0.44,0.38,2026-08-29,2106,N20,nominal,2.0NRT,308.85,9.34,D
45.7831,-119.32231,335.35,0.44,0.38,2026-08-29,2106,N20,nominal,2.0NRT,302.21,3.04,D
46.24981,-115.0874,339.92,0.44,0.46,2026-08-29,2106,N20,nominal,2.0NRT,293.32,6.19,D
46.25726,-115.10139,340.76,0.44,0.46,2026-08-29,2106,N20,nominal,2.0NRT,297.41,26.09,D
46.26093,-115.10883,348.17,0.44,0.46,2026-08-29,2106,N20,nominal,2.0NRT,313.12,26.09,D
46.27168,-115.0295,346.49,0.44,0.46,2026-08-29,2106,N20,nominal,2.0NRT,285.22,7.35,D
46.27129,-115.03442,342.65,0.44,0.46,2026-08-29,2106,N20,nominal,2.0NRT,279.48,8.22,D
46.27591,-115.03048,341.36,0.44,0.46,2026-08-29,2106,N20,nominal,2.0NRT,288.04,7.35,D
46.27551,-115.03537,349.87,0.44,0.46,2026-08-29,2106,N20,nominal,2.0NRT,280.46,8.22,D
46.27533,-115.09,367,0.44,0.46,2026-08-29,2106,N20,high,2.0NRT,331.72,147.92,D
46.28092,-115.02172,332.28,0.44,0.46,2026-08-29,2106,N20,nominal,2.0NRT,286.43,123.41,D
46.28052,-115.02664,354.82,0.44,0.46,2026-08-29,2106,N20,nominal,2.0NRT,289.7,276.56,D
46.27932,-115.04138,345.87,0.44,0.46,2026-08-29,2106,N20,nominal,2.0NRT,287.04,40.16,D
46.27491,-115.09512,333.23,0.44,0.46,2026-08-29,2106,N20,nominal,2.0NRT,296.72,23.21,D
46.28013,-115.03148,356.28,0.44,0.46,2026-08-29,2106,N20,low,2.0NRT,288.85,276.56,D
46.27972,-115.03638,356.28,0.44,0.46,2026-08-29,2106,N20,low,2.0NRT,286.43,40.16,D
46.2856,-115.01705,344.66,0.44,0.46,2026-08-29,2106,N20,nominal,2.0NRT,286.24,123.41,D
46.28354,-115.04238,352.55,0.44,0.46,2026-08-29,2106,N20,nominal,2.0NRT,285.51,40.16,D
46.28313,-115.04741,338.59,0.44,0.46,2026-08-29,2106,N20,nominal,2.0NRT,279.52,11.56,D
46.28474,-115.02763,367,0.44,0.46,2026-08-29,2106,N20,low,2.0NRT,368.13,276.56,D
46.28433,-115.03265,367,0.44,0.46,2026-08-29,2106,N20,low,2.0NRT,361.89,276.56,D
46.28938,-115.02353,346.26,0.44,0.46,2026-08-29,2106,N20,nominal,2.0NRT,287.26,15.73,D
46.28815,-115.03864,347.26,0.44,0.46,2026-08-29,2106,N20,nominal,2.0NRT,283.41,6.1,D
46.28777,-115.0433,340.18,0.44,0.46,2026-08-29,2106,N20,nominal,2.0NRT,283.16,6.1,D
46.29313,-115.03015,337.21,0.44,0.46,2026-08-29,2106,N20,nominal,2.0NRT,288,159.08,D
46.29275,-115.03492,349.83,0.44,0.46,2026-08-29,2106,N20,nominal,2.0NRT,286.04,159.08,D
46.29237,-115.03959,338.23,0.44,0.46,2026-08-29,2106,N20,nominal,2.0NRT,287.64,6.1,D
46.29735,-115.03126,340.44,0.44,0.46,2026-08-29,2106,N20,nominal,2.0NRT,285.83,5.43,D
46.29697,-115.03582,335.64,0.44,0.46,2026-08-29,2106,N20,nominal,2.0NRT,285.88,5.43,D
46.79625,-115.18714,325.6,0.44,0.46,2026-08-29,2106,N20,nominal,2.0NRT,292.56,4.75,D
46.81404,-115.23206,326.97,0.44,0.46,2026-08-29,2106,N20,nominal,2.0NRT,294.38,3.4,D
46.83246,-115.21701,328.58,0.44,0.46,2026-08-29,2106,N20,nominal,2.0NRT,295.69,4.03,D
47.41186,-113.03193,332.73,0.56,0.51,2026-08-29,2106,N20,nominal,2.0NRT,297.29,5.85,D
47.40765,-113.03239,340.79,0.56,0.51,2026-08-29,2108,N20,nominal,2.0NRT,296.13,11.24,D
47.57082,-122.37112,331.17,0.39,0.36,2026-08-29,2108,N20,nominal,2.0NRT,298.06,3.8,D
48.85991,-116.62447,326.8,0.4,0.44,2026-08-29,2108,N20,nominal,2.0NRT,288.14,3.2,D
48.8801,-116.62223,329.59,0.4,0.44,2026-08-29,2108,N20,nominal,2.0NRT,289.69,3.15,D
48.88507,-116.61247,353.65,0.4,0.44,2026-08-29,2108,N20,nominal,2.0NRT,292.11,12.08,D
48.89115,-116.58945,326.08,0.4,0.44,2026-08-29,2108,N20,nominal,2.0NRT,288.73,3.54,D
48.89029,-116.59965,348.35,0.4,0.44,2026-08-29,2108,N20,nominal,2.0NRT,297.93,43.1,D
48.88992,-116.60399,337,0.4,0.44,2026-08-29,2108,N20,nominal,2.0NRT,295.07,33.51,D
48.8953,-116.58935,332.73,0.4,0.44,2026-08-29,2108,N20,nominal,2.0NRT,288.68,3.54,D
48.89441,-116.5998,333.23,0.4,0.44,2026-08-29,2108,N20,nominal,2.0NRT,301.61,43.1,D
48.90456,-116.57784,325.82,0.4,0.44,2026-08-29,2108,N20,nominal,2.0NRT,286.38,2.29,D
48.90876,-116.57715,344.75,0.4,0.44,2026-08-29,2108,N20,nominal,2.0NRT,292.49,7.2,D
49.99394,-108.28798,331.86,0.48,0.65,2026-08-29,2108,N20,nominal,2.0NRT,300.47,4.26,D
49.69841,-116.67194,338.87,0.41,0.45,2026-08-29,2108,N20,nominal,2.0NRT,292.08,9.21,D
23.36554,-102.08995,338.01,0.71,0.75,2026-08-29,2059,N20,nominal,2.0NRT,302.02,9.31,D
23.36535,-102.08951,340.84,0.71,0.75,2026-08-29,2059,N20,nominal,2.0NRT,301.68,6.23,D
24.70146,-107.78939,334.73,0.63,0.54,2026-08-29,2059,N20,nominal,2.0NRT,299.58,3.76,D
24.70146,-107.79145,338.28,0.63,0.54,2026-08-29,2059,N20,nominal,2.0NRT,299.99,3.31,D
25.65495,-103.36112,337.87,0.62,0.71,2026-08-29,2059,N20,nominal,2.0NRT,302.41,5.28,D
25.65336,-103.36019,348.4,0.62,0.71,2026-08-29,2059,N20,nominal,2.0NRT,303.35,8.52,D
28.64385,-105.97136,336.22,0.45,0.63,2026-08-29,2101,N20,low,2.0NRT,309.34,7,D
29.47626,-110.96688,335.34,0.46,0.47,2026-08-29,2101,N20,nominal,2.0NRT,301.67,3.32,D
31.35639,-103.22308,336.92,0.7,0.75,2026-08-29,2101,N20,nominal,2.0NRT,305.78,2.03,D
31.35663,-106.0237,367,0.48,0.65,2026-08-29,2101,N20,high,2.0NRT,305.58,10.04,D
31.35693,-106.01862,344.8,0.48,0.65,2026-08-29,2101,N20,nominal,2.0NRT,302.92,10.04,D
31.65691,-103.51663,336,0.68,0.74,2026-08-29,2101,N20,nominal,2.0NRT,305.64,2.76,D
30.95372,-116.14907,338.34,0.41,0.37,2026-08-29,2101,N20,low,2.0NRT,310.43,5.11,D
32.48734,-102.73598,350.36,0.76,0.77,2026-08-29,2101,N20,nominal,2.0NRT,301.53,11.67,D
32.49068,-102.73449,352.79,0.76,0.77,2026-08-29,2101,N20,nominal,2.0NRT,301.19,11.77,D
32.56819,-116.61185,343.91,0.41,0.37,2026-08-29,2101,N20,low,2.0NRT,318.36,20.68,D
33.41963,-110.85969,336.96,0.52,0.5,2026-08-29,2101,N20,low,2.0NRT,308.47,9.29,D
33.41911,-110.86551,339.5,0.52,0.5,2026-08-29,2101,N20,low,2.0NRT,309.71,15.22,D
33.43106,-112.35944,348.12,0.43,0.46,2026-08-29,2101,N20,nominal,2.0NRT,309.73,8.82,D
33.4317,-112.35831,345.86,0.43,0.46,2026-08-29,2101,N20,nominal,2.0NRT,311.37,10.74,D
34.67827,-106.43285,367,0.49,0.65,2026-08-29,2104,N20,high,2.0NRT,300.75,8.21,D
34.67851,-106.42792,335.08,0.49,0.65,2026-08-29,2104,N20,nominal,2.0NRT,295.68,8.21,D
33.79366,-117.4733,342.89,0.4,0.37,2026-08-29,2104,N20,low,2.0NRT,313.79,6.23,D
33.77989,-118.24183,336.07,0.39,0.36,2026-08-29,2104,N20,low,2.0NRT,311.06,4.18,D
35.51459,-104.24284,367,0.65,0.73,2026-08-29,2104,N20,high,2.0NRT,307.84,19.52,D
35.51433,-104.25152,346.66,0.65,0.73,2026-08-29,2104,N20,nominal,2.0NRT,308.99,12.08,D
35.52109,-104.25137,336.97,0.65,0.73,2026-08-29,2104,N20,nominal,2.0NRT,305.99,10.18,D
35.53412,-104.26722,356.72,0.65,0.73,2026-08-29,2104,N20,nominal,2.0NRT,298.59,7.61,D
35.55413,-104.27482,367,0.65,0.73,2026-08-29,2104,N20,high,2.0NRT,302.87,16.27,D
35.55387,-104.2828,367,0.65,0.73,2026-08-29,2104,N20,high,2.0NRT,305.63,18.49,D
35.51709,-104.2422,367,0.66,0.73,2026-08-29,2104,N20,high,2.0NRT,306.99,15.02,D
35.51688,-104.25072,367,0.65,0.73,2026-08-29,2104,N20,high,2.0NRT,309.18,15.02,D
35.51614,-104.28075,340.56,0.65,0.73,2026-08-29,2104,N20,nominal,2.0NRT,306.77,9.52,D
35.5568,-104.27434,367,0.65,0.73,2026-08-29,2104,N20,high,2.0NRT,304.02,27.6,D
35.55659,-104.28221,347.32,0.65,0.73,2026-08-29,2104,N20,nominal,2.0NRT,314.05,27.6,D
35.56356,-104.27431,354.22,0.65,0.73,2026-08-29,2104,N20,nominal,2.0NRT,300.41,27.6,D
35.56335,-104.28194,352.86,0.65,0.73,2026-08-29,2104,N20,nominal,2.0NRT,292.62,27.6,D
35.9007,-105.80169,367,0.54,0.68,2026-08-29,2104,N20,high,2.0NRT,298.45,24.92,D
35.89882,-105.79925,367,0.54,0.68,2026-08-29,2104,N20,high,2.0NRT,298.35,23.79,D
35.88834,-121.39056,348.88,0.4,0.37,2026-08-29,2104,N20,nominal,2.0NRT,305.07,90.31,D
35.88906,-121.38623,367,0.4,0.37,2026-08-29,2104,N20,low,2.0NRT,337.49,90.31,D
35.89236,-121.38718,367,0.4,0.37,2026-08-29,2104,N20,high,2.0NRT,342.74,134.78,D
35.89164,-121.39153,367,0.4,0.37,2026-08-29,2104,N20,high,2.0NRT,333.88,134.78,D
35.89091,-121.39587,355.16,0.4,0.37,2026-08-29,2104,N20,nominal,2.0NRT,310.95,48.2,D
35.8942,-121.3969,367,0.4,0.37,2026-08-29,2104,N20,low,2.0NRT,325.21,48.2,D
35.90701,-121.38227,351.95,0.4,0.37,2026-08-29,2104,N20,nominal,2.0NRT,310.87,36.77,D
35.91032,-121.38307,367,0.4,0.37,2026-08-29,2104,N20,high,2.0NRT,339.86,36.77,D
35.91106,-121.37864,367,0.4,0.37,2026-08-29,2104,N20,low,2.0NRT,369.07,237.91,D
35.9133,-121.3788,367,0.4,0.37,2026-08-29,2104,N20,high,2.0NRT,349.59,266.97,D
35.89912,-121.46268,343.88,0.4,0.37,2026-08-29,2104,N20,nominal,2.0NRT,304.31,5.7,D
35.92175,-121.39014,367,0.4,0.37,2026-08-29,2104,N20,low,2.0NRT,333.05,49.86,D
35.92657,-121.38203,367,0.4,0.37,2026-08-29,2104,N20,high,2.0NRT,355.05,224.26,D
35.92583,-121.38645,367,0.4,0.37,2026-08-29,2104,N20,high,2.0NRT,346.18,119.65,D
35.9273,-121.37768,367,0.4,0.37,2026-08-29,2104,N20,low,2.0NRT,361.21,224.26,D
35.9306,-121.37857,367,0.4,0.37,2026-08-29,2104,N20,low,2.0NRT,374.52,224.26,D
35.92989,-121.38284,367,0.4,0.37,2026-08-29,2104,N20,low,2.0NRT,361.73,224.26,D
35.93579,-121.38882,367,0.4,0.37,2026-08-29,2104,N20,high,2.0NRT,355.5,175.34,D
35.93431,-121.39767,356.24,0.4,0.37,2026-08-29,2104,N20,low,2.0NRT,305.84,45.71,D
35.93911,-121.38963,367,0.4,0.37,2026-08-29,2104,N20,high,2.0NRT,360.03,225.6,D
35.93838,-121.394,367,0.4,0.37,2026-08-29,2104,N20,high,2.0NRT,343.4,225.6,D
35.93764,-121.39839,367,0.4,0.37,2026-08-29,2104,N20,high,2.0NRT,356.13,162.05,D
35.93403,-121.41996,367,0.4,0.37,2026-08-29,2104,N20,high,2.0NRT,359.8,105.39,D
35.93331,-121.42426,367,0.4,0.37,2026-08-29,2104,N20,high,2.0NRT,338.95,59.97,D
35.93475,-121.41566,351.85,0.4,0.37,2026-08-29,2104,N20,nominal,2.0NRT,311.79,105.39,D
35.93983,-121.38535,367,0.4,0.37,2026-08-29,2104,N20,low,2.0NRT,329.81,237.17,D
35.9369,-121.40279,367,0.4,0.37,2026-08-29,2104,N20,low,2.0NRT,328.9,162.05,D
35.94097,-121.39914,367,0.4,0.37,2026-08-29,2104,N20,high,2.0NRT,296.97,162.05,D
35.94024,-121.40353,367,0.4,0.37,2026-08-29,2104,N20,high,2.0NRT,357.21,162.05,D
35.93951,-121.40783,367,0.4,0.37,2026-08-29,2104,N20,high,2.0NRT,336.58,88.55,D
35.93808,-121.41642,367,0.4,0.37,2026-08-29,2104,N20,high,2.0NRT,347.54,105.39,D
35.93736,-121.42071,367,0.4,0.37,2026-08-29,2104,N20,high,2.0NRT,350.3,105.39,D
35.93664,-121.42501,351.16,0.4,0.37,2026-08-29,2104,N20,nominal,2.0NRT,323.35,59.97,D
35.9388,-121.41213,367,0.4,0.37,2026-08-29,2104,N20,low,2.0NRT,325.6,88.55,D
35.94213,-121.41287,367,0.4,0.37,2026-08-29,2104,N20,high,2.0NRT,359.98,248.93,D
35.94141,-121.41718,367,0.4,0.37,2026-08-29,2104,N20,high,2.0NRT,359.93,170.02,D
35.94285,-121.40855,367,0.4,0.37,2026-08-29,2104,N20,low,2.0NRT,353.93,248.93,D
35.94068,-121.4215,367,0.4,0.37,2026-08-29,2104,N20,low,2.0NRT,342.53,170.02,D
35.94618,-121.4093,367,0.4,0.37,2026-08-29,2104,N20,high,2.0NRT,334.93,248.93,D
35.94401,-121.42228,367,0.4,0.37,2026-08-29,2104,N20,high,2.0NRT,345.45,170.02,D
35.94325,-121.42677,348.87,0.4,0.37,2026-08-29,2104,N20,nominal,2.0NRT,310.03,40.12,D
35.94546,-121.4136,367,0.4,0.37,2026-08-29,2104,N20,low,2.0NRT,372.2,248.93,D
35.94474,-121.41791,367,0.4,0.37,2026-08-29,2104,N20,low,2.0NRT,367.58,170.02,D
35.94878,-121.41445,367,0.4,0.37,2026-08-29,2104,N20,high,2.0NRT,350.28,199.92,D
35.94806,-121.41873,367,0.4,0.37,2026-08-29,2104,N20,high,2.0NRT,363.53,80.58,D
35.94351,-121.44587,350.44,0.4,0.37,2026-08-29,2104,N20,nominal,2.0NRT,300.73,24.89,D
35.94276,-121.4503,353.69,0.4,0.37,2026-08-29,2104,N20,nominal,2.0NRT,298.77,24.89,D
35.95063,-121.424,348.26,0.4,0.37,2026-08-29,2104,N20,nominal,2.0NRT,302.09,80.58,D
35.94987,-121.42851,353.16,0.4,0.37,2026-08-29,2104,N20,nominal,2.0NRT,308.01,36.38,D
36.20877,-121.63599,345.6,0.4,0.37,2026-08-29,2104,N20,nominal,2.0NRT,307.18,7.92,D
36.24842,-121.77106,348.27,0.4,0.37,2026-08-29,2104,N20,nominal,2.0NRT,316.12,8.1,D
36.26188,-121.77358,340.79,0.4,0.37,2026-08-29,2104,N20,low,2.0NRT,312.14,8.01,D
36.26524,-121.77424,339.1,0.4,0.37,2026-08-29,2104,N20,low,2.0NRT,311.13,8.86,D
36.29617,-121.72495,335.23,0.4,0.37,2026-08-29,2104,N20,low,2.0NRT,306.94,3.29,D
37.93938,-121.25964,339.02,0.39,0.36,2026-08-29,2104,N20,low,2.0NRT,312.38,1.28,D
38.57594,-121.48591,340.44,0.39,0.36,2026-08-29,2104,N20,low,2.0NRT,311.16,3.1,D
38.51928,-122.79675,337.5,0.41,0.37,2026-08-29,2104,N20,low,2.0NRT,309.91,1.16,D
39.01756,-121.83981,342.29,0.39,0.36,2026-08-29,2104,N20,nominal,2.0NRT,314.11,5.53,D
39.02084,-121.84068,347.45,0.39,0.36,2026-08-29,2104,N20,nominal,2.0NRT,312.48,5.53,D
39.01939,-121.84955,353.98,0.39,0.36,2026-08-29,2104,N20,nominal,2.0NRT,306.61,9.34,D
39.34023,-121.70561,346.71,0.39,0.36,2026-08-29,2104,N20,nominal,2.0NRT,309.71,6.11,D
39.93899,-120.93401,335.05,0.38,0.36,2026-08-29,2104,N20,nominal,2.0NRT,303.42,3.17,D
41.85456,-117.38641,334.94,0.47,0.4,2026-08-29,2106,N20,low,2.0NRT,306.83,3.19,D
19.40369,-155.28366,328.46,0.77,0.77,2026-08-29,2242,N20,low,2.0NRT,298.9,22.3,D
19.41059,-155.27251,337.43,0.45,0.63,2026-08-30,0022,N20,nominal,2.0NRT,295.92,7.95,D
20.77063,-76.39802,312.82,0.44,0.62,2026-08-30,0605,N20,nominal,2.0NRT,286.51,0.5,N
39.95513,-74.77044,298.45,0.52,0.67,2026-08-30,0559,N20,nominal,2.0NRT,286.34,0.09,N
48.18626,-64.92241,304.56,0.4,0.44,2026-08-30,0557,N20,nominal,2.0NRT,284.94,1.28,N
20.76929,-76.39724,305.38,0.44,0.62,2026-08-30,0605,N20,nominal,2.0NRT,285.5,0.3,N
39.94232,-76.81709,297.77,0.67,0.74,2026-08-30,0559,N20,nominal,2.0NRT,283.63,1.37,N
45.78292,-73.91495,295.3,0.51,0.66,2026-08-30,0559,N20,nominal,2.0NRT,284.29,0.19,N
20.65303,-76.33384,311.64,0.43,0.62,2026-08-30,0605,N20,nominal,2.0NRT,288.03,1.91,N
39.591,-75.63831,307.68,0.58,0.7,2026-08-30,0601,N20,nominal,2.0NRT,288.88,1.99,N
45.34115,-73.52763,299.53,0.49,0.65,2026-08-30,0559,N20,nominal,2.0NRT,285.72,0.6,N
20.65714,-76.33334,306.64,0.43,0.62,2026-08-30,0605,N20,nominal,2.0NRT,287.94,1.51,N
39.59047,-75.6391,307.86,0.58,0.7,2026-08-30,0601,N20,nominal,2.0NRT,287.93,1.71,N
45.33942,-73.52551,299.32,0.49,0.65,2026-08-30,0559,N20,nominal,2.0NRT,286.01,0.69,N
20.65672,-76.32915,309.01,0.43,0.62,2026-08-30,0605,N20,nominal,2.0NRT,288.14,1.59,N
36.35761,-76.81046,299.24,0.64,0.72,2026-08-30,0601,N20,nominal,2.0NRT,272.24,1.38,N
45.11543,-73.01181,299.95,0.46,0.63,2026-08-30,0559,N20,nominal,2.0NRT,286.54,0.78,N
20.4894,-74.97261,310.06,0.35,0.57,2026-08-30,0605,N20,nominal,2.0NRT,288.96,0.68,N
45.11112,-73.01377,305.48,0.46,0.63,2026-08-30,0559,N20,nominal,2.0NRT,286.25,0.83,N
20.48414,-74.97295,302.15,0.35,0.57,2026-08-30,0605,N20,nominal,2.0NRT,289.98,1.2,N
20.48379,-74.96957,307.25,0.35,0.57,2026-08-30,0605,N20,nominal,2.0NRT,290.49,1.2,N
20.48348,-74.96671,316.87,0.35,0.57,2026-08-30,0605,N20,nominal,2.0NRT,290.81,1.85,N
20.47821,-74.96693,328.48,0.35,0.57,2026-08-30,0605,N20,nominal,2.0NRT,290.93,1.85,N
20.47853,-74.96998,307.13,0.35,0.57,2026-08-30,0605,N20,nominal,2.0NRT,289.99,1.2,N
20.47789,-74.96397,301.2,0.35,0.57,2026-08-30,0605,N20,nominal,2.0NRT,290.51,1.85,N
20.46799,-74.97055,321.42,0.35,0.57,2026-08-30,0605,N20,nominal,2.0NRT,290.65,2.36,N
20.27393,-75.20108,318.91,0.36,0.58,2026-08-30,0605,N20,nominal,2.0NRT,289.76,1.44,N
20.27358,-75.19775,307.62,0.36,0.57,2026-08-30,0605,N20,nominal,2.0NRT,290.35,1.44,N
19.6762,-71.70168,308.07,0.42,0.45,2026-08-30,0605,N20,nominal,2.0NRT,293.48,1.1,N
20.08569,-76.37832,300.82,0.43,0.62,2026-08-30,0605,N20,nominal,2.0NRT,289.22,0.71,N
19.4478,-71.59796,320.31,0.41,0.45,2026-08-30,0605,N20,nominal,2.0NRT,292.73,2,N
19.44836,-71.60233,315.12,0.41,0.45,2026-08-30,0605,N20,nominal,2.0NRT,292.49,1.81,N
19.44728,-71.59385,316.65,0.41,0.45,2026-08-30,0605,N20,nominal,2.0NRT,292.73,2,N
18.63866,-69.25949,325.23,0.46,0.39,2026-08-30,0605,N20,nominal,2.0NRT,294.01,2.37,N
18.89232,-71.40257,308.15,0.4,0.44,2026-08-30,0605,N20,nominal,2.0NRT,292.61,1.1,N
18.6458,-71.54595,298.75,0.4,0.44,2026-08-30,0605,N20,nominal,2.0NRT,287.32,0.95,N
18.44415,-70.61391,309.86,0.53,0.42,2026-08-30,0605,N20,nominal,2.0NRT,295.79,3.58,N
18.32184,-71.37971,315.1,0.39,0.44,2026-08-30,0605,N20,nominal,2.0NRT,294.19,3.58,N
18.378,-77.23956,303.76,0.47,0.64,2026-08-30,0608,N20,nominal,2.0NRT,290.53,1.33,N
18.37758,-77.2354,310.86,0.47,0.64,2026-08-30,0608,N20,nominal,2.0NRT,290.36,1.3,N
17.99358,-76.54526,349.41,0.42,0.61,2026-08-30,0608,N20,nominal,2.0NRT,293.3,7.82,N
17.99397,-76.54887,308.85,0.42,0.61,2026-08-30,0608,N20,nominal,2.0NRT,291.8,3.67,N
40.73367,-86.43296,300.2,0.39,0.36,2026-08-30,0741,N20,nominal,2.0NRT,285.66,0.67,N
41.32229,-92.5983,321.94,0.43,0.46,2026-08-30,0741,N20,nominal,2.0NRT,290.83,1.98,N
39.41785,-80.33033,308.75,0.52,0.42,2026-08-30,0741,N20,nominal,2.0NRT,287.62,1.02,N
39.97633,-86.83831,329.32,0.39,0.36,2026-08-30,0741,N20,nominal,2.0NRT,287.94,2.07,N
39.97567,-86.83376,304.34,0.39,0.36,2026-08-30,0741,N20,nominal,2.0NRT,288.72,2.07,N
40.01251,-87.23274,303.91,0.4,0.37,2026-08-30,0741,N20,nominal,2.0NRT,285.4,0.62,N
39.87666,-86.48586,314.66,0.39,0.36,2026-08-30,0741,N20,nominal,2.0NRT,291.14,1.62,N
39.46852,-84.38437,310.93,0.39,0.36,2026-08-30,0741,N20,nominal,2.0NRT,280.03,1.28,N
39.08683,-82.33089,305.72,0.44,0.38,2026-08-30,0741,N20,nominal,2.0NRT,289.15,0.94,N
38.5963,-82.83202,313.65,0.43,0.38,2026-08-30,0741,N20,nominal,2.0NRT,293.38,1.54,N
38.83391,-84.76073,303.11,0.39,0.36,2026-08-30,0741,N20,nominal,2.0NRT,290.02,0.61,N
38.62087,-83.6702,307.02,0.41,0.37,2026-08-30,0741,N20,nominal,2.0NRT,289.87,1.12,N
38.72266,-85.07991,304.55,0.39,0.36,2026-08-30,0741,N20,nominal,2.0NRT,290.71,0.48,N
38.71938,-85.0808,302.53,0.39,0.36,2026-08-30,0741,N20,nominal,2.0NRT,290.18,0.48,N
38.98193,-87.01303,302.8,0.39,0.36,2026-08-30,0741,N20,nominal,2.0NRT,288.71,0.51,N
38.99892,-87.72469,309.18,0.4,0.37,2026-08-30,0741,N20,nominal,2.0NRT,294.29,0.97,N
38.99557,-87.72546,302.5,0.4,0.37,2026-08-30,0741,N20,nominal,2.0NRT,291.05,0.97,N
38.99158,-87.72166,313.28,0.4,0.37,2026-08-30,0741,N20,nominal,2.0NRT,289.84,1.34,N
38.58727,-85.25394,303.76,0.39,0.36,2026-08-30,0741,N20,nominal,2.0NRT,288.64,0.35,N
38.7409,-86.4557,309.09,0.39,0.36,2026-08-30,0741,N20,nominal,2.0NRT,291.16,0.83,N
37.45922,-79.99566,301.55,0.39,0.44,2026-08-30,0741,N20,nominal,2.0NRT,289.99,0.82,N
38.65475,-86.7621,299.87,0.39,0.36,2026-08-30,0741,N20,nominal,2.0NRT,289.5,0.48,N
37.2758,-79.99734,311.16,0.39,0.44,2026-08-30,0741,N20,nominal,2.0NRT,290.82,1.33,N
38.32537,-86.04295,298.11,0.38,0.36,2026-08-30,0741,N20,nominal,2.0NRT,287.55,0.3,N
38.84018,-90.06635,304.21,0.47,0.4,2026-08-30,0741,N20,nominal,2.0NRT,293.39,2.23,N
38.8359,-90.06172,305.09,0.47,0.39,2026-08-30,0741,N20,nominal,2.0NRT,293.65,1.87,N
38.76376,-90.01594,313.24,0.46,0.39,2026-08-30,0741,N20,nominal,2.0NRT,290.04,0.71,N
37.60529,-82.73326,307.26,0.45,0.39,2026-08-30,0741,N20,nominal,2.0NRT,290.79,0.49,N
37.63624,-83.17272,327.79,0.43,0.38,2026-08-30,0741,N20,nominal,2.0NRT,291.24,2.31,N
38.73888,-90.46091,302.83,0.48,0.4,2026-08-30,0741,N20,nominal,2.0NRT,288.45,0.71,N
38.69547,-90.1287,333.59,0.47,0.4,2026-08-30,0741,N20,nominal,2.0NRT,292.58,3.74,N
38.69612,-90.13407,319.6,0.47,0.4,2026-08-30,0741,N20,nominal,2.0NRT,294.99,3.74,N
38.6938,-90.14555,310.2,0.47,0.4,2026-08-30,0741,N20,nominal,2.0NRT,291.67,1.38,N
38.69315,-90.14017,312.4,0.47,0.4,2026-08-30,0741,N20,nominal,2.0NRT,292.45,1.38,N
38.0373,-85.71548,303.34,0.39,0.36,2026-08-30,0741,N20,nominal,2.0NRT,291.65,0.69,N
39.02732,-93.93561,315.69,0.47,0.48,2026-08-30,0741,N20,nominal,2.0NRT,292.2,2.02,N
38.00702,-86.145,330.08,0.38,0.36,2026-08-30,0741,N20,nominal,2.0NRT,292.49,2.16,N
38.00306,-86.1415,320.99,0.38,0.36,2026-08-30,0741,N20,nominal,2.0NRT,291.58,1.64,N
38.00375,-86.14583,308.54,0.38,0.36,2026-08-30,0741,N20,nominal,2.0NRT,291.22,2.16,N
37.23681,-82.03767,305.62,0.48,0.4,2026-08-30,0741,N20,nominal,2.0NRT,290.14,0.83,N
37.23426,-82.04414,309.81,0.48,0.4,2026-08-30,0741,N20,nominal,2.0NRT,290.89,1.58,N
37.23323,-82.03886,314.62,0.48,0.4,2026-08-30,0741,N20,nominal,2.0NRT,291.23,1.58,N
37.80767,-85.69022,316.9,0.39,0.36,2026-08-30,0741,N20,nominal,2.0NRT,290.71,1,N
38.07545,-87.53236,302.41,0.39,0.36,2026-08-30,0741,N20,nominal,2.0NRT,290.93,0.6,N
38.01449,-87.68013,299.8,0.39,0.37,2026-08-30,0741,N20,nominal,2.0NRT,289.76,0.44,N
38.51968,-92.58278,303.26,0.4,0.44,2026-08-30,0741,N20,nominal,2.0NRT,290.23,0.41,N
38.18108,-90.33656,307.57,0.47,0.4,2026-08-30,0741,N20,nominal,2.0NRT,292.81,1.11,N
38.36769,-92.42673,315.58,0.39,0.44,2026-08-30,0741,N20,nominal,2.0NRT,290.17,1.66,N
38.76959,-97.62849,317.74,0.37,0.58,2026-08-30,0741,N20,nominal,2.0NRT,292.74,2.55,N
38.22143,-91.73253,300.06,0.54,0.42,2026-08-30,0741,N20,nominal,2.0NRT,289.04,0.55,N
38.00883,-90.0795,321.18,0.46,0.39,2026-08-30,0741,N20,nominal,2.0NRT,293.2,2.85,N
37.9763,-90.06663,305.68,0.46,0.39,2026-08-30,0741,N20,nominal,2.0NRT,292.07,0.66,N
37.96684,-90.07908,318.16,0.46,0.39,2026-08-30,0741,N20,nominal,2.0NRT,292.86,2.51,N
37.89266,-90.53452,299.1,0.48,0.4,2026-08-30,0741,N20,nominal,2.0NRT,289.01,0.68,N
36.97341,-84.58516,304.69,0.4,0.37,2026-08-30,0741,N20,nominal,2.0NRT,291.78,0.58,N
37.0086,-85.24466,309.74,0.39,0.36,2026-08-30,0741,N20,nominal,2.0NRT,290.92,0.87,N
37.2183,-87.66904,299.84,0.39,0.36,2026-08-30,0741,N20,nominal,2.0NRT,288.68,0.3,N
36.87602,-85.65779,310.79,0.39,0.36,2026-08-30,0741,N20,nominal,2.0NRT,291.54,0.77,N
37.37713,-89.86033,304,0.44,0.39,2026-08-30,0741,N20,nominal,2.0NRT,291.91,0.71,N
36.54678,-84.49595,304.27,0.41,0.37,2026-08-30,0741,N20,nominal,2.0NRT,292.15,0.56,N
37.21613,-88.88142,308.14,0.41,0.37,2026-08-30,0741,N20,nominal,2.0NRT,293.7,1.09,N
37.99164,-97.49535,298.56,0.36,0.58,2026-08-30,0744,N20,nominal,2.0NRT,283.35,0.36,N
37.07304,-88.43044,301.67,0.4,0.37,2026-08-30,0744,N20,nominal,2.0NRT,291.28,0.5,N
35.50696,-80.3315,303.67,0.41,0.45,2026-08-30,0744,N20,nominal,2.0NRT,290.82,0.71,N
35.50294,-80.33279,301.78,0.41,0.45,2026-08-30,0744,N20,nominal,2.0NRT,291.12,0.71,N
36.20538,-84.99135,301.75,0.4,0.37,2026-08-30,0744,N20,nominal,2.0NRT,291.23,0.45,N
35.9784,-83.9582,333.7,0.43,0.38,2026-08-30,0744,N20,nominal,2.0NRT,292.76,3.94,N
36.24693,-85.61584,317.52,0.39,0.36,2026-08-30,0744,N20,nominal,2.0NRT,293.79,1.63,N
36.49329,-87.50731,304.25,0.39,0.36,2026-08-30,0744,N20,nominal,2.0NRT,291.65,0.45,N
37.12747,-94.11316,304.99,0.46,0.47,2026-08-30,0744,N20,nominal,2.0NRT,292.17,0.58,N
35.74277,-84.39577,312.2,0.42,0.37,2026-08-30,0744,N20,nominal,2.0NRT,290.96,1.06,N
35.87316,-85.9167,304.69,0.39,0.36,2026-08-30,0744,N20,nominal,2.0NRT,293.7,0.58,N
35.52328,-85.13076,303.72,0.4,0.37,2026-08-30,0744,N20,nominal,2.0NRT,291.33,0.53,N
35.93739,-89.71458,328.35,0.43,0.38,2026-08-30,0744,N20,nominal,2.0NRT,296.06,3,N
35.89122,-89.77929,329.1,0.43,0.38,2026-08-30,0744,N20,nominal,2.0NRT,296.29,3.9,N
35.72972,-88.81265,318.03,0.4,0.37,2026-08-30,0744,N20,nominal,2.0NRT,293.7,1.51,N
35.72908,-88.80822,315.56,0.4,0.37,2026-08-30,0744,N20,nominal,2.0NRT,294.97,1.51,N
36.52074,-97.84138,319.02,0.37,0.58,2026-08-30,0744,N20,nominal,2.0NRT,293.55,1.79,N
35.38497,-87.3389,318.39,0.38,0.36,2026-08-30,0744,N20,nominal,2.0NRT,291.54,1.28,N
36.23751,-94.82237,310.07,0.49,0.49,2026-08-30,0744,N20,nominal,2.0NRT,294.13,1.4,N
35.67081,-89.96437,312.7,0.43,0.38,2026-08-30,0744,N20,nominal,2.0NRT,294.85,1.41,N
35.649,-89.93458,332.69,0.43,0.38,2026-08-30,0744,N20,nominal,2.0NRT,294.8,4.72,N
35.61134,-89.94698,338.28,0.43,0.38,2026-08-30,0744,N20,nominal,2.0NRT,296.67,5.21,N
34.94143,-85.70164,306.89,0.39,0.37,2026-08-30,0744,N20,nominal,2.0NRT,293.77,0.8,N
34.73157,-84.51976,302.02,0.42,0.38,2026-08-30,0744,N20,nominal,2.0NRT,290.28,0.34,N
35.7962,-91.74402,303.13,0.51,0.41,2026-08-30,0744,N20,nominal,2.0NRT,291.08,0.68,N
34.96934,-87.5579,301.84,0.38,0.36,2026-08-30,0744,N20,nominal,2.0NRT,291.67,0.39,N
34.8759,-88.42876,312.33,0.39,0.36,2026-08-30,0744,N20,nominal,2.0NRT,293.02,0.94,N
34.64621,-87.08266,309.48,0.38,0.36,2026-08-30,0744,N20,nominal,2.0NRT,293.81,1.21,N
34.64302,-87.08547,306.66,0.38,0.36,2026-08-30,0744,N20,nominal,2.0NRT,293.81,1.47,N
34.63908,-87.08209,328.21,0.38,0.36,2026-08-30,0744,N20,nominal,2.0NRT,294.72,1.47,N
34.6404,-87.09038,314.38,0.38,0.36,2026-08-30,0744,N20,nominal,2.0NRT,294.72,1.78,N
34.63974,-87.08624,316.41,0.38,0.36,2026-08-30,0744,N20,nominal,2.0NRT,294.97,1.47,N
34.23996,-84.79684,304.15,0.42,0.38,2026-08-30,0744,N20,nominal,2.0NRT,292.13,1.09,N
34.80307,-88.32373,309.89,0.39,0.36,2026-08-30,0744,N20,nominal,2.0NRT,292.73,1,N
35.05189,-90.16706,303.96,0.43,0.38,2026-08-30,0744,N20,nominal,2.0NRT,293.2,0.73,N
35.0484,-90.16775,309.29,0.43,0.38,2026-08-30,0744,N20,nominal,2.0NRT,292.9,0.73,N
35.04429,-90.1637,328.43,0.43,0.38,2026-08-30,0744,N20,nominal,2.0NRT,292.68,3.64,N
35.41001,-93.77605,315.41,0.42,0.45,2026-08-30,0744,N20,nominal,2.0NRT,293.22,1.29,N
34.98161,-90.04069,306.33,0.43,0.38,2026-08-30,0744,N20,nominal,2.0NRT,293.53,1.66,N
33.01429,-79.88804,309.96,0.49,0.49,2026-08-30,0744,N20,nominal,2.0NRT,283.16,1.47,N
33.01316,-79.88297,307.64,0.49,0.49,2026-08-30,0744,N20,nominal,2.0NRT,283.45,1.69,N
33.00882,-79.88432,301.26,0.49,0.49,2026-08-30,0744,N20,nominal,2.0NRT,283.97,0.82,N
33.00769,-79.87923,302.03,0.49,0.49,2026-08-30,0744,N20,nominal,2.0NRT,283.31,0.82,N
35.69799,-101.37016,306.36,0.57,0.69,2026-08-30,0744,N20,nominal,2.0NRT,292.6,1.77,N
33.99537,-85.17105,304.34,0.41,0.37,2026-08-30,0744,N20,nominal,2.0NRT,291.94,0.53,N
33.99458,-85.16964,305.07,0.41,0.37,2026-08-30,0744,N20,nominal,2.0NRT,291.83,0.58,N
35.69677,-101.37134,304.41,0.57,0.69,2026-08-30,0744,N20,nominal,2.0NRT,291.98,1.88,N
35.31141,-95.71853,307.46,0.54,0.51,2026-08-30,0744,N20,nominal,2.0NRT,292.09,1.14,N
33.37467,-82.3625,302.98,0.54,0.42,2026-08-30,0744,N20,nominal,2.0NRT,291.3,0.92,N
35.23778,-96.11174,333.7,0.57,0.52,2026-08-30,0744,N20,nominal,2.0NRT,296.33,4.77,N
35.23882,-96.12449,310.43,0.57,0.52,2026-08-30,0744,N20,nominal,2.0NRT,295.18,3.31,N
35.2383,-96.11812,316.99,0.57,0.52,2026-08-30,0744,N20,nominal,2.0NRT,295.7,4.77,N
35.23352,-96.11877,341.36,0.57,0.52,2026-08-30,0744,N20,nominal,2.0NRT,299.89,7.41,N
35.23404,-96.12516,314.31,0.57,0.52,2026-08-30,0744,N20,nominal,2.0NRT,295.36,10.34,N
35.233,-96.11234,311.34,0.57,0.52,2026-08-30,0744,N20,nominal,2.0NRT,295.26,7.41,N
35.22874,-96.11941,322.53,0.57,0.52,2026-08-30,0744,N20,nominal,2.0NRT,295.49,7.41,N
34.20144,-87.69976,305.65,0.38,0.36,2026-08-30,0744,N20,nominal,2.0NRT,292.81,0.49,N
34.12147,-88.56616,307.46,0.39,0.36,2026-08-30,0744,N20,nominal,2.0NRT,292.43,0.86,N
33.26155,-84.75462,309.1,0.43,0.38,2026-08-30,0744,N20,nominal,2.0NRT,291.7,1.17,N
33.26285,-84.75243,306.22,0.43,0.38,2026-08-30,0744,N20,nominal,2.0NRT,291.83,0.77,N
33.58394,-86.7809,317.74,0.39,0.36,2026-08-30,0744,N20,nominal,2.0NRT,294.85,2.19,N
33.53579,-86.75797,329.71,0.39,0.36,2026-08-30,0744,N20,nominal,2.0NRT,294.86,2.62,N
33.5325,-86.75874,321.38,0.39,0.36,2026-08-30,0744,N20,nominal,2.0NRT,294.51,2.26,N
33.07306,-84.51003,307.57,0.44,0.38,2026-08-30,0744,N20,nominal,2.0NRT,291.51,0.99,N
33.48623,-86.93402,314.31,0.39,0.36,2026-08-30,0744,N20,nominal,2.0NRT,294.18,1.74,N
33.79336,-89.06104,303.56,0.4,0.37,2026-08-30,0744,N20,nominal,2.0NRT,293.33,0.44,N
34.51383,-95.32811,346.5,0.5,0.49,2026-08-30,0744,N20,nominal,2.0NRT,294.77,9.08,N
34.51335,-95.32272,350.08,0.5,0.49,2026-08-30,0744,N20,nominal,2.0NRT,296.43,6.02,N
34.80971,-99.47053,312.02,0.44,0.62,2026-08-30,0744,N20,nominal,2.0NRT,293.36,1.02,N
34.51286,-95.31715,307.37,0.5,0.49,2026-08-30,0744,N20,nominal,2.0NRT,292.9,6.02,N
34.5093,-95.32857,339.49,0.5,0.49,2026-08-30,0744,N20,nominal,2.0NRT,292.56,7.31,N
34.50882,-95.32328,339.66,0.5,0.49,2026-08-30,0744,N20,nominal,2.0NRT,294.95,3.27,N
34.50834,-95.3178,312.12,0.5,0.49,2026-08-30,0744,N20,nominal,2.0NRT,293.07,3.27,N
34.50431,-95.32396,318.11,0.5,0.49,2026-08-30,0744,N20,nominal,2.0NRT,292.88,3.27,N
34.50383,-95.31859,307.37,0.5,0.49,2026-08-30,0744,N20,nominal,2.0NRT,292.04,3.27,N
34.50333,-95.31293,312.03,0.5,0.49,2026-08-30,0744,N20,nominal,2.0NRT,292.26,2.56,N
34.49785,-95.30276,306.9,0.5,0.49,2026-08-30,0744,N20,nominal,2.0NRT,291.31,2.42,N
34.49381,-95.30882,340.03,0.5,0.49,2026-08-30,0744,N20,nominal,2.0NRT,292.54,4.76,N
34.49333,-95.3034,323.77,0.5,0.49,2026-08-30,0744,N20,nominal,2.0NRT,291.84,2.42,N
34.4943,-95.31437,306.75,0.5,0.49,2026-08-30,0744,N20,nominal,2.0NRT,291.32,4.76,N
34.49238,-95.2927,310.65,0.5,0.49,2026-08-30,0744,N20,nominal,2.0NRT,290.13,1.45,N
45.27809,-66.01524,296.75,0.57,0.69,2026-08-30,0739,N20,nominal,2.0NRT,284.66,1.14,N
45.28088,-66.01298,300,0.57,0.69,2026-08-30,0739,N20,nominal,2.0NRT,285.93,1.53,N
34.48978,-95.31507,306.18,0.5,0.49,2026-08-30,0744,N20,nominal,2.0NRT,291.52,1.86,N
34.4893,-95.30951,316.69,0.5,0.49,2026-08-30,0744,N20,nominal,2.0NRT,292.62,1.86,N
48.25329,-79.02373,326.33,0.42,0.38,2026-08-30,0739,N20,nominal,2.0NRT,284.39,6.02,N
34.48836,-95.29893,307.53,0.5,0.49,2026-08-30,0744,N20,nominal,2.0NRT,291.71,2.99,N
46.36932,-72.38768,295.78,0.55,0.51,2026-08-30,0739,N20,nominal,2.0NRT,284.21,0.82,N
34.49251,-95.31075,340.28,0.5,0.49,2026-08-30,0744,N20,nominal,2.0NRT,293.79,9.32,N
45.83833,-73.25147,308.12,0.52,0.5,2026-08-30,0739,N20,nominal,2.0NRT,286.15,2.36,N
34.49305,-95.31642,304.19,0.5,0.49,2026-08-30,0744,N20,nominal,2.0NRT,291.15,1.1,N
45.78279,-73.9137,301.91,0.49,0.48,2026-08-30,0739,N20,nominal,2.0NRT,285.23,0.48,N
34.49099,-95.29471,311.93,0.5,0.49,2026-08-30,0744,N20,nominal,2.0NRT,290.89,2.19,N
45.33973,-73.52435,298.49,0.52,0.5,2026-08-30,0739,N20,nominal,2.0NRT,286.81,0.95,N
45.11359,-73.00903,302.18,0.56,0.51,2026-08-30,0739,N20,nominal,2.0NRT,286.27,0.93,N
34.48853,-95.31711,305.64,0.5,0.49,2026-08-30,0744,N20,nominal,2.0NRT,290.41,1.1,N
34.487,-95.30089,309.17,0.5,0.49,2026-08-30,0744,N20,nominal,2.0NRT,291,2.19,N
45.30411,-74.99216,298.87,0.45,0.47,2026-08-30,0739,N20,nominal,2.0NRT,285.24,0.74,N
33.8331,-89.86279,304.54,0.42,0.37,2026-08-30,0744,N20,nominal,2.0NRT,291.83,0.81,N
47.88726,-102.86732,298.55,0.77,0.77,2026-08-30,0739,N20,nominal,2.0NRT,285.68,2.46,N
47.88523,-102.86436,300.37,0.77,0.77,2026-08-30,0739,N20,nominal,2.0NRT,285.87,1.6,N
34.63284,-98.70469,315.53,0.39,0.6,2026-08-30,0744,N20,nominal,2.0NRT,295.12,2.55,N
43.76586,-95.98528,321.57,0.34,0.56,2026-08-30,0741,N20,nominal,2.0NRT,288.35,1.37,N
34.63316,-98.70637,306.4,0.39,0.6,2026-08-30,0744,N20,nominal,2.0NRT,294.99,2.04,N
39.93834,-76.81506,304.99,0.5,0.49,2026-08-30,0741,N20,nominal,2.0NRT,288.1,1.7,N
34.63288,-98.70197,309.56,0.39,0.6,2026-08-30,0744,N20,nominal,2.0NRT,294.92,1.45,N
39.43246,-77.97539,295.05,0.45,0.47,2026-08-30,0741,N20,nominal,2.0NRT,284.03,0.37,N
33.2208,-86.81409,318.29,0.39,0.36,2026-08-30,0744,N20,nominal,2.0NRT,294.07,1.95,N
41.48506,-90.82608,306.36,0.54,0.42,2026-08-30,0741,N20,nominal,2.0NRT,289.23,1.65,N
33.21672,-86.78942,309.58,0.39,0.36,2026-08-30,0744,N20,nominal,2.0NRT,293.71,1.23,N
41.48188,-90.83324,315.88,0.54,0.42,2026-08-30,0741,N20,nominal,2.0NRT,288.45,1.65,N
33.7026,-90.03363,306.51,0.42,0.38,2026-08-30,0744,N20,nominal,2.0NRT,292.49,0.82,N
33.18097,-86.7593,311.92,0.39,0.36,2026-08-30,0744,N20,nominal,2.0NRT,293.29,1.07,N
33.18029,-86.75519,307.68,0.39,0.36,2026-08-30,0744,N20,nominal,2.0NRT,294.08,1.07,N
33.44949,-88.57005,306.54,0.39,0.36,2026-08-30,0744,N20,nominal,2.0NRT,294.53,1.47,N
33.44743,-88.57907,313.71,0.39,0.36,2026-08-30,0744,N20,nominal,2.0NRT,294.39,1.62,N
33.43957,-88.57218,330.97,0.39,0.36,2026-08-30,0744,N20,nominal,2.0NRT,294.1,2.96,N
33.23715,-87.50505,328.19,0.38,0.36,2026-08-30,0744,N20,nominal,2.0NRT,294.25,1.78,N
33.23452,-87.50986,310.97,0.38,0.36,2026-08-30,0744,N20,nominal,2.0NRT,294.27,1.78,N
33.23189,-87.51469,314.88,0.38,0.36,2026-08-30,0744,N20,nominal,2.0NRT,293.44,1.39,N
33.23124,-87.51061,312.65,0.38,0.36,2026-08-30,0744,N20,nominal,2.0NRT,293.74,1.28,N
33.10595,-86.80136,307.65,0.39,0.36,2026-08-30,0744,N20,nominal,2.0NRT,293.63,1.03,N
33.09278,-86.80443,333.24,0.39,0.36,2026-08-30,0744,N20,nominal,2.0NRT,296.14,3.8,N
32.97939,-86.34839,312.51,0.39,0.37,2026-08-30,0744,N20,nominal,2.0NRT,293.92,1.73,N
19.6011,-92.29505,317.98,0.39,0.36,2026-08-30,0748,N20,nominal,2.0NRT,277.59,2.15,N
32.06417,-82.0209,303.19,0.39,0.44,2026-08-30,0744,N20,nominal,2.0NRT,286.32,0.61,N
33.97097,-94.6184,315.71,0.45,0.47,2026-08-30,0744,N20,nominal,2.0NRT,293.45,1.65,N
19.443,-92.03776,325.67,0.39,0.36,2026-08-30,0748,N20,nominal,2.0NRT,276.37,2.53,N
33.27504,-90.20535,315.67,0.42,0.38,2026-08-30,0744,N20,nominal,2.0NRT,293.94,1.4,N
19.447,-92.08602,330.93,0.39,0.36,2026-08-30,0748,N20,nominal,2.0NRT,280.04,3.92,N
32.62205,-86.17637,328.75,0.4,0.37,2026-08-30,0744,N20,nominal,2.0NRT,293.04,1.65,N
19.44757,-92.0897,307.7,0.39,0.36,2026-08-30,0748,N20,nominal,2.0NRT,277.71,2.55,N
19.43969,-92.03832,305.74,0.39,0.36,2026-08-30,0748,N20,nominal,2.0NRT,274.21,2.13,N
32.10097,-84.1855,304.5,0.47,0.39,2026-08-30,0744,N20,nominal,2.0NRT,290.82,0.73,N
19.43913,-92.03465,314.28,0.39,0.36,2026-08-30,0748,N20,nominal,2.0NRT,271.8,0.97,N
32.93116,-89.22623,318.91,0.4,0.37,2026-08-30,0744,N20,nominal,2.0NRT,292.1,1.98,N
19.43582,-92.03522,298.91,0.39,0.36,2026-08-30,0748,N20,nominal,2.0NRT,266.95,0.97,N
32.49478,-86.8626,330.72,0.39,0.36,2026-08-30,0744,N20,nominal,2.0NRT,292.9,2.39,N
32.49546,-86.86672,310.31,0.39,0.36,2026-08-30,0744,N20,nominal,2.0NRT,292.63,2.39,N
19.42544,-92.07841,314.87,0.39,0.36,2026-08-30,0748,N20,nominal,2.0NRT,276.58,2.19,N
32.17665,-85.02898,305.81,0.43,0.38,2026-08-30,0744,N20,nominal,2.0NRT,293.12,1.15,N
19.39931,-92.04137,330.34,0.39,0.36,2026-08-30,0748,N20,nominal,2.0NRT,276.47,3.21,N
32.56134,-88.6786,303.67,0.39,0.36,2026-08-30,0744,N20,nominal,2.0NRT,292.66,0.4,N
19.396,-92.04194,327.86,0.39,0.36,2026-08-30,0748,N20,nominal,2.0NRT,280.16,3.21,N
32.45288,-87.97536,305.04,0.38,0.36,2026-08-30,0744,N20,nominal,2.0NRT,294.49,1.06,N
19.39656,-92.0456,305.03,0.39,0.36,2026-08-30,0748,N20,nominal,2.0NRT,279.49,3.88,N
32.02514,-87.3262,309.31,0.39,0.36,2026-08-30,0744,N20,nominal,2.0NRT,292.95,0.71,N
19.39269,-92.0425,327.63,0.39,0.36,2026-08-30,0748,N20,nominal,2.0NRT,283.31,7.13,N
19.39325,-92.04617,308.45,0.39,0.36,2026-08-30,0748,N20,nominal,2.0NRT,276.77,4.71,N
32.91197,-94.47686,307.79,0.43,0.46,2026-08-30,0744,N20,nominal,2.0NRT,293.48,0.66,N
32.42244,-90.38528,307.27,0.42,0.38,2026-08-30,0744,N20,nominal,2.0NRT,292.61,0.9,N
20.38545,-99.6929,317.36,0.32,0.54,2026-08-30,0748,N20,nominal,2.0NRT,285.65,1.68,N
32.9121,-94.47826,308.94,0.43,0.46,2026-08-30,0744,N20,nominal,2.0NRT,293.08,0.74,N
19.24193,-92.25558,307.84,0.39,0.36,2026-08-30,0748,N20,nominal,2.0NRT,269.48,1.67,N
32.31494,-90.13741,308.87,0.41,0.37,2026-08-30,0744,N20,nominal,2.0NRT,294.43,1.08,N
20.05367,-99.29213,299.69,0.59,0.53,2026-08-30,0748,N20,nominal,2.0NRT,281.67,1.6,N
32.31433,-90.13306,314.38,0.41,0.37,2026-08-30,0744,N20,nominal,2.0NRT,294.64,1.08,N
20.04881,-99.29266,308.61,0.59,0.53,2026-08-30,0748,N20,nominal,2.0NRT,284.26,1.6,N
20.05042,-99.29342,318.1,0.59,0.53,2026-08-30,0748,N20,nominal,2.0NRT,283.95,2.48,N
33.10721,-98.32104,308.83,0.36,0.58,2026-08-30,0744,N20,nominal,2.0NRT,296.09,1.47,N
31.58145,-87.49153,308.73,0.39,0.36,2026-08-30,0744,N20,nominal,2.0NRT,294.21,1.76,N
20.03322,-99.27203,308.02,0.59,0.53,2026-08-30,0748,N20,nominal,2.0NRT,284.05,1.46,N
19.34489,-96.70645,308.67,0.4,0.44,2026-08-30,0748,N20,nominal,2.0NRT,289.1,1.45,N
30.62627,-83.22211,296.66,0.54,0.42,2026-08-30,0744,N20,nominal,2.0NRT,272.82,1.56,N
32.69893,-103.79398,307.03,0.75,0.77,2026-08-30,0744,N20,nominal,2.0NRT,292.9,1.16,N
18.3951,-92.82707,296.33,0.4,0.37,2026-08-30,0748,N20,nominal,2.0NRT,268.08,0.33,N
32.70241,-103.79366,307.81,0.75,0.77,2026-08-30,0744,N20,nominal,2.0NRT,292.45,1.31,N
18.39176,-92.82763,312.61,0.4,0.37,2026-08-30,0748,N20,nominal,2.0NRT,269.49,0.88,N
18.0913,-92.76933,299.59,0.39,0.36,2026-08-30,0748,N20,nominal,2.0NRT,270.14,0.87,N
31.16248,-87.98028,314.61,0.38,0.36,2026-08-30,0744,N20,nominal,2.0NRT,293.15,1.28,N
31.15591,-87.9817,307.31,0.38,0.36,2026-08-30,0744,N20,nominal,2.0NRT,293.67,0.84,N
18.08796,-92.76988,305.19,0.39,0.36,2026-08-30,0748,N20,nominal,2.0NRT,270.57,0.87,N
18.51028,-96.14517,306.47,0.54,0.42,2026-08-30,0748,N20,nominal,2.0NRT,281.58,0.82,N
31.15528,-87.97771,310.45,0.38,0.36,2026-08-30,0744,N20,nominal,2.0NRT,293.72,1.59,N
31.14999,-87.98711,326.19,0.38,0.36,2026-08-30,0744,N20,nominal,2.0NRT,295.08,2.79,N
18.50961,-96.14007,298.28,0.54,0.42,2026-08-30,0748,N20,nominal,2.0NRT,280.88,0.82,N
31.14278,-87.98454,307.3,0.38,0.36,2026-08-30,0744,N20,nominal,2.0NRT,292.53,1.19,N
18.5064,-96.14575,330.66,0.54,0.42,2026-08-30,0748,N20,nominal,2.0NRT,283.99,3.71,N
18.50574,-96.14065,309.03,0.54,0.42,2026-08-30,0748,N20,nominal,2.0NRT,283.39,3.71,N
32.53659,-101.67577,319.04,0.56,0.69,2026-08-30,0744,N20,nominal,2.0NRT,293.44,1.79,N
32.24581,-97.55489,312.36,0.32,0.55,2026-08-30,0744,N20,nominal,2.0NRT,294.61,0.99,N
18.20534,-94.00603,323.36,0.43,0.38,2026-08-30,0748,N20,nominal,2.0NRT,266.29,1.93,N
32.24554,-97.55154,305.05,0.32,0.55,2026-08-30,0744,N20,nominal,2.0NRT,294.76,0.99,N
18.1322,-94.2027,298.23,0.43,0.38,2026-08-30,0748,N20,nominal,2.0NRT,276.01,0.58,N
32.41162,-101.64349,308.13,0.56,0.69,2026-08-30,0744,N20,nominal,2.0NRT,293.01,1.26,N
18.13624,-94.35719,301.03,0.44,0.38,2026-08-30,0748,N20,nominal,2.0NRT,264.16,0.62,N
18.09226,-94.04793,313.14,0.43,0.38,2026-08-30,0748,N20,nominal,2.0NRT,268.2,1.37,N
31.00881,-88.18947,304.73,0.38,0.36,2026-08-30,0744,N20,nominal,2.0NRT,291.88,0.39,N
17.90271,-93.18529,338.17,0.4,0.37,2026-08-30,0748,N20,nominal,2.0NRT,265.67,5.52,N
32.06564,-96.8721,305.52,0.58,0.52,2026-08-30,0744,N20,nominal,2.0NRT,295.07,2.01,N
30.94607,-88.01202,328.83,0.38,0.36,2026-08-30,0744,N20,nominal,2.0NRT,287.01,1.22,N
17.90215,-93.18154,328.66,0.4,0.37,2026-08-30,0748,N20,nominal,2.0NRT,264.4,2.94,N
17.89935,-93.18584,317.07,0.4,0.37,2026-08-30,0748,N20,nominal,2.0NRT,264.08,5.52,N
30.94544,-88.00803,307.68,0.38,0.36,2026-08-30,0744,N20,nominal,2.0NRT,286.8,1.22,N
30.94279,-88.01273,304.55,0.38,0.36,2026-08-30,0744,N20,nominal,2.0NRT,285.91,1.22,N
17.89878,-93.18209,302.22,0.4,0.37,2026-08-30,0748,N20,nominal,2.0NRT,263.64,2.94,N
17.89598,-93.18639,306.11,0.4,0.37,2026-08-30,0748,N20,nominal,2.0NRT,264.49,2.88,N
30.93951,-88.01343,338.14,0.38,0.36,2026-08-30,0744,N20,nominal,2.0NRT,289.08,4.09,N
32.21552,-101.9206,303.59,0.58,0.7,2026-08-30,0744,N20,nominal,2.0NRT,293.27,0.96,N
17.89261,-93.18695,334.03,0.4,0.37,2026-08-30,0748,N20,nominal,2.0NRT,264.7,2.88,N
17.89205,-93.18319,297.12,0.4,0.37,2026-08-30,0748,N20,nominal,2.0NRT,263.92,1.46,N
30.78996,-88.05684,306.73,0.38,0.36,2026-08-30,0744,N20,nominal,2.0NRT,293.01,0.77,N
17.89038,-93.19499,319.97,0.4,0.37,2026-08-30,0748,N20,nominal,2.0NRT,266.3,1.69,N
30.77383,-88.15003,310.31,0.38,0.36,2026-08-30,0744,N20,nominal,2.0NRT,282.18,0.9,N
17.84443,-93.11798,334.86,0.4,0.37,2026-08-30,0748,N20,nominal,2.0NRT,267.39,4.16,N
17.84498,-93.12173,305.08,0.4,0.37,2026-08-30,0748,N20,nominal,2.0NRT,266.38,4.16,N
32.0493,-100.6872,305.92,0.49,0.65,2026-08-30,0744,N20,nominal,2.0NRT,293.11,1.11,N
17.84387,-93.11425,318.84,0.4,0.37,2026-08-30,0748,N20,nominal,2.0NRT,265.25,2.74,N
17.84107,-93.11853,345.5,0.4,0.37,2026-08-30,0748,N20,nominal,2.0NRT,269.12,4.16,N
31.11154,-91.76003,311.24,0.46,0.39,2026-08-30,0744,N20,nominal,2.0NRT,294.18,1.45,N
31.97422,-101.76787,317.2,0.57,0.69,2026-08-30,0744,N20,nominal,2.0NRT,293.19,1.65,N
17.84163,-93.12228,308.34,0.4,0.37,2026-08-30,0748,N20,nominal,2.0NRT,267.3,4.16,N
17.84051,-93.11479,307.07,0.4,0.37,2026-08-30,0748,N20,nominal,2.0NRT,266.74,2.74,N
31.10857,-91.76543,311.91,0.46,0.39,2026-08-30,0744,N20,nominal,2.0NRT,294.1,1.2,N
17.83953,-93.12177,297.13,0.4,0.37,2026-08-30,0748,N20,nominal,2.0NRT,268.29,1.77,N
31.10438,-91.76131,309.19,0.46,0.39,2026-08-30,0744,N20,nominal,2.0NRT,293.92,1.2,N
17.83896,-93.11803,316.83,0.4,0.37,2026-08-30,0748,N20,nominal,2.0NRT,267.68,1.77,N
31.09723,-91.76257,318.25,0.46,0.39,2026-08-30,0744,N20,nominal,2.0NRT,294.2,1.58,N
17.92171,-93.76118,297.47,0.42,0.37,2026-08-30,0748,N20,nominal,2.0NRT,262.47,0.47,N
17.7914,-93.12202,317.74,0.4,0.37,2026-08-30,0748,N20,nominal,2.0NRT,272.71,1.81,N
31.97239,-101.76942,311.68,0.57,0.69,2026-08-30,0744,N20,nominal,2.0NRT,293.15,2.18,N
17.75713,-92.91817,345.38,0.39,0.37,2026-08-30,0748,N20,nominal,2.0NRT,285.21,11.62,N
31.84397,-101.79987,312.38,0.57,0.69,2026-08-30,0744,N20,nominal,2.0NRT,293.26,2.37,N
31.84367,-101.79383,308.51,0.57,0.69,2026-08-30,0744,N20,nominal,2.0NRT,293.66,2.02,N
17.75323,-92.91503,316.72,0.39,0.37,2026-08-30,0748,N20,nominal,2.0NRT,283.14,2.25,N
31.35129,-96.16966,308.94,0.52,0.5,2026-08-30,0744,N20,nominal,2.0NRT,294.5,1.9,N
17.75267,-92.91134,318.24,0.39,0.37,2026-08-30,0748,N20,nominal,2.0NRT,283.41,2.25,N
29.08191,-82.09711,303.8,0.44,0.46,2026-08-30,0744,N20,nominal,2.0NRT,288.36,0.62,N
17.72822,-93.04459,297.91,0.4,0.37,2026-08-30,0748,N20,nominal,2.0NRT,275.01,0.56,N
31.62353,-101.82377,310.98,0.57,0.69,2026-08-30,0744,N20,nominal,2.0NRT,292.42,1.81,N
17.78866,-95.3453,309.81,0.48,0.4,2026-08-30,0748,N20,nominal,2.0NRT,291.83,0.94,N
30.58607,-91.24353,307.61,0.43,0.38,2026-08-30,0744,N20,nominal,2.0NRT,295.29,1.09,N
30.58547,-91.23904,308.13,0.43,0.38,2026-08-30,0744,N20,nominal,2.0NRT,295.23,1.09,N
30.58461,-91.24197,319.58,0.43,0.38,2026-08-30,0744,N20,nominal,2.0NRT,295.77,2.31,N
30.55881,-91.20998,306.95,0.43,0.38,2026-08-30,0744,N20,nominal,2.0NRT,295.61,1.14,N
31.56833,-103.22723,304.3,0.69,0.74,2026-08-30,0744,N20,nominal,2.0NRT,294.12,1.01,N
31.46338,-101.60513,304.01,0.55,0.68,2026-08-30,0744,N20,nominal,2.0NRT,292.37,0.6,N
30.48385,-91.18257,309.18,0.43,0.38,2026-08-30,0744,N20,nominal,2.0NRT,297.62,2.71,N
30.48324,-91.17812,310.37,0.43,0.38,2026-08-30,0744,N20,nominal,2.0NRT,298.01,2.7,N
31.46031,-101.60539,303.93,0.55,0.68,2026-08-30,0744,N20,nominal,2.0NRT,292.5,0.72,N
30.40277,-90.91589,305.63,0.42,0.38,2026-08-30,0744,N20,nominal,2.0NRT,293.67,0.45,N
30.33556,-90.71156,304.41,0.41,0.37,2026-08-30,0744,N20,nominal,2.0NRT,292.91,0.45,N
31.35725,-102.1157,304.73,0.59,0.7,2026-08-30,0744,N20,nominal,2.0NRT,292.81,1.05,N
30.3289,-91.24273,308.89,0.43,0.38,2026-08-30,0744,N20,nominal,2.0NRT,296.83,1.67,N
30.33029,-91.27901,308.18,0.43,0.38,2026-08-30,0744,N20,nominal,2.0NRT,295.65,1.31,N
30.32482,-91.23891,314.29,0.43,0.38,2026-08-30,0744,N20,nominal,2.0NRT,296.59,2.83,N
31.36077,-103.22952,316.22,0.68,0.74,2026-08-30,0744,N20,nominal,2.0NRT,294.1,2.48,N
31.0699,-99.03243,310.56,0.38,0.59,2026-08-30,0744,N20,nominal,2.0NRT,293.93,0.92,N
31.07397,-99.03432,305.06,0.38,0.59,2026-08-30,0744,N20,nominal,2.0NRT,293.33,1.02,N
31.07366,-99.03027,309.81,0.38,0.59,2026-08-30,0744,N20,nominal,2.0NRT,294.09,1.14,N
30.18948,-90.99129,313.75,0.42,0.38,2026-08-30,0744,N20,nominal,2.0NRT,294.85,2.41,N
31.26886,-103.18206,304.65,0.68,0.74,2026-08-30,0744,N20,nominal,2.0NRT,294.37,0.7,N
31.24831,-103.18329,309.22,0.68,0.74,2026-08-30,0744,N20,nominal,2.0NRT,293.99,1.23,N
30.06092,-90.59805,307.32,0.41,0.37,2026-08-30,0744,N20,nominal,2.0NRT,294.8,2.72,N
30.0535,-90.67191,310.8,0.41,0.37,2026-08-30,0744,N20,nominal,2.0NRT,293.33,1.97,N
30.00479,-90.40514,307.05,0.4,0.37,2026-08-30,0744,N20,nominal,2.0NRT,294.5,1.26,N
30.00142,-90.40578,308.9,0.4,0.37,2026-08-30,0744,N20,nominal,2.0NRT,295.71,1.26,N
30.00082,-90.40162,314.29,0.4,0.37,2026-08-30,0744,N20,nominal,2.0NRT,296.56,1.26,N
29.99625,-90.39394,310,0.4,0.37,2026-08-30,0744,N20,nominal,2.0NRT,295.72,2.38,N
29.93444,-89.97034,309.92,0.4,0.37,2026-08-30,0744,N20,nominal,2.0NRT,296.31,1.14,N
29.99467,-90.40707,312.71,0.4,0.37,2026-08-30,0744,N20,nominal,2.0NRT,294.56,2.4,N
30.34468,-94.06439,308.23,0.38,0.43,2026-08-30,0744,N20,nominal,2.0NRT,294.59,1.87,N
30.24424,-93.27571,309.07,0.52,0.42,2026-08-30,0744,N20,nominal,2.0NRT,296.47,2.43,N
30.24042,-93.27634,309.3,0.52,0.42,2026-08-30,0744,N20,nominal,2.0NRT,296.26,2.28,N
30.18154,-93.32648,308.56,0.52,0.42,2026-08-30,0744,N20,nominal,2.0NRT,296.34,4.44,N
30.1478,-93.33749,320.34,0.52,0.42,2026-08-30,0744,N20,nominal,2.0NRT,295.01,3.15,N
29.5967,-89.89027,313.49,0.39,0.36,2026-08-30,0744,N20,nominal,2.0NRT,294.14,1.6,N
30.08454,-94.07775,307.8,0.57,0.43,2026-08-30,0746,N20,nominal,2.0NRT,294.17,3.49,N
30.01474,-94.03438,306.21,0.57,0.43,2026-08-30,0746,N20,nominal,2.0NRT,293.87,2.14,N
29.68589,-91.47415,308.39,0.43,0.38,2026-08-30,0746,N20,nominal,2.0NRT,295.88,1.66,N
29.96637,-93.89349,309.57,0.56,0.43,2026-08-30,0746,N20,nominal,2.0NRT,295.8,3.1,N
29.95391,-93.88957,309.63,0.56,0.43,2026-08-30,0746,N20,nominal,2.0NRT,293.88,3.27,N
29.95465,-93.89037,309.51,0.56,0.43,2026-08-30,0746,N20,nominal,2.0NRT,294.09,2.35,N
29.83565,-93.96341,323.2,0.56,0.43,2026-08-30,0746,N20,nominal,2.0NRT,294.55,5.18,N
29.80066,-93.77072,310.74,0.55,0.42,2026-08-30,0746,N20,nominal,2.0NRT,292.92,0.85,N
30.35262,-100.13358,328.7,0.44,0.62,2026-08-30,0746,N20,nominal,2.0NRT,293.3,3.03,N
30.34687,-100.13416,330.94,0.44,0.62,2026-08-30,0746,N20,nominal,2.0NRT,293.09,3.24,N
29.76059,-93.86964,307.66,0.55,0.43,2026-08-30,0746,N20,nominal,2.0NRT,294.37,2.67,N
29.758,-93.88171,316.03,0.55,0.43,2026-08-30,0746,N20,nominal,2.0NRT,294.5,3.82,N
29.74743,-95.01765,308.45,0.43,0.46,2026-08-30,0746,N20,nominal,2.0NRT,295.27,3.1,N
29.74697,-95.01323,310.79,0.43,0.46,2026-08-30,0746,N20,nominal,2.0NRT,295.62,3.1,N
29.74558,-95.00002,311.64,0.42,0.46,2026-08-30,0746,N20,nominal,2.0NRT,296.19,3.93,N
29.74846,-94.99694,309.24,0.42,0.45,2026-08-30,0746,N20,nominal,2.0NRT,295.02,2.93,N
29.74624,-95.01513,313.16,0.42,0.46,2026-08-30,0746,N20,nominal,2.0NRT,295.82,2.94,N
29.74123,-95.12399,312.5,0.43,0.46,2026-08-30,0746,N20,nominal,2.0NRT,294.4,3.19,N
29.738,-95.13355,312.84,0.43,0.46,2026-08-30,0746,N20,nominal,2.0NRT,293.93,2.18,N
29.7372,-95.16551,309.65,0.43,0.46,2026-08-30,0746,N20,nominal,2.0NRT,294.21,1.65,N
29.72388,-95.12194,309.87,0.43,0.46,2026-08-30,0746,N20,nominal,2.0NRT,296.21,2.63,N
29.62204,-95.05344,310.85,0.43,0.46,2026-08-30,0746,N20,nominal,2.0NRT,293.95,2.58,N
29.61494,-95.02769,313.32,0.42,0.46,2026-08-30,0746,N20,nominal,2.0NRT,294.21,2.19,N
29.37877,-94.90888,309.27,0.42,0.45,2026-08-30,0746,N20,nominal,2.0NRT,294.9,2.28,N
29.37797,-94.93953,310.85,0.42,0.45,2026-08-30,0746,N20,nominal,2.0NRT,296.27,2.43,N
29.37605,-94.92233,311.13,0.42,0.45,2026-08-30,0746,N20,nominal,2.0NRT,296.81,2.61,N
29.37049,-94.9101,313,0.42,0.45,2026-08-30,0746,N20,nominal,2.0NRT,297.26,3.16,N
29.68169,-98.18423,311.95,0.33,0.55,2026-08-30,0746,N20,nominal,2.0NRT,293.07,0.85,N
29.67662,-98.185,304.92,0.33,0.55,2026-08-30,0746,N20,nominal,2.0NRT,293.37,0.85,N
29.06848,-95.75294,308.76,0.46,0.47,2026-08-30,0746,N20,nominal,2.0NRT,297.66,2.03,N
29.00464,-95.40549,307.46,0.44,0.46,2026-08-30,0746,N20,nominal,2.0NRT,296.57,2.04,N
28.98133,-95.34953,309.6,0.43,0.46,2026-08-30,0746,N20,nominal,2.0NRT,297.35,2.86,N
26.41757,-80.77403,306.58,0.6,0.53,2026-08-30,0746,N20,nominal,2.0NRT,287.93,1.66,N
26.4128,-80.77534,311.49,0.6,0.53,2026-08-30,0746,N20,nominal,2.0NRT,288.68,1.66,N
26.41883,-80.7733,300.5,0.6,0.53,2026-08-30,0746,N20,nominal,2.0NRT,287.56,1.86,N
26.41406,-80.77462,315.28,0.6,0.53,2026-08-30,0746,N20,nominal,2.0NRT,288.67,1.86,N
29.19739,-99.79345,312.29,0.41,0.6,2026-08-30,0746,N20,nominal,2.0NRT,292.18,1.24,N
28.95885,-97.83179,303.89,0.61,0.54,2026-08-30,0746,N20,nominal,2.0NRT,293.66,0.6,N
28.92308,-97.67896,318.27,0.6,0.53,2026-08-30,0746,N20,nominal,2.0NRT,294.1,2.25,N
28.93552,-97.86771,315.8,0.61,0.54,2026-08-30,0746,N20,nominal,2.0NRT,293.9,2.67,N
28.93494,-97.86136,316.4,0.61,0.54,2026-08-30,0746,N20,nominal,2.0NRT,294.31,2.39,N
28.9736,-98.91299,311.49,0.36,0.57,2026-08-30,0746,N20,nominal,2.0NRT,293.86,0.98,N
28.70019,-96.535,308.86,0.51,0.49,2026-08-30,0746,N20,nominal,2.0NRT,296,2.64,N
28.45868,-98.19264,306.44,0.64,0.54,2026-08-30,0746,N20,nominal,2.0NRT,294.55,2.21,N
28.459,-98.19239,305.49,0.64,0.54,2026-08-30,0746,N20,nominal,2.0NRT,294.3,1.79,N
28.45338,-98.18645,305.28,0.63,0.54,2026-08-30,0746,N20,nominal,2.0NRT,294.04,1.5,N
28.32071,-99.26953,315.58,0.37,0.58,2026-08-30,0746,N20,nominal,2.0NRT,293.48,1.4,N
28.05768,-97.43821,341.12,0.56,0.52,2026-08-30,0746,N20,nominal,2.0NRT,293.85,25.6,N
27.89198,-97.27435,307,0.55,0.51,2026-08-30,0746,N20,nominal,2.0NRT,291.21,2.52,N
26.6413,-97.96901,307.71,0.59,0.53,2026-08-30,0746,N20,nominal,2.0NRT,291.27,3.49,N
26.64074,-97.96308,312.06,0.59,0.53,2026-08-30,0746,N20,nominal,2.0NRT,291.31,3.03,N
26.63646,-97.96962,305.82,0.59,0.53,2026-08-30,0746,N20,nominal,2.0NRT,291.61,2.37,N
26.6359,-97.96368,309.04,0.59,0.53,2026-08-30,0746,N20,nominal,2.0NRT,291.43,1.83,N
26.63535,-97.95776,311.7,0.59,0.53,2026-08-30,0746,N20,nominal,2.0NRT,291.61,1.83,N
26.63051,-97.95837,307.25,0.59,0.53,2026-08-30,0746,N20,nominal,2.0NRT,291.53,1.83,N
26.64261,-97.97031,307.62,0.59,0.53,2026-08-30,0746,N20,nominal,2.0NRT,291.4,2,N
26.64201,-97.9644,313.23,0.59,0.53,2026-08-30,0746,N20,nominal,2.0NRT,291.65,2,N
26.63777,-97.97091,307.98,0.59,0.53,2026-08-30,0746,N20,nominal,2.0NRT,291.67,2.03,N
26.63717,-97.96499,306.61,0.59,0.53,2026-08-30,0746,N20,nominal,2.0NRT,291.62,2.03,N
26.63658,-97.95908,312.87,0.59,0.52,2026-08-30,0746,N20,nominal,2.0NRT,291.72,2.49,N
26.63174,-97.95968,313.31,0.59,0.52,2026-08-30,0746,N20,nominal,2.0NRT,291.34,2.49,N
26.36633,-98.76874,305.9,0.33,0.55,2026-08-30,0746,N20,nominal,2.0NRT,291.81,1.05,N
26.0554,-98.21519,311.21,0.6,0.53,2026-08-30,0746,N20,nominal,2.0NRT,293.11,0.75,N
26.05052,-98.21579,329.84,0.6,0.53,2026-08-30,0746,N20,nominal,2.0NRT,293.55,5.19,N
25.6954,-98.30962,317.47,0.6,0.53,2026-08-30,0746,N20,nominal,2.0NRT,291.93,3.33,N
25.69792,-98.30981,313.09,0.6,0.53,2026-08-30,0746,N20,nominal,2.0NRT,292.09,2.55,N
25.74564,-100.23898,308.71,0.4,0.6,2026-08-30,0746,N20,nominal,2.0NRT,291.13,2.31,N
25.67673,-99.4628,315.84,0.35,0.57,2026-08-30,0746,N20,nominal,2.0NRT,292.36,1.26,N
25.72316,-100.10701,305.02,0.39,0.59,2026-08-30,0746,N20,nominal,2.0NRT,290.84,0.72,N
25.72336,-100.30553,303.39,0.4,0.6,2026-08-30,0746,N20,nominal,2.0NRT,285.45,1.7,N
25.72302,-100.30154,308.11,0.4,0.6,2026-08-30,0746,N20,nominal,2.0NRT,289.34,2.28,N
25.70051,-100.29986,311.43,0.4,0.6,2026-08-30,0746,N20,nominal,2.0NRT,289.31,2.53,N
25.6982,-100.27197,304.64,0.4,0.6,2026-08-30,0746,N20,nominal,2.0NRT,287.89,1.66,N
25.59236,-99.94564,309.22,0.38,0.59,2026-08-30,0746,N20,nominal,2.0NRT,292.42,2.29,N
25.58087,-99.93932,312.77,0.38,0.59,2026-08-30,0746,N20,nominal,2.0NRT,291.26,1.57,N
25.60316,-100.92081,299.61,0.44,0.62,2026-08-30,0746,N20,nominal,2.0NRT,265.05,0.79,N
24.82843,-99.47385,367,0.35,0.57,2026-08-30,0746,N20,high,2.0NRT,293.68,8.41,N
24.25604,-98.48699,316.23,0.59,0.53,2026-08-30,0746,N20,nominal,2.0NRT,291.82,2.79,N
24.24662,-99.16507,305.96,0.33,0.55,2026-08-30,0746,N20,nominal,2.0NRT,291.56,0.97,N
23.80335,-99.14097,307.23,0.32,0.55,2026-08-30,0746,N20,nominal,2.0NRT,291.1,0.75,N
23.51097,-98.08482,308.86,0.55,0.51,2026-08-30,0746,N20,nominal,2.0NRT,292.74,1.83,N
22.65828,-97.6843,312.69,0.5,0.49,2026-08-30,0748,N20,nominal,2.0NRT,292.56,2.42,N
21.03358,-86.95779,306.37,0.49,0.41,2026-08-30,0748,N20,nominal,2.0NRT,293.62,1.03,N
21.03075,-86.96323,306.94,0.49,0.4,2026-08-30,0748,N20,nominal,2.0NRT,293.97,1.49,N
21.01661,-86.99036,310.82,0.49,0.4,2026-08-30,0748,N20,nominal,2.0NRT,293.79,2.62,N
21.01293,-86.99111,307.18,0.49,0.4,2026-08-30,0748,N20,nominal,2.0NRT,293.47,1.18,N
22.26689,-97.80872,331.34,0.51,0.49,2026-08-30,0748,N20,nominal,2.0NRT,294.7,7.11,N
22.26235,-97.80933,341.94,0.51,0.49,2026-08-30,0748,N20,nominal,2.0NRT,294.62,10.5,N
22.40376,-102.25636,306.15,0.49,0.65,2026-08-30,0748,N20,nominal,2.0NRT,282.54,1.2,N
22.04666,-98.87391,305.73,0.59,0.53,2026-08-30,0748,N20,nominal,2.0NRT,290,2.11,N
22.04748,-98.86987,306.35,0.59,0.53,2026-08-30,0748,N20,nominal,2.0NRT,289.95,1.59,N
20.14021,-89.18293,315.62,0.41,0.37,2026-08-30,0748,N20,nominal,2.0NRT,290.3,1.41,N
20.13682,-89.18356,305.58,0.41,0.37,2026-08-30,0748,N20,nominal,2.0NRT,289.66,0.7,N
20.11793,-89.17518,297.68,0.41,0.37,2026-08-30,0748,N20,nominal,2.0NRT,282.54,0.52,N
49.76232,-92.63113,297.98,0.36,0.57,2026-08-30,0920,N20,nominal,2.0NRT,286.15,0.36,N
47.85381,-113.2757,300.66,0.48,0.4,2026-08-30,0922,N20,nominal,2.0NRT,278.65,1.23,N
48.36181,-120.84548,327.79,0.35,0.57,2026-08-30,0922,N20,nominal,2.0NRT,279.93,2.87,N
48.08392,-120.62738,299.35,0.34,0.56,2026-08-30,0922,N20,nominal,2.0NRT,274.74,1.05,N
48.07861,-120.62486,302.03,0.34,0.56,2026-08-30,0922,N20,nominal,2.0NRT,274.93,1.28,N
48.07834,-120.619,304.95,0.34,0.56,2026-08-30,0922,N20,nominal,2.0NRT,275.85,1.42,N
48.07746,-120.83058,296.54,0.35,0.56,2026-08-30,0922,N20,nominal,2.0NRT,276.18,1.05,N
48.07234,-120.83345,319.87,0.35,0.56,2026-08-30,0922,N20,nominal,2.0NRT,279.52,1.05,N
48.02865,-120.67021,321.65,0.34,0.56,2026-08-30,0922,N20,nominal,2.0NRT,277.25,2.63,N
48.02898,-120.67757,301.25,0.34,0.56,2026-08-30,0922,N20,nominal,2.0NRT,277.2,0.96,N
47.93752,-120.63051,295.19,0.34,0.56,2026-08-30,0922,N20,nominal,2.0NRT,275.37,0.47,N
47.90937,-120.5802,297.82,0.34,0.56,2026-08-30,0922,N20,nominal,2.0NRT,276.23,0.61,N
47.88485,-120.37796,317.87,0.33,0.55,2026-08-30,0922,N20,nominal,2.0NRT,279.6,1.54,N
47.90762,-120.58047,297.49,0.34,0.56,2026-08-30,0922,N20,nominal,2.0NRT,275.72,0.69,N
47.88723,-120.37876,311.88,0.33,0.55,2026-08-30,0922,N20,nominal,2.0NRT,278.73,1.49,N
47.87586,-120.35654,320.48,0.33,0.55,2026-08-30,0922,N20,nominal,2.0NRT,279.31,1.98,N
47.84491,-120.56739,308.26,0.34,0.56,2026-08-30,0922,N20,nominal,2.0NRT,274.13,0.84,N
47.8447,-120.5627,297.23,0.34,0.56,2026-08-30,0922,N20,nominal,2.0NRT,274.57,0.84,N
45.78623,-106.81194,302.63,0.4,0.37,2026-08-30,0922,N20,nominal,2.0NRT,284.39,0.7,N
46.8251,-115.22444,307.4,0.56,0.43,2026-08-30,0922,N20,nominal,2.0NRT,276.48,1.85,N
46.81401,-115.1516,297.52,0.56,0.43,2026-08-30,0922,N20,nominal,2.0NRT,279.11,1.31,N
46.81397,-115.23389,299.34,0.56,0.43,2026-08-30,0922,N20,nominal,2.0NRT,275.97,1.2,N
46.79331,-115.1858,296.56,0.56,0.43,2026-08-30,0922,N20,nominal,2.0NRT,278.45,1.8,N
45.81269,-108.43134,297.4,0.38,0.36,2026-08-30,0922,N20,nominal,2.0NRT,287.12,0.57,N
45.78088,-108.49026,301.51,0.38,0.36,2026-08-30,0922,N20,nominal,2.0NRT,290.51,0.86,N
46.47698,-115.40687,304.17,0.57,0.43,2026-08-30,0922,N20,nominal,2.0NRT,279.26,1.64,N
46.47449,-115.40696,304.3,0.56,0.43,2026-08-30,0922,N20,nominal,2.0NRT,278.1,2.01,N
46.2932,-115.02737,298.57,0.54,0.42,2026-08-30,0922,N20,nominal,2.0NRT,270.37,2.12,N
46.29247,-115.02022,313.1,0.54,0.42,2026-08-30,0922,N20,nominal,2.0NRT,273.31,2.12,N
46.28866,-115.02156,325.51,0.54,0.42,2026-08-30,0922,N20,nominal,2.0NRT,272.95,2.12,N
46.2894,-115.02885,304.72,0.54,0.42,2026-08-30,0922,N20,nominal,2.0NRT,270.34,2.12,N
46.28638,-115.03809,320.72,0.54,0.42,2026-08-30,0922,N20,nominal,2.0NRT,277.27,5.74,N
46.28559,-115.03027,315.28,0.54,0.42,2026-08-30,0922,N20,nominal,2.0NRT,276.76,7.41,N
46.28256,-115.0395,339.24,0.54,0.42,2026-08-30,0922,N20,nominal,2.0NRT,283.11,5.74,N
46.28177,-115.03167,346.41,0.54,0.42,2026-08-30,0922,N20,nominal,2.0NRT,281.16,7.41,N
46.27874,-115.04082,323.65,0.54,0.42,2026-08-30,0922,N20,nominal,2.0NRT,278.42,4.16,N
46.15783,-113.93522,307.44,0.49,0.4,2026-08-30,0922,N20,nominal,2.0NRT,275.12,2.6,N
46.43041,-116.97214,295.87,0.44,0.46,2026-08-30,0922,N20,nominal,2.0NRT,285.68,1.09,N
46.25198,-115.09019,312.53,0.55,0.42,2026-08-30,0922,N20,nominal,2.0NRT,277.94,2.53,N
46.10606,-114.8235,314.54,0.53,0.42,2026-08-30,0922,N20,nominal,2.0NRT,278.66,2.88,N
46.12769,-115.07933,298.24,0.54,0.42,2026-08-30,0922,N20,nominal,2.0NRT,281.3,1.06,N
46.11927,-115.07434,317.86,0.54,0.42,2026-08-30,0922,N20,nominal,2.0NRT,282.94,3.97,N
46.11953,-115.08022,296.89,0.54,0.42,2026-08-30,0922,N20,nominal,2.0NRT,282.05,1.59,N
46.11887,-115.07385,318.22,0.54,0.42,2026-08-30,0922,N20,nominal,2.0NRT,283.32,2.06,N
46.09686,-115.16876,304.64,0.55,0.42,2026-08-30,0922,N20,nominal,2.0NRT,280.63,1.37,N
46.08008,-115.08158,298.46,0.54,0.42,2026-08-30,0922,N20,nominal,2.0NRT,282.17,1.15,N
45.72285,-114.63609,299.68,0.52,0.41,2026-08-30,0922,N20,nominal,2.0NRT,275.27,1.07,N
45.59768,-118.22743,296.24,0.49,0.49,2026-08-30,0922,N20,nominal,2.0NRT,276.91,0.84,N
45.64844,-120.21429,296.21,0.62,0.54,2026-08-30,0922,N20,nominal,2.0NRT,281.06,0.87,N
44.83834,-118.20325,300.96,0.48,0.48,2026-08-30,0922,N20,nominal,2.0NRT,277.14,1.64,N
44.83436,-118.20993,325.61,0.48,0.48,2026-08-30,0922,N20,nominal,2.0NRT,280.94,3.84,N
44.83395,-118.20461,324.52,0.48,0.48,2026-08-30,0922,N20,nominal,2.0NRT,280.08,3.84,N
44.82956,-118.20593,341.02,0.48,0.48,2026-08-30,0922,N20,nominal,2.0NRT,281.78,3.84,N
44.82999,-118.2116,308.47,0.48,0.48,2026-08-30,0922,N20,nominal,2.0NRT,276.4,3.84,N
44.82344,-118.24362,297.69,0.49,0.48,2026-08-30,0922,N20,nominal,2.0NRT,276.9,1.33,N
44.82264,-118.29258,302.34,0.49,0.48,2026-08-30,0922,N20,nominal,2.0NRT,276.85,2,N
44.8222,-118.28686,308.73,0.49,0.48,2026-08-30,0922,N20,nominal,2.0NRT,278.77,2.02,N
44.82175,-118.28085,304.61,0.49,0.48,2026-08-30,0922,N20,nominal,2.0NRT,278.39,2.02,N
45.03584,-122.0602,307.98,0.38,0.58,2026-08-30,0922,N20,nominal,2.0NRT,280.96,1.4,N
44.81778,-118.2881,307.58,0.49,0.48,2026-08-30,0922,N20,nominal,2.0NRT,279.01,2.02,N
44.81735,-118.28239,314.74,0.49,0.48,2026-08-30,0922,N20,nominal,2.0NRT,280.23,2.02,N
44.81205,-118.27177,297.43,0.49,0.48,2026-08-30,0922,N20,nominal,2.0NRT,277.32,1.25,N
44.81113,-118.25955,298.32,0.49,0.48,2026-08-30,0922,N20,nominal,2.0NRT,278.27,1.63,N
44.81013,-118.24619,303.11,0.49,0.48,2026-08-30,0922,N20,nominal,2.0NRT,278.79,2.19,N
44.8097,-118.24058,305.1,0.49,0.48,2026-08-30,0922,N20,nominal,2.0NRT,278.22,1.27,N
45.01915,-122.05018,326.21,0.38,0.58,2026-08-30,0922,N20,nominal,2.0NRT,281.29,2.69,N
45.01894,-122.04496,295.1,0.38,0.58,2026-08-30,0922,N20,nominal,2.0NRT,280.12,1.95,N
45.03386,-122.05785,296.03,0.38,0.58,2026-08-30,0922,N20,nominal,2.0NRT,280.18,0.41,N
45.0171,-122.04774,329.72,0.37,0.58,2026-08-30,0922,N20,nominal,2.0NRT,282.44,3.21,N
43.84647,-115.58975,299.7,0.54,0.42,2026-08-30,0922,N20,nominal,2.0NRT,279.31,0.8,N
43.83437,-115.58699,319.49,0.54,0.42,2026-08-30,0922,N20,nominal,2.0NRT,281.52,3.03,N
43.83188,-115.60109,323.5,0.54,0.42,2026-08-30,0922,N20,nominal,2.0NRT,281.58,2.76,N
43.83118,-115.59428,309.07,0.54,0.42,2026-08-30,0922,N20,nominal,2.0NRT,283.2,3.03,N
43.82807,-115.60232,327.1,0.54,0.42,2026-08-30,0922,N20,nominal,2.0NRT,281.37,2.38,N
43.82499,-115.61082,310.54,0.54,0.42,2026-08-30,0922,N20,nominal,2.0NRT,281.43,2.38,N
43.82426,-115.6036,299.22,0.54,0.42,2026-08-30,0922,N20,nominal,2.0NRT,281.29,2.38,N
43.82354,-115.59658,298.61,0.54,0.42,2026-08-30,0922,N20,nominal,2.0NRT,282.47,1.39,N
43.82285,-115.58978,298.93,0.54,0.42,2026-08-30,0922,N20,nominal,2.0NRT,284.26,1.39,N
43.82116,-115.61196,329.25,0.54,0.42,2026-08-30,0922,N20,nominal,2.0NRT,284.11,2.17,N
43.82044,-115.60483,301.61,0.54,0.42,2026-08-30,0922,N20,nominal,2.0NRT,281.96,2.17,N
43.81903,-115.59095,296,0.54,0.42,2026-08-30,0922,N20,nominal,2.0NRT,283.77,1.59,N
43.81735,-115.61322,303.21,0.54,0.42,2026-08-30,0922,N20,nominal,2.0NRT,283.69,2.17,N
43.81353,-115.61448,331.04,0.54,0.42,2026-08-30,0922,N20,nominal,2.0NRT,288.1,4.36,N
43.81422,-115.62121,300.09,0.54,0.42,2026-08-30,0922,N20,nominal,2.0NRT,282.32,2.84,N
43.8097,-115.61555,320.49,0.54,0.42,2026-08-30,0922,N20,nominal,2.0NRT,284.38,4.36,N
43.80585,-115.61644,338.21,0.54,0.42,2026-08-30,0922,N20,nominal,2.0NRT,284.52,4.88,N
43.80518,-115.60985,309.59,0.54,0.42,2026-08-30,0922,N20,nominal,2.0NRT,284.95,4.88,N
43.81645,-115.61319,305.22,0.54,0.42,2026-08-30,0922,N20,nominal,2.0NRT,283.7,4.36,N
43.81264,-115.61445,331.36,0.54,0.42,2026-08-30,0922,N20,nominal,2.0NRT,287.7,4.36,N
43.80881,-115.61546,343.45,0.54,0.42,2026-08-30,0922,N20,nominal,2.0NRT,286.72,8.23,N
43.80809,-115.60863,298.8,0.54,0.42,2026-08-30,0922,N20,nominal,2.0NRT,284.08,2.15,N
43.80428,-115.60983,309.66,0.54,0.42,2026-08-30,0922,N20,nominal,2.0NRT,284.3,2.15,N
42.68462,-111.59147,313.97,0.4,0.37,2026-08-30,0922,N20,nominal,2.0NRT,266.2,2.53,N
43.14651,-115.67091,301.03,0.53,0.42,2026-08-30,0922,N20,nominal,2.0NRT,268.35,0.99,N
43.41985,-123.52807,296.85,0.43,0.62,2026-08-30,0922,N20,nominal,2.0NRT,282.54,1.26,N
43.41416,-123.53047,325.34,0.43,0.62,2026-08-30,0922,N20,nominal,2.0NRT,282.29,1.26,N
43.41885,-123.52779,323.49,0.43,0.62,2026-08-30,0922,N20,nominal,2.0NRT,283.06,1.84,N
43.41904,-123.53262,299.23,0.43,0.62,2026-08-30,0922,N20,nominal,2.0NRT,282.55,1.84,N
41.69133,-110.36104,295.71,0.38,0.36,2026-08-30,0922,N20,nominal,2.0NRT,281.6,0.48,N
41.58529,-117.65564,337.16,0.42,0.45,2026-08-30,0924,N20,nominal,2.0NRT,282.5,5.53,N
41.58487,-117.65118,367,0.42,0.45,2026-08-30,0924,N20,high,2.0NRT,289.64,7.36,N
41.58446,-117.64669,313.81,0.42,0.45,2026-08-30,0924,N20,nominal,2.0NRT,282.78,7.36,N
41.58075,-117.65224,347.92,0.42,0.45,2026-08-30,0924,N20,nominal,2.0NRT,282.98,9.43,N
37.95542,-98.14521,343.53,0.45,0.63,2026-08-30,0924,N20,nominal,2.0NRT,293.54,6.27,N
41.58113,-117.65635,306.33,0.42,0.45,2026-08-30,0924,N20,nominal,2.0NRT,279.81,2.72,N
40.74601,-112.03633,301.5,0.39,0.36,2026-08-30,0924,N20,nominal,2.0NRT,286.35,0.43,N
39.89806,-108.33657,305.72,0.42,0.37,2026-08-30,0924,N20,nominal,2.0NRT,283.33,0.62,N
36.19381,-95.81339,308.32,0.67,0.73,2026-08-30,0924,N20,nominal,2.0NRT,292.18,1.4,N
36.19672,-95.81172,308.59,0.67,0.73,2026-08-30,0924,N20,nominal,2.0NRT,292.04,1.78,N
36.52021,-97.83834,312.27,0.51,0.66,2026-08-30,0924,N20,nominal,2.0NRT,292.02,1.58,N
40.13254,-122.31328,298.84,0.35,0.57,2026-08-30,0924,N20,nominal,2.0NRT,286.56,0.3,N
35.23882,-96.11805,304.52,0.69,0.74,2026-08-30,0924,N20,nominal,2.0NRT,292.15,2.08,N
35.2367,-96.11115,307.58,0.69,0.74,2026-08-30,0924,N20,nominal,2.0NRT,292.36,3.23,N
35.23235,-96.1208,310.92,0.69,0.74,2026-08-30,0924,N20,nominal,2.0NRT,292.13,2.08,N
38.93724,-112.81542,309.88,0.4,0.37,2026-08-30,0924,N20,nominal,2.0NRT,285.31,1.29,N
39.62071,-119.26308,298.45,0.48,0.48,2026-08-30,0924,N20,nominal,2.0NRT,285.26,1,N
34.51093,-95.32789,314.48,0.79,0.78,2026-08-30,0924,N20,nominal,2.0NRT,291.56,4.05,N
34.50565,-95.31129,316.91,0.79,0.78,2026-08-30,0924,N20,nominal,2.0NRT,291.37,6.98,N
34.49618,-95.30588,305.44,0.79,0.78,2026-08-30,0924,N20,nominal,2.0NRT,291.03,2.58,N
34.48935,-95.30875,316.04,0.79,0.78,2026-08-30,0924,N20,nominal,2.0NRT,291.51,4.5,N
34.51338,-95.32436,312.99,0.79,0.78,2026-08-30,0924,N20,nominal,2.0NRT,291.9,3.91,N
34.50151,-95.31107,307.79,0.79,0.78,2026-08-30,0924,N20,nominal,2.0NRT,291.17,4.03,N
34.49207,-95.30556,319.76,0.8,0.78,2026-08-30,0924,N20,nominal,2.0NRT,291.4,4.03,N
35.95413,-101.88084,305.55,0.32,0.55,2026-08-30,0924,N20,nominal,2.0NRT,290.44,1.01,N
35.70124,-101.36248,305.96,0.35,0.57,2026-08-30,0924,N20,nominal,2.0NRT,294.72,1.43,N
35.69628,-101.36449,307.51,0.35,0.57,2026-08-30,0924,N20,nominal,2.0NRT,294.62,1.43,N
34.80876,-99.46976,304.33,0.47,0.64,2026-08-30,0924,N20,nominal,2.0NRT,292.49,0.91,N
38.01496,-122.11615,300.22,0.33,0.55,2026-08-30,0924,N20,nominal,2.0NRT,289.48,1.55,N
37.3421,-120.68423,327.65,0.54,0.51,2026-08-30,0924,N20,nominal,2.0NRT,285.83,2.92,N
37.33743,-120.68488,338.86,0.54,0.51,2026-08-30,0924,N20,nominal,2.0NRT,286.34,8.14,N
37.33973,-120.6856,336.8,0.54,0.51,2026-08-30,0924,N20,nominal,2.0NRT,286.33,7.73,N
36.28566,-113.1596,300.81,0.39,0.36,2026-08-30,0924,N20,nominal,2.0NRT,288.37,2.07,N
36.28502,-113.15534,310.18,0.39,0.36,2026-08-30,0924,N20,nominal,2.0NRT,289.36,2.07,N
36.28236,-113.16034,330.09,0.39,0.36,2026-08-30,0924,N20,nominal,2.0NRT,289.28,2.07,N
36.28173,-113.15608,340.96,0.39,0.36,2026-08-30,0924,N20,nominal,2.0NRT,292.17,2.07,N
36.27843,-113.15681,341.25,0.39,0.36,2026-08-30,0924,N20,nominal,2.0NRT,293.12,2.28,N
36.27969,-113.16532,301.23,0.39,0.36,2026-08-30,0924,N20,nominal,2.0NRT,287.91,0.64,N
36.27906,-113.16107,303.58,0.39,0.36,2026-08-30,0924,N20,nominal,2.0NRT,288.54,2.28,N
36.27576,-113.1618,330.32,0.39,0.36,2026-08-30,0924,N20,nominal,2.0NRT,290.31,2.28,N
36.27703,-113.1703,310.19,0.39,0.36,2026-08-30,0924,N20,nominal,2.0NRT,287.8,0.64,N
36.27639,-113.16605,304.34,0.39,0.36,2026-08-30,0924,N20,nominal,2.0NRT,288.44,0.64,N
36.27513,-113.15755,311.59,0.39,0.36,2026-08-30,0924,N20,nominal,2.0NRT,289.28,2.28,N
36.27373,-113.17107,306.73,0.39,0.36,2026-08-30,0924,N20,nominal,2.0NRT,288.21,2.09,N
36.27309,-113.16679,317.86,0.39,0.36,2026-08-30,0924,N20,nominal,2.0NRT,289.31,2.09,N
36.27246,-113.16254,317.81,0.39,0.36,2026-08-30,0924,N20,nominal,2.0NRT,288.58,1.36,N
36.27044,-113.17182,339.79,0.39,0.36,2026-08-30,0924,N20,nominal,2.0NRT,290.8,2.09,N
36.2698,-113.16754,315.42,0.39,0.36,2026-08-30,0924,N20,nominal,2.0NRT,289.16,2.09,N
36.38489,-114.87646,312.25,0.42,0.38,2026-08-30,0924,N20,nominal,2.0NRT,291.92,2.31,N
36.35765,-114.91106,312.93,0.43,0.38,2026-08-30,0924,N20,nominal,2.0NRT,291.28,2.29,N
32.45962,-97.04417,314.17,0.73,0.76,2026-08-30,0924,N20,nominal,2.0NRT,292.41,3.09,N
32.45949,-97.04507,309.81,0.73,0.76,2026-08-30,0924,N20,nominal,2.0NRT,292.6,4.03,N
34.68672,-106.43052,338.86,0.39,0.44,2026-08-30,0924,N20,nominal,2.0NRT,289.76,6.49,N
34.68753,-106.4344,304.52,0.39,0.44,2026-08-30,0924,N20,nominal,2.0NRT,287.68,2.8,N
34.6792,-106.4346,304.86,0.39,0.44,2026-08-30,0924,N20,nominal,2.0NRT,286.98,0.73,N
34.67841,-106.43088,298.17,0.39,0.44,2026-08-30,0924,N20,nominal,2.0NRT,286.75,0.73,N
34.67457,-106.43247,299.07,0.39,0.44,2026-08-30,0924,N20,nominal,2.0NRT,285.85,0.44,N
32.24696,-97.55283,303.11,0.69,0.74,2026-08-30,0924,N20,nominal,2.0NRT,292.83,0.95,N
32.24492,-97.55338,303.63,0.69,0.75,2026-08-30,0924,N20,nominal,2.0NRT,292.14,1.14,N
35.51665,-113.31702,310.18,0.39,0.36,2026-08-30,0924,N20,nominal,2.0NRT,290.16,1.37,N
35.51601,-113.31276,310.17,0.39,0.36,2026-08-30,0924,N20,nominal,2.0NRT,291.75,1.44,N
36.29272,-121.77957,330.65,0.61,0.53,2026-08-30,0924,N20,nominal,2.0NRT,289.61,3.46,N
36.29217,-121.77225,318.16,0.61,0.53,2026-08-30,0924,N20,nominal,2.0NRT,289.16,3.46,N
36.28775,-121.77937,307.14,0.61,0.53,2026-08-30,0924,N20,nominal,2.0NRT,289.63,3.46,N
36.21442,-121.62537,302.91,0.59,0.53,2026-08-30,0924,N20,nominal,2.0NRT,287.82,0.93,N
36.21408,-121.68381,303.35,0.6,0.53,2026-08-30,0924,N20,nominal,2.0NRT,288.15,0.62,N
33.03458,-102.93749,305.12,0.33,0.55,2026-08-30,0926,N20,nominal,2.0NRT,293.74,0.5,N
35.95749,-121.43139,352.17,0.57,0.52,2026-08-30,0926,N20,nominal,2.0NRT,295.23,11.77,N
35.95692,-121.42423,348.8,0.57,0.52,2026-08-30,0926,N20,nominal,2.0NRT,298.65,6.55,N
35.95411,-121.45007,320.07,0.58,0.52,2026-08-30,0926,N20,nominal,2.0NRT,291.15,3.81,N
35.95284,-121.43388,340.16,0.57,0.52,2026-08-30,0926,N20,nominal,2.0NRT,294.5,11.77,N
35.94923,-121.38857,321.67,0.57,0.52,2026-08-30,0926,N20,nominal,2.0NRT,289.27,2.56,N
35.95217,-121.42545,316.74,0.57,0.52,2026-08-30,0926,N20,nominal,2.0NRT,292.77,6.55,N
35.95162,-121.41853,311.54,0.57,0.52,2026-08-30,0926,N20,nominal,2.0NRT,291.37,6.55,N
35.95115,-121.41254,313.82,0.57,0.52,2026-08-30,0926,N20,nominal,2.0NRT,291.36,1.95,N
35.95067,-121.40652,310.87,0.57,0.52,2026-08-30,0926,N20,nominal,2.0NRT,290.3,1.95,N
35.9497,-121.39447,299.58,0.57,0.52,2026-08-30,0926,N20,nominal,2.0NRT,288.6,1.85,N
35.94878,-121.38294,307.97,0.57,0.52,2026-08-30,0926,N20,nominal,2.0NRT,287.6,2.56,N
35.94942,-121.45217,355.22,0.58,0.52,2026-08-30,0926,N20,nominal,2.0NRT,295.96,17.17,N
35.94881,-121.44441,314.97,0.58,0.52,2026-08-30,0926,N20,nominal,2.0NRT,292.41,4.39,N
35.94817,-121.4362,315.08,0.57,0.52,2026-08-30,0926,N20,nominal,2.0NRT,294.15,4.39,N
35.94681,-121.41889,302.61,0.57,0.52,2026-08-30,0926,N20,nominal,2.0NRT,291.04,2.7,N
35.94441,-121.38863,300.42,0.57,0.52,2026-08-30,0926,N20,nominal,2.0NRT,289.15,0.96,N
35.9315,-121.34783,306.7,0.57,0.52,2026-08-30,0926,N20,nominal,2.0NRT,288.34,2.49,N
35.93566,-121.46261,305.37,0.58,0.52,2026-08-30,0926,N20,nominal,2.0NRT,288.18,1.52,N
35.92192,-121.34871,299.83,0.57,0.52,2026-08-30,0926,N20,nominal,2.0NRT,289.64,1.98,N
35.92607,-121.46418,324.47,0.58,0.52,2026-08-30,0926,N20,nominal,2.0NRT,287.91,2.93,N
35.91953,-121.37966,336.41,0.57,0.52,2026-08-30,0926,N20,nominal,2.0NRT,290.44,3.93,N
35.92537,-121.45494,303.3,0.58,0.52,2026-08-30,0926,N20,nominal,2.0NRT,289.45,2.93,N
35.91892,-121.3718,310.87,0.57,0.52,2026-08-30,0926,N20,nominal,2.0NRT,289.86,3.93,N
35.91707,-121.3483,309.85,0.57,0.52,2026-08-30,0926,N20,nominal,2.0NRT,290.57,1.98,N
35.91659,-121.34211,308.73,0.57,0.52,2026-08-30,0926,N20,nominal,2.0NRT,289.4,1.95,N
35.91222,-121.34786,302.29,0.57,0.52,2026-08-30,0926,N20,nominal,2.0NRT,290.24,2.45,N
35.91005,-121.38217,340.31,0.57,0.52,2026-08-30,0926,N20,nominal,2.0NRT,293.95,48.79,N
35.90946,-121.37441,341.66,0.57,0.52,2026-08-30,0926,N20,nominal,2.0NRT,304.84,48.79,N
35.90745,-121.34856,320.27,0.57,0.52,2026-08-30,0926,N20,nominal,2.0NRT,290.37,2.45,N
35.90886,-121.36652,318.79,0.57,0.52,2026-08-30,0926,N20,nominal,2.0NRT,291.61,4.47,N
35.90836,-121.36014,307.36,0.57,0.52,2026-08-30,0926,N20,nominal,2.0NRT,290.24,4.47,N
35.90697,-121.34234,305.45,0.57,0.52,2026-08-30,0926,N20,nominal,2.0NRT,288.86,2.12,N
35.9053,-121.38322,345.15,0.57,0.52,2026-08-30,0926,N20,nominal,2.0NRT,296.6,6.81,N
35.90472,-121.37556,321.93,0.57,0.52,2026-08-30,0926,N20,nominal,2.0NRT,293.08,6.81,N
35.90208,-121.40418,325.07,0.57,0.52,2026-08-30,0926,N20,nominal,2.0NRT,294.12,4.19,N
35.90046,-121.38294,336.14,0.57,0.52,2026-08-30,0926,N20,nominal,2.0NRT,295.83,6.81,N
35.89557,-121.38212,325.74,0.57,0.52,2026-08-30,0926,N20,nominal,2.0NRT,295.43,5.61,N
35.89499,-121.37441,342.05,0.57,0.52,2026-08-30,0926,N20,nominal,2.0NRT,294.11,5.61,N
35.90094,-121.45288,306.96,0.58,0.52,2026-08-30,0926,N20,nominal,2.0NRT,287.38,6.72,N
35.89718,-121.40335,311.23,0.57,0.52,2026-08-30,0926,N20,nominal,2.0NRT,294.48,2.56,N
35.89683,-121.46288,333.76,0.58,0.52,2026-08-30,0926,N20,nominal,2.0NRT,286.77,7.89,N
35.89625,-121.4552,344.79,0.58,0.52,2026-08-30,0926,N20,nominal,2.0NRT,291.04,6.72,N
35.89123,-121.38854,329.68,0.57,0.52,2026-08-30,0926,N20,nominal,2.0NRT,294.63,7.12,N
35.89016,-121.37439,331.78,0.57,0.52,2026-08-30,0926,N20,nominal,2.0NRT,296.26,5.61,N
35.88967,-121.36797,338.98,0.57,0.52,2026-08-30,0926,N20,nominal,2.0NRT,294.1,7.73,N
35.89573,-121.44827,304.6,0.57,0.52,2026-08-30,0926,N20,nominal,2.0NRT,286.16,6.72,N
35.8923,-121.4026,306.49,0.57,0.52,2026-08-30,0926,N20,nominal,2.0NRT,292.98,2.56,N
35.89072,-121.38184,311.46,0.57,0.52,2026-08-30,0926,N20,nominal,2.0NRT,295.03,5.61,N
34.77995,-112.0854,305.1,0.39,0.36,2026-08-30,0926,N20,nominal,2.0NRT,290.26,0.52,N
35.91208,-121.34882,300.91,0.57,0.52,2026-08-30,0926,N20,nominal,2.0NRT,289.75,2.3,N
35.91016,-121.38324,323.9,0.57,0.52,2026-08-30,0926,N20,nominal,2.0NRT,292.36,6.79,N
35.90952,-121.37576,332.93,0.57,0.52,2026-08-30,0926,N20,nominal,2.0NRT,306.95,51.01,N
35.90884,-121.36771,338.51,0.57,0.52,2026-08-30,0926,N20,nominal,2.0NRT,294.07,51.01,N
35.9068,-121.34334,323.41,0.57,0.52,2026-08-30,0926,N20,nominal,2.0NRT,290.27,2.3,N
35.90829,-121.36105,307.67,0.57,0.52,2026-08-30,0926,N20,nominal,2.0NRT,290.52,4.06,N
35.90733,-121.34956,312.71,0.57,0.52,2026-08-30,0926,N20,nominal,2.0NRT,289.87,2.3,N
35.90541,-121.38435,340.33,0.57,0.52,2026-08-30,0926,N20,nominal,2.0NRT,295.36,7.35,N
35.90479,-121.37695,326.22,0.57,0.52,2026-08-30,0926,N20,nominal,2.0NRT,294.42,4.24,N
35.9041,-121.36868,302.07,0.57,0.52,2026-08-30,0926,N20,nominal,2.0NRT,290.01,4.24,N
35.90233,-121.40534,322.58,0.57,0.52,2026-08-30,0926,N20,nominal,2.0NRT,293.99,3.98,N
35.90055,-121.38403,333.48,0.57,0.52,2026-08-30,0926,N20,nominal,2.0NRT,295.73,7.35,N
35.89565,-121.38317,325.6,0.57,0.52,2026-08-30,0926,N20,nominal,2.0NRT,294.68,3.69,N
35.89502,-121.37566,341.97,0.57,0.52,2026-08-30,0926,N20,nominal,2.0NRT,295.51,8.3,N
35.89742,-121.40448,315.13,0.57,0.52,2026-08-30,0926,N20,nominal,2.0NRT,294.48,2.65,N
35.89683,-121.45601,353.99,0.57,0.52,2026-08-30,0926,N20,nominal,2.0NRT,294.16,12.2,N
35.89135,-121.38956,322.13,0.57,0.52,2026-08-30,0926,N20,nominal,2.0NRT,293.97,3.69,N
35.89019,-121.37559,327.01,0.57,0.52,2026-08-30,0926,N20,nominal,2.0NRT,295.48,8.3,N
35.88963,-121.3688,342.56,0.57,0.52,2026-08-30,0926,N20,nominal,2.0NRT,295.25,8.3,N
35.89747,-121.46382,307.53,0.58,0.52,2026-08-30,0926,N20,nominal,2.0NRT,285.83,12.2,N
35.89626,-121.44913,302.76,0.57,0.52,2026-08-30,0926,N20,nominal,2.0NRT,285.78,3.48,N
35.89251,-121.40369,307.77,0.57,0.52,2026-08-30,0926,N20,nominal,2.0NRT,292.58,2.65,N
35.89079,-121.38283,315.75,0.57,0.52,2026-08-30,0926,N20,nominal,2.0NRT,295.44,3.69,N
35.8854,-121.37605,327.77,0.57,0.52,2026-08-30,0926,N20,nominal,2.0NRT,297.61,7.17,N
35.88483,-121.36919,330.96,0.57,0.52,2026-08-30,0926,N20,nominal,2.0NRT,298.47,7.17,N
35.88439,-121.3638,343.62,0.57,0.52,2026-08-30,0926,N20,nominal,2.0NRT,299.24,14.91,N
35.88704,-121.39599,310.06,0.57,0.52,2026-08-30,0926,N20,nominal,2.0NRT,292.89,3.17,N
35.88651,-121.3895,306.66,0.57,0.52,2026-08-30,0926,N20,nominal,2.0NRT,293.24,5.3,N
35.88598,-121.38312,312.96,0.57,0.52,2026-08-30,0926,N20,nominal,2.0NRT,295.71,5.3,N
35.88179,-121.39091,325.92,0.57,0.52,2026-08-30,0926,N20,nominal,2.0NRT,292.82,5.3,N
35.88127,-121.38461,353.57,0.57,0.52,2026-08-30,0926,N20,nominal,2.0NRT,296.48,5.3,N
35.88005,-121.3698,342.66,0.57,0.52,2026-08-30,0926,N20,nominal,2.0NRT,297.11,7.17,N
35.87958,-121.36404,347.98,0.57,0.52,2026-08-30,0926,N20,nominal,2.0NRT,293.19,14.91,N
32.53689,-101.67365,320.66,0.4,0.6,2026-08-30,0926,N20,nominal,2.0NRT,293.22,1.77,N
32.46116,-101.40314,309.37,0.42,0.61,2026-08-30,0926,N20,nominal,2.0NRT,293.29,0.82,N
32.75903,-102.68384,305.36,0.35,0.57,2026-08-30,0926,N20,nominal,2.0NRT,295.04,0.78,N
32.41122,-101.63943,312.09,0.41,0.6,2026-08-30,0926,N20,nominal,2.0NRT,293.31,1.01,N
32.0372,-100.27143,303.31,0.5,0.65,2026-08-30,0926,N20,nominal,2.0NRT,291.59,1.03,N
32.28144,-101.40841,308.72,0.42,0.61,2026-08-30,0926,N20,nominal,2.0NRT,294.89,1.49,N
32.0492,-100.68389,303.95,0.47,0.64,2026-08-30,0926,N20,nominal,2.0NRT,293.03,0.41,N
32.24987,-101.58213,304.95,0.41,0.61,2026-08-30,0926,N20,nominal,2.0NRT,292.78,0.59,N
32.24981,-101.58044,306.32,0.41,0.61,2026-08-30,0926,N20,nominal,2.0NRT,293.09,0.43,N
32.19713,-101.44303,303.43,0.42,0.61,2026-08-30,0926,N20,nominal,2.0NRT,293.41,0.65,N
32.70092,-103.78748,309.21,0.6,0.53,2026-08-30,0926,N20,nominal,2.0NRT,293.74,1.05,N
31.97003,-101.76671,310.29,0.41,0.61,2026-08-30,0926,N20,nominal,2.0NRT,292.92,1.59,N
31.97492,-101.76443,306.52,0.41,0.61,2026-08-30,0926,N20,nominal,2.0NRT,292.9,0.86,N
31.96956,-101.76631,304.98,0.41,0.61,2026-08-30,0926,N20,nominal,2.0NRT,293.12,0.86,N
31.85472,-101.77332,303.63,0.41,0.61,2026-08-30,0926,N20,nominal,2.0NRT,293.44,0.62,N
31.84288,-101.79581,306.3,0.41,0.61,2026-08-30,0926,N20,nominal,2.0NRT,293.08,1.38,N
31.84182,-101.79163,306.4,0.41,0.61,2026-08-30,0926,N20,nominal,2.0NRT,293.44,1.13,N
31.07345,-99.03124,305.73,0.62,0.71,2026-08-30,0926,N20,nominal,2.0NRT,291.98,0.91,N
32.22121,-103.53011,305.87,0.32,0.55,2026-08-30,0926,N20,nominal,2.0NRT,293.92,0.76,N
31.84383,-102.05075,307.8,0.4,0.6,2026-08-30,0926,N20,nominal,2.0NRT,293.4,0.54,N
34.81862,-118.75183,301.76,0.4,0.44,2026-08-30,0926,N20,nominal,2.0NRT,289.62,1.2,N
34.60918,-117.33869,296.46,0.51,0.41,2026-08-30,0926,N20,nominal,2.0NRT,267.13,0.96,N
31.64761,-101.58157,308.11,0.43,0.62,2026-08-30,0926,N20,nominal,2.0NRT,292.25,0.66,N
32.13506,-103.61209,311.28,0.32,0.54,2026-08-30,0926,N20,nominal,2.0NRT,293.87,2.03,N
31.6264,-101.81725,310.77,0.41,0.61,2026-08-30,0926,N20,nominal,2.0NRT,292.97,0.82,N
31.70343,-102.19197,309.64,0.39,0.6,2026-08-30,0926,N20,nominal,2.0NRT,293.68,0.74,N
31.46,-101.59962,305.12,0.43,0.62,2026-08-30,0926,N20,nominal,2.0NRT,293.27,1.01,N
34.43174,-118.64574,313.33,0.39,0.44,2026-08-30,0926,N20,nominal,2.0NRT,291.84,1.4,N
31.39267,-102.00097,304.2,0.41,0.61,2026-08-30,0926,N20,nominal,2.0NRT,293.01,0.28,N
31.53639,-102.61465,316.63,0.37,0.58,2026-08-30,0926,N20,nominal,2.0NRT,293.88,1.1,N
31.75891,-103.60541,306.41,0.32,0.55,2026-08-30,0926,N20,nominal,2.0NRT,295.3,0.33,N
31.32264,-101.86537,306.83,0.42,0.61,2026-08-30,0926,N20,nominal,2.0NRT,293.15,0.54,N
31.511,-102.64756,304.88,0.37,0.58,2026-08-30,0926,N20,nominal,2.0NRT,294.07,0.72,N
34.33515,-118.52264,315.13,0.57,0.43,2026-08-30,0926,N20,nominal,2.0NRT,291.78,0.78,N
31.32314,-101.8645,306.54,0.42,0.61,2026-08-30,0926,N20,nominal,2.0NRT,293.19,0.39,N
31.51193,-102.64735,309.45,0.37,0.58,2026-08-30,0926,N20,nominal,2.0NRT,294.42,0.86,N
31.4436,-102.46176,304.78,0.38,0.59,2026-08-30,0926,N20,nominal,2.0NRT,294.69,0.56,N
31.3561,-102.11155,304.17,0.4,0.6,2026-08-30,0926,N20,nominal,2.0NRT,293.23,0.84,N
31.35506,-102.10741,308.81,0.41,0.6,2026-08-30,0926,N20,nominal,2.0NRT,293.44,0.97,N
31.65898,-103.52027,307.24,0.33,0.55,2026-08-30,0926,N20,nominal,2.0NRT,295.06,0.4,N
34.14291,-117.42733,304.27,0.5,0.41,2026-08-30,0926,N20,nominal,2.0NRT,290.54,0.25,N
31.47099,-102.88696,305.98,0.36,0.58,2026-08-30,0926,N20,nominal,2.0NRT,294.42,1.46,N
31.47164,-102.89011,304.79,0.36,0.58,2026-08-30,0926,N20,nominal,2.0NRT,294.19,1.42,N
31.17362,-101.85087,308.87,0.42,0.61,2026-08-30,0926,N20,nominal,2.0NRT,293.63,0.72,N
34.15487,-118.19431,311.69,0.55,0.43,2026-08-30,0926,N20,nominal,2.0NRT,291.56,1.5,N
31.46305,-103.25846,310.32,0.35,0.56,2026-08-30,0926,N20,nominal,2.0NRT,294.73,0.39,N
34.03995,-117.82392,304.63,0.53,0.42,2026-08-30,0926,N20,nominal,2.0NRT,292.17,0.62,N
31.49863,-103.53181,305.29,0.33,0.55,2026-08-30,0926,N20,nominal,2.0NRT,294.97,0.85,N
31.35537,-103.22802,320.99,0.35,0.57,2026-08-30,0926,N20,nominal,2.0NRT,294.32,1.96,N
31.3545,-103.22446,315.72,0.35,0.57,2026-08-30,0926,N20,nominal,2.0NRT,294.82,1.79,N
31.26588,-103.18103,305.24,0.35,0.57,2026-08-30,0926,N20,nominal,2.0NRT,293.77,0.47,N
31.24899,-103.17893,309.19,0.35,0.57,2026-08-30,0926,N20,nominal,2.0NRT,294.68,0.74,N
31.22965,-103.18922,307.87,0.35,0.57,2026-08-30,0926,N20,nominal,2.0NRT,294.58,0.65,N
33.79499,-117.47517,311.82,0.5,0.41,2026-08-30,0926,N20,nominal,2.0NRT,294.31,1.29,N
33.79447,-117.47705,310.32,0.5,0.41,2026-08-30,0926,N20,nominal,2.0NRT,293.68,1.49,N
30.35046,-100.13194,321.32,0.56,0.69,2026-08-30,0926,N20,nominal,2.0NRT,291.92,1.63,N
30.34443,-100.13412,306.65,0.56,0.69,2026-08-30,0926,N20,nominal,2.0NRT,291.29,1.63,N
33.71444,-117.71006,310.41,0.51,0.41,2026-08-30,0926,N20,nominal,2.0NRT,292.25,1.35,N
33.71517,-117.71098,309.86,0.51,0.41,2026-08-30,0926,N20,nominal,2.0NRT,292.53,1.35,N
29.5807,-98.03481,303.2,0.77,0.77,2026-08-30,0926,N20,nominal,2.0NRT,290.9,1.09,N
33.61286,-117.8212,306.83,0.52,0.41,2026-08-30,0926,N20,nominal,2.0NRT,291.09,1.05,N
29.57576,-98.03801,300.84,0.77,0.77,2026-08-30,0926,N20,nominal,2.0NRT,290.46,1.23,N
32.85661,-117.02827,303.04,0.47,0.4,2026-08-30,0926,N20,nominal,2.0NRT,292.85,0.53,N
32.58397,-115.51216,318.51,0.41,0.37,2026-08-30,0926,N20,nominal,2.0NRT,299.21,1.11,N
32.58095,-115.49023,314.73,0.41,0.37,2026-08-30,0926,N20,nominal,2.0NRT,300.37,1.39,N
32.54414,-115.35217,316.78,0.41,0.37,2026-08-30,0926,N20,nominal,2.0NRT,300.64,2.15,N
32.49689,-116.83585,328.32,0.46,0.39,2026-08-30,0926,N20,nominal,2.0NRT,296.23,9.89,N
28.81858,-99.03183,305.44,0.7,0.75,2026-08-30,0926,N20,nominal,2.0NRT,291.44,0.68,N
28.81719,-99.03393,304.42,0.7,0.75,2026-08-30,0926,N20,nominal,2.0NRT,291.45,0.88,N
32.35353,-116.59415,313.35,0.45,0.39,2026-08-30,0926,N20,nominal,2.0NRT,294.28,1.51,N
31.84399,-116.58435,310.05,0.44,0.38,2026-08-30,0926,N20,nominal,2.0NRT,294.02,1.2,N
30.84858,-116.03099,325.12,0.42,0.37,2026-08-30,0926,N20,nominal,2.0NRT,293.38,2.17,N
26.4087,-105.4118,305.61,0.33,0.56,2026-08-30,0926,N20,nominal,2.0NRT,287.34,1.04,N
19.41646,-155.27524,327.32,0.64,0.72,2026-08-30,1113,N20,nominal,2.0NRT,298.68,8.62,N
19.40977,-155.27597,327.49,0.64,0.72,2026-08-30,1113,N20,nominal,2.0NRT,302.08,7.31,N
19.41029,-155.28194,301.7,0.64,0.72,2026-08-30,1113,N20,nominal,2.0NRT,289.49,5.97,N
19.40361,-155.28285,326.3,0.64,0.72,2026-08-30,1113,N20,nominal,2.0NRT,302.66,5.97,N
19.40459,-155.29422,310.11,0.64,0.72,2026-08-30,1113,N20,nominal,2.0NRT,290.12,4.75,N
19.40412,-155.28882,312.08,0.64,0.72,2026-08-30,1113,N20,nominal,2.0NRT,293.34,5.97,N
19.40308,-155.27663,310.79,0.64,0.72,2026-08-30,1113,N20,nominal,2.0NRT,296.96,7.31,N
46.82417,-115.23071,299.16,0.59,0.7,2026-08-30,1102,N20,nominal,2.0NRT,274.8,1.78,N
46.81856,-115.23551,302.58,0.59,0.7,2026-08-30,1102,N20,nominal,2.0NRT,274.69,1.82,N
46.79494,-115.18868,298.35,0.6,0.7,2026-08-30,1102,N20,nominal,2.0NRT,277.53,1.66,N
46.8163,-115.23524,304.47,0.59,0.7,2026-08-30,1102,N20,nominal,2.0NRT,274.85,1.3,N
46.16116,-113.93161,307.95,0.71,0.75,2026-08-30,1102,N20,nominal,2.0NRT,277.41,4.24,N
48.0856,-120.62415,323.03,0.63,0.54,2026-08-30,1102,N20,nominal,2.0NRT,276.85,5.39,N
48.08035,-120.62482,328.79,0.63,0.54,2026-08-30,1102,N20,nominal,2.0NRT,277.38,5.5,N
48.07829,-120.61752,319.3,0.63,0.54,2026-08-30,1102,N20,nominal,2.0NRT,278.84,5.5,N
48.07811,-120.82858,321.16,0.62,0.54,2026-08-30,1102,N20,nominal,2.0NRT,278.14,3.59,N
48.07652,-120.82292,298.82,0.62,0.54,2026-08-30,1102,N20,nominal,2.0NRT,277.94,2.94,N
48.07535,-120.82662,354.32,0.62,0.54,2026-08-30,1102,N20,nominal,2.0NRT,286.83,30.32,N
48.07027,-120.82774,338.09,0.62,0.54,2026-08-30,1102,N20,nominal,2.0NRT,285.97,30.32,N
48.02908,-120.67922,295.89,0.63,0.54,2026-08-30,1102,N20,nominal,2.0NRT,276.73,2,N
48.02647,-120.66982,300.43,0.63,0.54,2026-08-30,1102,N20,nominal,2.0NRT,276.41,1.59,N
47.91039,-120.37378,297.55,0.33,0.55,2026-08-30,1102,N20,nominal,2.0NRT,274.94,0.51,N
47.90683,-120.38071,301.42,0.33,0.55,2026-08-30,1102,N20,nominal,2.0NRT,278.1,1.78,N
47.9059,-120.37744,295.73,0.33,0.55,2026-08-30,1102,N20,nominal,2.0NRT,277.37,0.74,N
47.9007,-120.37863,299.1,0.33,0.55,2026-08-30,1102,N20,nominal,2.0NRT,277.97,0.74,N
47.91168,-120.5723,318.49,0.32,0.55,2026-08-30,1102,N20,nominal,2.0NRT,277.68,2,N
47.91093,-120.57211,315.74,0.32,0.55,2026-08-30,1102,N20,nominal,2.0NRT,277.68,2.22,N
47.84315,-120.56499,303.61,0.32,0.55,2026-08-30,1102,N20,nominal,2.0NRT,273.47,1.01,N
47.90049,-120.82716,323.08,0.63,0.54,2026-08-30,1102,N20,nominal,2.0NRT,281.15,4.77,N
45.97958,-117.96877,301.83,0.48,0.65,2026-08-30,1102,N20,nominal,2.0NRT,276.72,1.11,N
45.64491,-120.21738,303.18,0.39,0.59,2026-08-30,1102,N20,nominal,2.0NRT,280.8,0.69,N
43.82998,-115.60724,299.39,0.72,0.76,2026-08-30,1102,N20,nominal,2.0NRT,277.9,2.7,N
43.82753,-115.60033,315.59,0.72,0.76,2026-08-30,1102,N20,nominal,2.0NRT,278.62,2.7,N
43.82558,-115.61677,307.16,0.72,0.76,2026-08-30,1102,N20,nominal,2.0NRT,278.47,3.6,N
43.82274,-115.60874,308.54,0.72,0.76,2026-08-30,1102,N20,nominal,2.0NRT,279.94,6.39,N
43.81845,-115.61858,319.23,0.72,0.76,2026-08-30,1102,N20,nominal,2.0NRT,280.89,3.6,N
43.81123,-115.62012,324.41,0.72,0.76,2026-08-30,1102,N20,nominal,2.0NRT,280.98,4.6,N
45.02428,-121.8819,306.8,0.34,0.56,2026-08-30,1102,N20,nominal,2.0NRT,278.89,1.15,N
45.04375,-122.01211,299.17,0.34,0.56,2026-08-30,1102,N20,nominal,2.0NRT,280.38,0.86,N
45.04642,-122.04169,298.83,0.34,0.56,2026-08-30,1102,N20,nominal,2.0NRT,280.97,4,N
45.04438,-122.03432,300.04,0.34,0.56,2026-08-30,1102,N20,nominal,2.0NRT,280.66,2.71,N
45.04338,-122.03072,309.6,0.34,0.56,2026-08-30,1102,N20,nominal,2.0NRT,282.16,1.7,N
45.04239,-122.02716,307.72,0.34,0.56,2026-08-30,1102,N20,nominal,2.0NRT,282,1.7,N
45.04144,-122.02375,309.11,0.34,0.56,2026-08-30,1102,N20,nominal,2.0NRT,282.01,1.89,N
45.04583,-122.05949,321.71,0.34,0.56,2026-08-30,1102,N20,nominal,2.0NRT,281.26,1.16,N
45.04278,-122.04852,367,0.34,0.56,2026-08-30,1102,N20,high,2.0NRT,282.31,4,N
45.04696,-122.06358,310.76,0.34,0.56,2026-08-30,1102,N20,nominal,2.0NRT,279.62,1.16,N
45.04176,-122.04485,317.59,0.34,0.56,2026-08-30,1102,N20,nominal,2.0NRT,282.7,4,N
45.0423,-122.06671,367,0.34,0.56,2026-08-30,1102,N20,high,2.0NRT,280.2,8.84,N
45.04111,-122.06242,347.97,0.34,0.56,2026-08-30,1102,N20,nominal,2.0NRT,288.72,8.84,N
45.04008,-122.0587,305.49,0.34,0.56,2026-08-30,1102,N20,nominal,2.0NRT,281.34,1.8,N
45.03913,-122.05527,301.64,0.34,0.56,2026-08-30,1102,N20,nominal,2.0NRT,280.18,1.8,N
45.03523,-122.06116,321.62,0.34,0.56,2026-08-30,1102,N20,nominal,2.0NRT,281.41,1.8,N
45.03638,-122.06532,295.37,0.34,0.56,2026-08-30,1102,N20,nominal,2.0NRT,279.19,8.84,N
45.03419,-122.05742,301.23,0.34,0.56,2026-08-30,1102,N20,nominal,2.0NRT,280.9,1.8,N
45.03315,-122.05372,296.98,0.34,0.56,2026-08-30,1102,N20,nominal,2.0NRT,280.47,1.25,N
45.03207,-122.04981,311.23,0.34,0.56,2026-08-30,1102,N20,nominal,2.0NRT,280.43,1.25,N
45.03097,-122.04585,304.19,0.34,0.56,2026-08-30,1102,N20,nominal,2.0NRT,280.84,1.75,N
45.0252,-122.04501,307.71,0.34,0.56,2026-08-30,1102,N20,nominal,2.0NRT,280.89,2.27,N
45.02053,-122.04813,322.67,0.34,0.56,2026-08-30,1102,N20,nominal,2.0NRT,279.72,2.27,N
45.01952,-122.04449,333.11,0.34,0.56,2026-08-30,1102,N20,nominal,2.0NRT,283.05,4.04,N
45.01025,-122.01131,321.98,0.34,0.56,2026-08-30,1102,N20,nominal,2.0NRT,279.68,1.48,N
43.41626,-123.53353,367,0.32,0.54,2026-08-30,1104,N20,high,2.0NRT,282.92,7.51,N
43.41516,-123.52937,349.72,0.32,0.54,2026-08-30,1104,N20,nominal,2.0NRT,285.01,7.51,N
38.01372,-122.11507,299.85,0.53,0.67,2026-08-30,1104,N20,nominal,2.0NRT,288.1,1.72,N
36.29028,-121.78409,304.46,0.62,0.71,2026-08-30,1104,N20,nominal,2.0NRT,288.59,1.56,N
36.28835,-121.77773,312.98,0.62,0.71,2026-08-30,1104,N20,nominal,2.0NRT,290.12,1.56,N
35.96362,-121.43154,301.26,0.66,0.73,2026-08-30,1104,N20,nominal,2.0NRT,287.69,24.44,N
35.96144,-121.42448,299.31,0.66,0.73,2026-08-30,1104,N20,nominal,2.0NRT,288.04,9,N
35.95151,-121.3922,300.5,0.66,0.73,2026-08-30,1104,N20,nominal,2.0NRT,287.45,2.8,N
35.94631,-121.37534,301.76,0.66,0.73,2026-08-30,1104,N20,nominal,2.0NRT,287.05,1.4,N
35.95811,-121.43707,350.48,0.66,0.73,2026-08-30,1104,N20,nominal,2.0NRT,290.24,24.44,N
35.95638,-121.43147,346.7,0.66,0.73,2026-08-30,1104,N20,nominal,2.0NRT,302.45,24.44,N
35.95463,-121.42579,340.54,0.66,0.73,2026-08-30,1104,N20,nominal,2.0NRT,294.24,9,N
35.95273,-121.41962,305.62,0.66,0.73,2026-08-30,1104,N20,nominal,2.0NRT,290.22,9,N
35.93148,-121.35078,297.43,0.67,0.73,2026-08-30,1104,N20,nominal,2.0NRT,286.77,0.9,N
35.95398,-121.44709,329.6,0.66,0.73,2026-08-30,1104,N20,nominal,2.0NRT,292.16,6.45,N
35.95225,-121.44147,329.63,0.66,0.73,2026-08-30,1104,N20,nominal,2.0NRT,291.86,6.45,N
35.95066,-121.43631,329.13,0.66,0.73,2026-08-30,1104,N20,nominal,2.0NRT,293.07,5.58,N
35.9559,-121.45332,300.88,0.66,0.73,2026-08-30,1104,N20,nominal,2.0NRT,290.35,7.55,N
35.94921,-121.43164,305.13,0.66,0.73,2026-08-30,1104,N20,nominal,2.0NRT,290.67,5.58,N
35.94848,-121.45264,367,0.66,0.73,2026-08-30,1104,N20,high,2.0NRT,293.88,7.55,N
35.94675,-121.44706,332.78,0.66,0.73,2026-08-30,1104,N20,nominal,2.0NRT,292.47,6.45,N
35.95105,-121.46097,303.92,0.66,0.73,2026-08-30,1104,N20,nominal,2.0NRT,288.65,7.55,N
35.94518,-121.44196,303.08,0.66,0.73,2026-08-30,1104,N20,nominal,2.0NRT,291.66,6.45,N
35.91777,-121.37681,367,0.67,0.73,2026-08-30,1104,N20,high,2.0NRT,296.26,9.2,N
35.91943,-121.38215,299.98,0.67,0.73,2026-08-30,1104,N20,nominal,2.0NRT,288.95,8.1,N
35.91086,-121.3779,328.48,0.67,0.73,2026-08-30,1104,N20,nominal,2.0NRT,291.18,9.2,N
35.90933,-121.37296,337.48,0.67,0.73,2026-08-30,1104,N20,nominal,2.0NRT,294.01,9.2,N
35.93853,-121.46716,300.48,0.66,0.73,2026-08-30,1104,N20,nominal,2.0NRT,286.82,1.69,N
35.93694,-121.46201,315.8,0.66,0.73,2026-08-30,1104,N20,nominal,2.0NRT,288.68,3.35,N
35.90771,-121.36772,307.35,0.67,0.73,2026-08-30,1104,N20,nominal,2.0NRT,289.96,3.49,N
35.9059,-121.3619,309.51,0.67,0.73,2026-08-30,1104,N20,nominal,2.0NRT,289.1,3.49,N
35.9303,-121.46389,367,0.66,0.73,2026-08-30,1104,N20,high,2.0NRT,289.76,5.18,N
35.90587,-121.38516,345.11,0.67,0.73,2026-08-30,1104,N20,nominal,2.0NRT,293.41,26.95,N
35.90417,-121.3797,353.78,0.67,0.73,2026-08-30,1104,N20,nominal,2.0NRT,298.75,9.62,N
35.929,-121.45972,304.2,0.66,0.73,2026-08-30,1104,N20,nominal,2.0NRT,289.43,5.18,N
35.90269,-121.37495,308.12,0.67,0.73,2026-08-30,1104,N20,nominal,2.0NRT,291.23,9.62,N
35.92374,-121.46605,320.1,0.66,0.73,2026-08-30,1104,N20,nominal,2.0NRT,286.76,5.18,N
35.92221,-121.46109,306.17,0.66,0.73,2026-08-30,1104,N20,nominal,2.0NRT,287.71,5.18,N
35.89832,-121.38422,303.19,0.67,0.73,2026-08-30,1104,N20,nominal,2.0NRT,291.42,9.62,N
35.89674,-121.37914,311.84,0.67,0.73,2026-08-30,1104,N20,nominal,2.0NRT,292.1,9.62,N
35.89904,-121.40984,301.5,0.66,0.73,2026-08-30,1104,N20,nominal,2.0NRT,290.9,2.57,N
35.89757,-121.40511,316.39,0.66,0.73,2026-08-30,1104,N20,nominal,2.0NRT,292.78,2.57,N
35.89593,-121.39983,308.11,0.66,0.73,2026-08-30,1104,N20,nominal,2.0NRT,292.16,3.04,N
35.88906,-121.37778,303.62,0.67,0.73,2026-08-30,1104,N20,nominal,2.0NRT,291.67,9.09,N
35.88746,-121.37267,311.15,0.67,0.73,2026-08-30,1104,N20,nominal,2.0NRT,291.8,9.09,N
35.88471,-121.36382,301.55,0.67,0.74,2026-08-30,1104,N20,nominal,2.0NRT,290.36,9.06,N
35.88244,-121.37982,335.63,0.67,0.73,2026-08-30,1104,N20,nominal,2.0NRT,290.91,9.09,N
35.88079,-121.37453,353.69,0.67,0.73,2026-08-30,1104,N20,nominal,2.0NRT,293.95,9.09,N
35.88861,-121.3996,306.47,0.67,0.73,2026-08-30,1104,N20,nominal,2.0NRT,291.14,3.04,N
35.88684,-121.39394,318.05,0.67,0.73,2026-08-30,1104,N20,nominal,2.0NRT,291.47,4.2,N
35.88451,-121.38647,307.61,0.67,0.73,2026-08-30,1104,N20,nominal,2.0NRT,291.78,4.2,N
35.95421,-121.43882,328.46,0.66,0.73,2026-08-30,1104,N20,nominal,2.0NRT,291.83,5.96,N
35.95263,-121.43363,331.07,0.66,0.73,2026-08-30,1104,N20,nominal,2.0NRT,293.13,5.96,N
35.95119,-121.42888,306.32,0.66,0.73,2026-08-30,1104,N20,nominal,2.0NRT,290.83,5.47,N
35.95222,-121.45605,333.3,0.66,0.73,2026-08-30,1104,N20,nominal,2.0NRT,289.87,12.87,N
35.95024,-121.44952,367,0.66,0.73,2026-08-30,1104,N20,high,2.0NRT,295.86,15.1,N
35.94854,-121.44388,323.28,0.66,0.73,2026-08-30,1104,N20,nominal,2.0NRT,292.41,15.1,N
35.94698,-121.43876,313.97,0.66,0.73,2026-08-30,1104,N20,nominal,2.0NRT,291.55,5.96,N
35.94522,-121.45672,307.52,0.66,0.73,2026-08-30,1104,N20,nominal,2.0NRT,287.98,1.91,N
35.92152,-121.37859,315.71,0.67,0.73,2026-08-30,1104,N20,nominal,2.0NRT,289.05,4.3,N
35.91997,-121.3735,312.84,0.67,0.73,2026-08-30,1104,N20,nominal,2.0NRT,290.82,4.3,N
35.9147,-121.37996,336.82,0.67,0.73,2026-08-30,1104,N20,nominal,2.0NRT,290.26,4.3,N
35.94026,-121.46408,314.13,0.66,0.73,2026-08-30,1104,N20,nominal,2.0NRT,287.42,1.91,N
35.91311,-121.3747,314.7,0.67,0.73,2026-08-30,1104,N20,nominal,2.0NRT,291.06,4.3,N
35.90974,-121.36365,309.9,0.67,0.73,2026-08-30,1104,N20,nominal,2.0NRT,288.91,4.53,N
35.90789,-121.38134,367,0.67,0.73,2026-08-30,1104,N20,high,2.0NRT,295.51,14.62,N
35.90626,-121.37598,356.16,0.67,0.73,2026-08-30,1104,N20,nominal,2.0NRT,295.97,14.62,N
35.93356,-121.46574,303.12,0.66,0.73,2026-08-30,1104,N20,nominal,2.0NRT,286.77,5.78,N
35.93212,-121.46101,307.91,0.66,0.73,2026-08-30,1104,N20,nominal,2.0NRT,289.14,5.78,N
35.90979,-121.38757,304.52,0.67,0.73,2026-08-30,1104,N20,nominal,2.0NRT,289.69,6.19,N
35.90478,-121.37114,310.86,0.67,0.73,2026-08-30,1104,N20,nominal,2.0NRT,291.61,3.97,N
35.90322,-121.36603,307.56,0.67,0.73,2026-08-30,1104,N20,nominal,2.0NRT,289.09,3.97,N
35.92693,-121.46761,325.18,0.66,0.73,2026-08-30,1104,N20,nominal,2.0NRT,286.75,5.78,N
35.92546,-121.46278,350.91,0.66,0.73,2026-08-30,1104,N20,nominal,2.0NRT,290.81,5.78,N
35.90159,-121.38441,327.87,0.67,0.73,2026-08-30,1104,N20,nominal,2.0NRT,292.74,14.62,N
35.9241,-121.45834,303.49,0.66,0.73,2026-08-30,1104,N20,nominal,2.0NRT,288.84,5.68,N
35.9033,-121.39,302.37,0.67,0.73,2026-08-30,1104,N20,nominal,2.0NRT,290.9,6.19,N
35.90007,-121.37943,310.06,0.67,0.73,2026-08-30,1104,N20,nominal,2.0NRT,291.65,14.62,N
35.89867,-121.37486,301.76,0.67,0.73,2026-08-30,1104,N20,nominal,2.0NRT,290.99,3.97,N
35.90077,-121.40544,313.69,0.66,0.73,2026-08-30,1104,N20,nominal,2.0NRT,292.04,2.11,N
35.89427,-121.38419,303.24,0.67,0.73,2026-08-30,1104,N20,nominal,2.0NRT,291.15,5,N
35.88465,-121.37638,367,0.67,0.73,2026-08-30,1104,N20,high,2.0NRT,294.96,15.9,N
35.89493,-121.41001,301.84,0.66,0.73,2026-08-30,1104,N20,nominal,2.0NRT,290.07,2.11,N
35.89346,-121.40519,308.06,0.66,0.73,2026-08-30,1104,N20,nominal,2.0NRT,290.79,3.08,N
35.89189,-121.40009,307.49,0.67,0.73,2026-08-30,1104,N20,nominal,2.0NRT,290.67,3.08,N
35.88647,-121.38234,305.43,0.67,0.73,2026-08-30,1104,N20,nominal,2.0NRT,292.05,15.9,N
35.88289,-121.37063,317.99,0.67,0.74,2026-08-30,1104,N20,nominal,2.0NRT,292.14,19.85,N
35.90239,-121.4581,297.55,0.66,0.73,2026-08-30,1104,N20,nominal,2.0NRT,285.92,10.21,N
35.90081,-121.45292,316.98,0.66,0.73,2026-08-30,1104,N20,nominal,2.0NRT,286.58,6.24,N
35.8817,-121.39044,318.07,0.67,0.73,2026-08-30,1104,N20,nominal,2.0NRT,290.84,4.55,N
35.87786,-121.37787,300.57,0.67,0.73,2026-08-30,1104,N20,nominal,2.0NRT,289.63,2.82,N
35.89521,-121.45818,367,0.66,0.73,2026-08-30,1104,N20,high,2.0NRT,289.77,10.21,N
35.8937,-121.45325,317.47,0.66,0.73,2026-08-30,1104,N20,nominal,2.0NRT,285.68,6.24,N
19.41425,-155.27573,347.82,0.54,0.68,2026-08-30,1253,N20,nominal,2.0NRT,318.64,6.24,N
19.41548,-155.28105,312.64,0.54,0.68,2026-08-30,1253,N20,nominal,2.0NRT,289.33,6.24,N
19.40819,-155.27725,326.19,0.54,0.68,2026-08-30,1253,N20,nominal,2.0NRT,304.55,6.24,N
19.40937,-155.28236,317.49,0.54,0.68,2026-08-30,1253,N20,nominal,2.0NRT,294.84,6.24,N
19.40449,-155.28897,323.93,0.54,0.68,2026-08-30,1253,N20,nominal,2.0NRT,299.95,4.47,N
19.40328,-155.28375,332.45,0.54,0.68,2026-08-30,1253,N20,nominal,2.0NRT,308.5,6.15,N
19.40579,-155.2946,298.27,0.54,0.68,2026-08-30,1253,N20,nominal,2.0NRT,287.06,4.47,N
19.40214,-155.27884,314.65,0.54,0.68,2026-08-30,1253,N20,nominal,2.0NRT,298.18,6.15,N
19.66602,-71.58243,332.4,0.5,0.66,2026-08-30,1717,N20,nominal,2.0NRT,294.82,7.45,D
20.11135,-74.46297,336.49,0.75,0.77,2026-08-30,1717,N20,nominal,2.0NRT,292.21,6.79,D
20.42097,-74.93732,327.02,0.79,0.78,2026-08-30,1717,N20,nominal,2.0NRT,289.44,1.86,D
20.46584,-74.96645,355.1,0.79,0.78,2026-08-30,1717,N20,nominal,2.0NRT,291.24,17.2,D
36.62498,-78.07236,336.91,0.47,0.64,2026-08-30,1722,N20,nominal,2.0NRT,285.75,3.74,D
18.3671,-71.71373,332.6,0.54,0.68,2026-08-30,1717,N20,nominal,2.0NRT,297.58,37.55,D
18.36621,-71.71768,355.68,0.55,0.68,2026-08-30,1717,N20,nominal,2.0NRT,301.7,37.55,D
18.36526,-71.72189,335.53,0.55,0.68,2026-08-30,1717,N20,nominal,2.0NRT,301.51,63.07,D
18.36345,-71.93156,339.86,0.57,0.69,2026-08-30,1717,N20,nominal,2.0NRT,298.91,5.59,D
18.7905,-71.53456,335.26,0.52,0.67,2026-08-30,1717,N20,nominal,2.0NRT,293.11,5.35,D
21.58867,-98.62113,331.88,0.58,0.7,2026-08-30,1900,N20,nominal,2.0NRT,293.45,5.64,D
21.77542,-98.18194,345.07,0.54,0.68,2026-08-30,1900,N20,nominal,2.0NRT,294.16,8.44,D
21.70315,-99.14143,355.65,0.62,0.72,2026-08-30,1900,N20,nominal,2.0NRT,292.32,15.05,D
21.70251,-99.14491,367,0.62,0.72,2026-08-30,1900,N20,high,2.0NRT,293.44,15.53,D
22.26008,-97.80434,339.14,0.5,0.66,2026-08-30,1900,N20,nominal,2.0NRT,294.32,7,D
22.26278,-97.80701,352.39,0.5,0.66,2026-08-30,1900,N20,nominal,2.0NRT,295.09,12.09,D
21.83103,-99.8876,337.15,0.69,0.74,2026-08-30,1900,N20,nominal,2.0NRT,294.91,14.21,D
23.08199,-98.47332,331.72,0.53,0.67,2026-08-30,1900,N20,nominal,2.0NRT,295.9,4.26,D
23.08197,-98.47586,332.94,0.53,0.67,2026-08-30,1900,N20,nominal,2.0NRT,295.9,3.27,D
23.65084,-97.88226,367,0.47,0.64,2026-08-30,1900,N20,high,2.0NRT,300.91,21.62,D
23.65656,-97.88389,367,0.47,0.64,2026-08-30,1900,N20,high,2.0NRT,297.61,8.17,D
23.65018,-97.883,367,0.47,0.64,2026-08-30,1900,N20,high,2.0NRT,301.1,10.72,D
23.65122,-97.87864,331.23,0.47,0.64,2026-08-30,1900,N20,nominal,2.0NRT,297.49,10.72,D
23.65591,-97.88459,367,0.47,0.64,2026-08-30,1900,N20,high,2.0NRT,297.84,10.5,D
23.77916,-99.0772,334.97,0.55,0.68,2026-08-30,1900,N20,nominal,2.0NRT,299.79,6.49,D
23.82124,-99.14521,367,0.56,0.69,2026-08-30,1900,N20,high,2.0NRT,298.33,13.7,D
23.81996,-99.15043,354.4,0.56,0.69,2026-08-30,1900,N20,nominal,2.0NRT,299.31,13.7,D
23.82606,-99.15225,336.38,0.56,0.69,2026-08-30,1900,N20,nominal,2.0NRT,297.6,7.28,D
24.10579,-98.45204,343.27,0.5,0.66,2026-08-30,1900,N20,nominal,2.0NRT,300.41,7.94,D
24.10465,-98.45678,351.91,0.5,0.66,2026-08-30,1900,N20,nominal,2.0NRT,300.19,12.89,D
24.06084,-98.82368,340.92,0.53,0.67,2026-08-30,1900,N20,nominal,2.0NRT,301.38,6.5,D
24.25325,-98.47594,345.64,0.5,0.66,2026-08-30,1900,N20,nominal,2.0NRT,300.42,6.59,D
24.20105,-98.72132,339.27,0.52,0.67,2026-08-30,1900,N20,nominal,2.0NRT,298.52,6.63,D
24.25624,-98.4786,340.26,0.5,0.66,2026-08-30,1900,N20,nominal,2.0NRT,300.47,8.55,D
24.19659,-98.72166,343.32,0.52,0.66,2026-08-30,1900,N20,nominal,2.0NRT,297.69,11.11,D
24.26095,-98.48492,330.75,0.5,0.66,2026-08-30,1900,N20,nominal,2.0NRT,300.03,9.79,D
24.43634,-98.89875,336.06,0.52,0.67,2026-08-30,1900,N20,nominal,2.0NRT,302,6.76,D
24.43516,-98.9036,354.23,0.52,0.67,2026-08-30,1900,N20,nominal,2.0NRT,304.16,6.76,D
24.61304,-98.21685,331.93,0.47,0.64,2026-08-30,1900,N20,nominal,2.0NRT,296.25,6.63,D
25.8946,-97.9548,334.32,0.42,0.61,2026-08-30,1902,N20,nominal,2.0NRT,297.57,2.87,D
25.92698,-98.01687,346.67,0.43,0.62,2026-08-30,1902,N20,nominal,2.0NRT,296.23,5.34,D
25.92591,-98.01473,340.85,0.43,0.62,2026-08-30,1902,N20,nominal,2.0NRT,295.78,4.69,D
25.53222,-99.8453,338.91,0.56,0.69,2026-08-30,1902,N20,nominal,2.0NRT,297.16,3.86,D
25.57478,-99.93929,339.27,0.57,0.69,2026-08-30,1902,N20,nominal,2.0NRT,296.21,2.88,D
25.74358,-100.23254,340.33,0.59,0.7,2026-08-30,1902,N20,nominal,2.0NRT,296.75,4.77,D
26.18718,-98.52266,336.15,0.45,0.63,2026-08-30,1902,N20,nominal,2.0NRT,300.41,11.8,D
26.19385,-98.51994,338.94,0.45,0.63,2026-08-30,1902,N20,nominal,2.0NRT,298.46,11.8,D
26.1928,-98.52431,354.7,0.45,0.63,2026-08-30,1902,N20,nominal,2.0NRT,303.15,11.8,D
26.61619,-97.93888,330.87,0.41,0.6,2026-08-30,1902,N20,low,2.0NRT,301.19,11.46,D
26.62956,-97.95545,332.56,0.41,0.6,2026-08-30,1902,N20,nominal,2.0NRT,301.28,5.56,D
26.63496,-97.95701,331.47,0.41,0.6,2026-08-30,1902,N20,nominal,2.0NRT,299.34,5.56,D
26.63402,-97.96098,333.38,0.41,0.6,2026-08-30,1902,N20,nominal,2.0NRT,300.81,10.04,D
26.64036,-97.95858,338.43,0.41,0.6,2026-08-30,1902,N20,nominal,2.0NRT,298.07,7.38,D
26.63941,-97.96255,334.79,0.41,0.6,2026-08-30,1902,N20,nominal,2.0NRT,299.1,9.79,D
28.05752,-97.43623,367,0.35,0.57,2026-08-30,1902,N20,high,2.0NRT,298.53,7.29,D
28.93319,-97.86022,347.09,0.36,0.57,2026-08-30,1902,N20,nominal,2.0NRT,300.07,9.62,D
28.93396,-97.86081,344.88,0.36,0.57,2026-08-30,1902,N20,nominal,2.0NRT,300.24,6.61,D
29.83442,-93.96502,338.05,0.41,0.45,2026-08-30,1902,N20,nominal,2.0NRT,302.11,3.59,D
29.97457,-93.42661,333.03,0.57,0.43,2026-08-30,1902,N20,nominal,2.0NRT,297.26,5.39,D
29.98624,-93.42964,333.09,0.57,0.43,2026-08-30,1902,N20,nominal,2.0NRT,296.99,5.07,D
30.93922,-88.01441,339.23,0.38,0.36,2026-08-30,1902,N20,nominal,2.0NRT,292.3,4.48,D
30.81073,-89.01702,329.65,0.39,0.36,2026-08-30,1902,N20,nominal,2.0NRT,291.64,2.59,D
29.7859,-94.88877,332.3,0.46,0.47,2026-08-30,1902,N20,low,2.0NRT,304.49,5.77,D
30.58227,-91.24178,330.62,0.44,0.39,2026-08-30,1902,N20,low,2.0NRT,301.22,3.84,D
28.96952,-98.91125,337.86,0.41,0.61,2026-08-30,1902,N20,nominal,2.0NRT,302.46,4.64,D
30.34538,-92.65868,330.09,0.51,0.41,2026-08-30,1902,N20,low,2.0NRT,301.09,3.42,D
31.14752,-87.98663,338.22,0.38,0.36,2026-08-30,1902,N20,nominal,2.0NRT,305.44,6.17,D
31.15081,-87.9873,332.09,0.38,0.36,2026-08-30,1902,N20,low,2.0NRT,303.85,7.87,D
31.1553,-87.97998,336.86,0.38,0.36,2026-08-30,1902,N20,nominal,2.0NRT,304.65,7,D
30.44833,-92.32697,335.52,0.49,0.4,2026-08-30,1902,N20,nominal,2.0NRT,306.41,3.09,D
29.14244,-98.77247,338.55,0.4,0.6,2026-08-30,1902,N20,nominal,2.0NRT,299.64,3.36,D
29.1436,-98.77251,335.45,0.4,0.6,2026-08-30,1902,N20,nominal,2.0NRT,299.69,4.06,D
30.21305,-95.36766,338.52,0.48,0.48,2026-08-30,1902,N20,nominal,2.0NRT,302.21,3.48,D
30.88,-92.0402,345.51,0.47,0.4,2026-08-30,1902,N20,nominal,2.0NRT,303.15,10.82,D
31.44417,-89.08391,331.63,0.39,0.36,2026-08-30,1902,N20,nominal,2.0NRT,300.4,4.27,D
31.29302,-90.04961,330.65,0.4,0.37,2026-08-30,1902,N20,nominal,2.0NRT,296.72,1.85,D
31.37791,-90.19397,343.7,0.4,0.37,2026-08-30,1902,N20,nominal,2.0NRT,303.02,15.51,D
31.06512,-92.79218,333.16,0.51,0.41,2026-08-30,1902,N20,nominal,2.0NRT,301.67,27.52,D
31.06413,-92.79737,340.35,0.51,0.41,2026-08-30,1902,N20,nominal,2.0NRT,302.06,27.52,D
31.06882,-92.79313,335.86,0.51,0.41,2026-08-30,1902,N20,nominal,2.0NRT,304.83,27.52,D
31.06783,-92.79832,342,0.51,0.41,2026-08-30,1902,N20,nominal,2.0NRT,310.54,27.52,D
31.06685,-92.80351,350.81,0.51,0.41,2026-08-30,1902,N20,nominal,2.0NRT,310.28,41.36,D
31.07252,-92.79408,344.34,0.51,0.41,2026-08-30,1902,N20,nominal,2.0NRT,308.29,36.61,D
31.07154,-92.79928,349.51,0.51,0.41,2026-08-30,1902,N20,nominal,2.0NRT,306.9,36.61,D
31.07055,-92.80447,347.61,0.51,0.41,2026-08-30,1902,N20,nominal,2.0NRT,306.83,33.22,D
31.07621,-92.79503,344.19,0.51,0.41,2026-08-30,1902,N20,nominal,2.0NRT,308.66,36.61,D
31.07523,-92.80022,352.56,0.51,0.41,2026-08-30,1902,N20,nominal,2.0NRT,308.25,36.61,D
31.36651,-92.41663,335.04,0.48,0.4,2026-08-30,1902,N20,nominal,2.0NRT,309.6,2.88,D
32.83087,-82.90376,342.14,0.39,0.44,2026-08-30,1902,N20,nominal,2.0NRT,297.66,6.58,D
32.2185,-88.03142,332.38,0.39,0.36,2026-08-30,1902,N20,low,2.0NRT,306.23,3.51,D
31.37747,-93.28998,335.32,0.53,0.42,2026-08-30,1902,N20,nominal,2.0NRT,300.15,5.44,D
30.153,-100.32352,331.75,0.47,0.64,2026-08-30,1902,N20,low,2.0NRT,304.95,4.64,D
30.17585,-100.30616,330,0.47,0.64,2026-08-30,1902,N20,low,2.0NRT,304.38,2.04,D
30.18503,-100.29417,330.36,0.46,0.64,2026-08-30,1902,N20,low,2.0NRT,303.52,3.52,D
30.18387,-100.29874,348.54,0.47,0.64,2026-08-30,1902,N20,nominal,2.0NRT,306.64,3.52,D
30.19068,-100.29606,339.42,0.46,0.64,2026-08-30,1902,N20,nominal,2.0NRT,304.11,3.52,D
30.18953,-100.30058,331.51,0.47,0.64,2026-08-30,1902,N20,low,2.0NRT,304.59,3.52,D
30.31674,-99.81845,336.34,0.43,0.62,2026-08-30,1902,N20,nominal,2.0NRT,305.23,7.29,D
30.31564,-99.82288,342.65,0.43,0.62,2026-08-30,1902,N20,nominal,2.0NRT,306.31,5.49,D
30.19514,-100.30264,335.34,0.47,0.64,2026-08-30,1902,N20,nominal,2.0NRT,302.33,2,D
30.32113,-99.82471,338.7,0.43,0.62,2026-08-30,1902,N20,nominal,2.0NRT,305.02,5.49,D
30.31967,-99.82182,350.6,0.43,0.62,2026-08-30,1902,N20,nominal,2.0NRT,306.56,6.42,D
30.31855,-99.8262,342.72,0.43,0.62,2026-08-30,1902,N20,nominal,2.0NRT,306.34,6.42,D
32.97553,-86.34716,332.75,0.42,0.37,2026-08-30,1902,N20,nominal,2.0NRT,297.36,1.34,D
32.14426,-92.03944,333.87,0.45,0.39,2026-08-30,1902,N20,low,2.0NRT,307.4,14.61,D
32.69681,-88.91491,335.02,0.38,0.36,2026-08-30,1902,N20,nominal,2.0NRT,301.25,2.56,D
33.21632,-86.78974,331.05,0.41,0.37,2026-08-30,1902,N20,low,2.0NRT,303.58,3.39,D
31.22825,-97.77497,336.63,0.63,0.54,2026-08-30,1902,N20,low,2.0NRT,307.03,8.54,D
31.23309,-97.77641,346.08,0.63,0.54,2026-08-30,1902,N20,nominal,2.0NRT,308.67,8.54,D
33.2355,-87.50715,332.72,0.39,0.36,2026-08-30,1902,N20,nominal,2.0NRT,300.34,2.69,D
33.09553,-88.53279,330.68,0.38,0.36,2026-08-30,1902,N20,nominal,2.0NRT,296.88,2.8,D
32.65276,-91.54398,340.33,0.43,0.38,2026-08-30,1902,N20,nominal,2.0NRT,305.35,3.64,D
33.30249,-87.82097,331.31,0.39,0.36,2026-08-30,1902,N20,nominal,2.0NRT,299.44,7.26,D
33.3627,-87.78185,333.38,0.39,0.36,2026-08-30,1902,N20,nominal,2.0NRT,301.65,7.32,D
33.43672,-88.56977,332.36,0.38,0.36,2026-08-30,1902,N20,low,2.0NRT,305.18,3.16,D
33.44,-88.57047,340.6,0.38,0.36,2026-08-30,1902,N20,nominal,2.0NRT,305.88,3.16,D
34.44299,-81.89735,336.05,0.46,0.47,2026-08-30,1902,N20,nominal,2.0NRT,293.71,4.65,D
33.56509,-89.02396,336.71,0.38,0.36,2026-08-30,1902,N20,nominal,2.0NRT,298.76,21.74,D
33.63041,-89.78098,331.84,0.39,0.36,2026-08-30,1902,N20,nominal,2.0NRT,299.59,5,D
33.51992,-91.36931,353.81,0.42,0.37,2026-08-30,1902,N20,nominal,2.0NRT,312.56,18.26,D
33.51916,-91.37373,337.57,0.42,0.37,2026-08-30,1902,N20,low,2.0NRT,312.03,9.39,D
33.52332,-91.37016,338.97,0.42,0.37,2026-08-30,1902,N20,low,2.0NRT,309.2,6.88,D
31.45793,-101.5986,332.05,0.51,0.66,2026-08-30,1902,N20,low,2.0NRT,303.86,1.67,D
33.83181,-90.69939,336.79,0.4,0.37,2026-08-30,1902,N20,nominal,2.0NRT,300.52,2.12,D
34.43901,-87.99045,344.04,0.39,0.36,2026-08-30,1902,N20,nominal,2.0NRT,302.21,7.03,D
31.62178,-101.81593,335.02,0.52,0.67,2026-08-30,1902,N20,low,2.0NRT,305.17,1.26,D
34.63762,-87.08292,336.97,0.41,0.37,2026-08-30,1902,N20,nominal,2.0NRT,298.46,2.77,D
34.01624,-91.54171,339.98,0.42,0.37,2026-08-30,1902,N20,low,2.0NRT,311.96,3.94,D
34.01546,-91.54615,342.39,0.42,0.37,2026-08-30,1902,N20,nominal,2.0NRT,312.06,12.69,D
31.35641,-103.22611,339.58,0.64,0.72,2026-08-30,1902,N20,nominal,2.0NRT,305.13,6.17,D
34.73853,-87.84422,330.01,0.4,0.37,2026-08-30,1902,N20,low,2.0NRT,302.56,2.98,D
32.85159,-98.2758,354.84,0.61,0.54,2026-08-30,1902,N20,nominal,2.0NRT,307.66,15.72,D
34.47963,-90.39678,353.07,0.39,0.36,2026-08-30,1904,N20,nominal,2.0NRT,306.03,40.39,D
34.73306,-88.86292,333.19,0.39,0.36,2026-08-30,1904,N20,nominal,2.0NRT,303.33,11.66,D
34.84782,-88.31257,331.29,0.39,0.36,2026-08-30,1904,N20,nominal,2.0NRT,298.38,2.84,D
34.84793,-91.07906,345.22,0.4,0.37,2026-08-30,1904,N20,nominal,2.0NRT,314.17,6.69,D
44.67007,-95.70341,333.05,0.42,0.38,2026-08-30,1906,N20,nominal,2.0NRT,296.83,7.28,D
33.47299,-97.92708,342.38,0.57,0.52,2026-08-30,1904,N20,nominal,2.0NRT,306.11,30.63,D
33.47161,-97.93298,341.57,0.57,0.52,2026-08-30,1904,N20,low,2.0NRT,314.95,66.89,D
42.68269,-111.58788,332.74,0.79,0.78,2026-08-30,1906,N20,nominal,2.0NRT,296.01,9.18,D
35.04592,-90.16463,336.59,0.39,0.36,2026-08-30,1904,N20,low,2.0NRT,307,4.66,D
34.55601,-93.03614,337.4,0.46,0.39,2026-08-30,1904,N20,nominal,2.0NRT,305.34,3.6,D
35.97861,-83.95396,329.4,0.56,0.43,2026-08-30,1904,N20,low,2.0NRT,303.14,6.48,D
36.0966,-83.05863,330.85,0.41,0.45,2026-08-30,1904,N20,nominal,2.0NRT,297.3,2.11,D
34.49075,-95.299,340.04,0.39,0.44,2026-08-30,1904,N20,nominal,2.0NRT,303.53,25.05,D
46.13223,-113.90833,334.81,0.76,0.77,2026-08-30,1908,N20,nominal,2.0NRT,287.93,7.21,D
34.48989,-95.30309,345.83,0.39,0.44,2026-08-30,1904,N20,nominal,2.0NRT,303.71,25.05,D
46.13147,-113.90704,335.96,0.76,0.77,2026-08-30,1908,N20,nominal,2.0NRT,288.33,8.95,D
34.49385,-95.30415,348.16,0.39,0.44,2026-08-30,1904,N20,nominal,2.0NRT,314.11,25.05,D
34.493,-95.30825,346.07,0.39,0.44,2026-08-30,1904,N20,nominal,2.0NRT,313.48,53.83,D
35.10227,-92.34347,337,0.43,0.38,2026-08-30,1904,N20,nominal,2.0NRT,305.06,2.81,D
35.99038,-86.57037,330.78,0.43,0.38,2026-08-30,1904,N20,low,2.0NRT,305.26,4.48,D
35.72673,-88.80945,336.73,0.39,0.36,2026-08-30,1904,N20,low,2.0NRT,307.97,4.66,D
36.22282,-85.17689,330.04,0.49,0.41,2026-08-30,1904,N20,low,2.0NRT,300.19,2.43,D
35.60911,-89.94502,341.08,0.38,0.36,2026-08-30,1904,N20,nominal,2.0NRT,309.57,10.49,D
35.64845,-89.93249,336.77,0.38,0.36,2026-08-30,1904,N20,low,2.0NRT,309.74,6.25,D
35.78708,-89.91942,350.77,0.38,0.36,2026-08-30,1904,N20,nominal,2.0NRT,310.86,7.39,D
35.78511,-89.93204,341.88,0.38,0.36,2026-08-30,1904,N20,low,2.0NRT,315.38,23.41,D
18.36,-71.71415,331.25,0.65,0.73,2026-08-30,1858,N20,nominal,2.0NRT,293.53,7.33,D
18.36688,-71.71291,345.75,0.65,0.73,2026-08-30,1858,N20,nominal,2.0NRT,294.3,7.33,D
35.79036,-89.92018,343.6,0.38,0.36,2026-08-30,1904,N20,low,2.0NRT,318.1,48.68,D
18.36616,-71.72121,336.58,0.65,0.73,2026-08-30,1858,N20,nominal,2.0NRT,294.97,18.47,D
36.22162,-87.41607,332.62,0.41,0.37,2026-08-30,1904,N20,nominal,2.0NRT,298.37,2.66,D
17.9956,-76.54604,336.04,0.62,0.54,2026-08-30,1858,N20,nominal,2.0NRT,297.23,12.52,D
35.88987,-89.78211,338.43,0.38,0.36,2026-08-30,1904,N20,low,2.0NRT,312.75,4.81,D
17.95889,-77.37227,349.77,0.54,0.51,2026-08-30,1858,N20,nominal,2.0NRT,296.47,12.5,D
36.5037,-85.41408,331.71,0.49,0.4,2026-08-30,1904,N20,nominal,2.0NRT,300.08,5.18,D
17.96356,-77.37284,345.65,0.54,0.51,2026-08-30,1858,N20,nominal,2.0NRT,297.4,14.47,D
35.93496,-89.71291,346.77,0.38,0.36,2026-08-30,1904,N20,nominal,2.0NRT,313.11,10.3,D
35.88657,-90.47634,344.21,0.39,0.36,2026-08-30,1904,N20,nominal,2.0NRT,310.98,4.72,D
17.96164,-77.3717,354.17,0.54,0.51,2026-08-30,1858,N20,nominal,2.0NRT,298.1,23.2,D
35.88589,-90.48058,349.03,0.39,0.36,2026-08-30,1904,N20,nominal,2.0NRT,314.4,5.75,D
17.98424,-77.50523,334.18,0.53,0.5,2026-08-30,1858,N20,nominal,2.0NRT,296.89,7.65,D
35.88917,-90.48138,342.59,0.39,0.36,2026-08-30,1904,N20,nominal,2.0NRT,308.52,5.75,D
18.76783,-71.42529,331.82,0.69,0.74,2026-08-30,1858,N20,nominal,2.0NRT,290.44,9.47,D
36.09674,-89.27386,335.07,0.38,0.36,2026-08-30,1904,N20,nominal,2.0NRT,304.13,1.87,D
18.76901,-71.42027,339.7,0.69,0.74,2026-08-30,1858,N20,nominal,2.0NRT,289.23,14,D
36.05332,-89.80587,332.1,0.38,0.36,2026-08-30,1904,N20,low,2.0NRT,306.18,1.81,D
18.44419,-77.59796,341.81,0.53,0.5,2026-08-30,1858,N20,nominal,2.0NRT,296.48,7.92,D
36.2449,-88.6105,337.52,0.39,0.36,2026-08-30,1904,N20,nominal,2.0NRT,301.49,2.83,D
18.44881,-77.59863,347.06,0.53,0.5,2026-08-30,1858,N20,nominal,2.0NRT,297.53,7.92,D
34.95988,-95.96061,337.66,0.41,0.45,2026-08-30,1904,N20,nominal,2.0NRT,306.49,2.5,D
18.47399,-77.58465,332.38,0.53,0.5,2026-08-30,1858,N20,nominal,2.0NRT,297.88,5.41,D
37.53017,-78.36239,327.73,0.39,0.59,2026-08-30,1904,N20,nominal,2.0NRT,296.09,2.31,D
18.47312,-77.58313,333.81,0.53,0.5,2026-08-30,1858,N20,nominal,2.0NRT,297.59,3.83,D
36.83419,-86.16314,333.32,0.46,0.39,2026-08-30,1904,N20,nominal,2.0NRT,300.1,4.05,D
36.83578,-86.16568,333.97,0.46,0.39,2026-08-30,1904,N20,nominal,2.0NRT,300.67,4.29,D
19.44495,-71.5902,330.29,0.68,0.74,2026-08-30,1858,N20,nominal,2.0NRT,294.3,6.24,D
37.63569,-83.17146,339.95,0.43,0.46,2026-08-30,1904,N20,nominal,2.0NRT,295.4,5.58,D
19.45113,-71.59882,330.94,0.68,0.74,2026-08-30,1858,N20,nominal,2.0NRT,294.46,6.24,D
37.26809,-86.98572,333.28,0.43,0.38,2026-08-30,1904,N20,nominal,2.0NRT,298.15,4.12,D
37.24618,-87.59499,332.82,0.41,0.37,2026-08-30,1904,N20,nominal,2.0NRT,296.24,2.5,D
38.00207,-86.1412,332.16,0.47,0.4,2026-08-30,1904,N20,low,2.0NRT,302.36,4.36,D
20.25458,-74.29592,346.02,0.46,0.64,2026-08-30,1858,N20,nominal,2.0NRT,293.49,5.75,D
20.16877,-75.58873,334.05,0.38,0.59,2026-08-30,1858,N20,nominal,2.0NRT,298.66,3.29,D
37.74185,-90.01345,334.95,0.38,0.36,2026-08-30,1904,N20,nominal,2.0NRT,303.15,2.4,D
17.7522,-92.62056,333.86,0.57,0.52,2026-08-30,1858,N20,nominal,2.0NRT,298,5.68,D
36.55844,-96.56824,337.13,0.41,0.45,2026-08-30,1904,N20,low,2.0NRT,307.18,2.79,D
17.84627,-92.28223,336.77,0.54,0.51,2026-08-30,1858,N20,nominal,2.0NRT,295.64,4.14,D
36.56245,-96.56957,354.33,0.41,0.45,2026-08-30,1904,N20,nominal,2.0NRT,311.91,8.21,D
17.84463,-92.28585,340.78,0.54,0.51,2026-08-30,1858,N20,nominal,2.0NRT,295.58,5.82,D
17.7382,-93.01762,333.46,0.61,0.53,2026-08-30,1858,N20,nominal,2.0NRT,293.65,8,D
36.56149,-96.57406,334.04,0.41,0.45,2026-08-30,1904,N20,low,2.0NRT,307.52,4.61,D
20.4177,-74.93492,367,0.42,0.61,2026-08-30,1858,N20,high,2.0NRT,294.98,12.07,D
36.56646,-96.57086,331.35,0.41,0.45,2026-08-30,1904,N20,nominal,2.0NRT,305.66,8.21,D
17.87707,-92.48803,344,0.56,0.51,2026-08-30,1858,N20,nominal,2.0NRT,296.41,13.35,D
37.08174,-94.21148,330.88,0.47,0.4,2026-08-30,1904,N20,low,2.0NRT,302.66,3.98,D
20.423,-74.93919,356.41,0.42,0.61,2026-08-30,1858,N20,low,2.0NRT,262.85,11.42,D
37.0853,-94.21255,333.94,0.47,0.4,2026-08-30,1904,N20,nominal,2.0NRT,303.69,3.25,D
20.41991,-75.20284,333.18,0.41,0.6,2026-08-30,1858,N20,nominal,2.0NRT,293.55,3.93,D
37.96693,-90.07863,335.1,0.38,0.36,2026-08-30,1904,N20,nominal,2.0NRT,306.61,2.16,D
18.03641,-91.9147,353.46,0.51,0.49,2026-08-30,1858,N20,nominal,2.0NRT,288.51,10.32,D
36.5191,-97.83733,335.27,0.48,0.48,2026-08-30,1904,N20,low,2.0NRT,310.24,3.74,D
17.84257,-93.11742,343.22,0.61,0.54,2026-08-30,1858,N20,nominal,2.0NRT,289.26,52.6,D
38.00755,-90.07947,336.4,0.38,0.36,2026-08-30,1904,N20,nominal,2.0NRT,308.02,3.41,D
20.36282,-76.59237,334.07,0.33,0.55,2026-08-30,1858,N20,nominal,2.0NRT,296.33,3.23,D
38.38581,-89.05533,334.28,0.39,0.36,2026-08-30,1904,N20,nominal,2.0NRT,297.52,2.72,D
20.36249,-76.59549,337.15,0.33,0.55,2026-08-30,1858,N20,nominal,2.0NRT,296.51,3.75,D
38.73146,-87.32139,340.48,0.43,0.38,2026-08-30,1904,N20,nominal,2.0NRT,302.25,4.61,D
17.89062,-93.18137,341.47,0.62,0.54,2026-08-30,1858,N20,nominal,2.0NRT,295.05,20.46,D
17.8884,-93.19273,335.66,0.62,0.54,2026-08-30,1858,N20,nominal,2.0NRT,293.12,6.02,D
35.96159,-101.81934,335.19,0.41,0.6,2026-08-30,1904,N20,low,2.0NRT,306.22,1.08,D
17.90144,-93.17782,341.6,0.62,0.54,2026-08-30,1858,N20,nominal,2.0NRT,294.25,70.75,D
34.68676,-106.42546,367,0.78,0.78,2026-08-30,1904,N20,high,2.0NRT,296.47,19.36,D
17.90033,-93.1835,285.2,0.62,0.54,2026-08-30,1858,N20,low,2.0NRT,302.89,181.31,D
38.7435,-88.11182,330.03,0.41,0.37,2026-08-30,1904,N20,nominal,2.0NRT,297.69,3.86,D
17.8926,-93.18382,342.11,0.62,0.54,2026-08-30,1858,N20,nominal,2.0NRT,294.91,12.62,D
38.69159,-90.12941,331.75,0.38,0.36,2026-08-30,1904,N20,nominal,2.0NRT,293.19,2.36,D
17.89031,-93.19511,340.26,0.62,0.54,2026-08-30,1858,N20,nominal,2.0NRT,293.82,19.51,D
38.69487,-90.1302,330.7,0.38,0.36,2026-08-30,1904,N20,nominal,2.0NRT,296.94,3.1,D
17.89861,-93.1792,345.85,0.62,0.54,2026-08-30,1858,N20,nominal,2.0NRT,295.45,273.37,D
38.69422,-90.13458,338.77,0.38,0.36,2026-08-30,1904,N20,nominal,2.0NRT,297.67,3.1,D
18.11303,-92.42052,335.25,0.55,0.51,2026-08-30,1858,N20,nominal,2.0NRT,295.11,11.09,D
39.154,-87.37269,329.11,0.44,0.38,2026-08-30,1904,N20,nominal,2.0NRT,280.87,2.69,D
18.11204,-92.42559,336.56,0.55,0.51,2026-08-30,1858,N20,nominal,2.0NRT,295.61,11.09,D
39.57684,-87.50623,326.82,0.44,0.38,2026-08-30,1904,N20,nominal,2.0NRT,297,1.55,D
18.00331,-93.08408,329.74,0.61,0.53,2026-08-30,1858,N20,nominal,2.0NRT,292.84,4.41,D
38.47591,-95.79189,336.59,0.52,0.42,2026-08-30,1904,N20,nominal,2.0NRT,303.61,45.83,D
18.5804,-90.09743,335.03,0.38,0.43,2026-08-30,1858,N20,nominal,2.0NRT,295.11,4.12,D
38.47844,-95.79896,343.06,0.52,0.42,2026-08-30,1904,N20,nominal,2.0NRT,304.97,5.06,D
18.00275,-93.18992,339.99,0.62,0.54,2026-08-30,1858,N20,nominal,2.0NRT,292.19,12.53,D
39.1153,-93.8299,332.87,0.43,0.38,2026-08-30,1904,N20,low,2.0NRT,302.88,7.86,D
18.00534,-93.19164,339.93,0.61,0.54,2026-08-30,1858,N20,nominal,2.0NRT,292.8,9.38,D
38.91018,-95.55488,338.13,0.5,0.41,2026-08-30,1904,N20,nominal,2.0NRT,306.83,10.89,D
18.15626,-92.46328,336.3,0.55,0.51,2026-08-30,1858,N20,nominal,2.0NRT,292.1,2.7,D
39.68106,-93.13981,339.31,0.41,0.37,2026-08-30,1904,N20,nominal,2.0NRT,298.4,3.16,D
18.09363,-92.80259,343.77,0.58,0.52,2026-08-30,1858,N20,nominal,2.0NRT,298.72,8.74,D
40.48385,-93.53505,332,0.41,0.37,2026-08-30,1904,N20,nominal,2.0NRT,294.62,3.76,D
18.00425,-93.44997,367,0.32,0.55,2026-08-30,1858,N20,high,2.0NRT,295.1,13.68,D
42.60536,-94.30593,330.39,0.41,0.37,2026-08-30,1906,N20,nominal,2.0NRT,294.31,2.07,D
20.70424,-75.43424,367,0.39,0.6,2026-08-30,1858,N20,high,2.0NRT,295.71,13.34,D
43.56763,-93.29755,330.61,0.39,0.36,2026-08-30,1906,N20,nominal,2.0NRT,283.17,3.86,D
17.91306,-94.67503,330.32,0.39,0.59,2026-08-30,1858,N20,nominal,2.0NRT,292.06,2.19,D
43.56685,-93.30228,338.55,0.39,0.36,2026-08-30,1906,N20,nominal,2.0NRT,283.87,5.59,D
17.91561,-94.67705,328.51,0.39,0.59,2026-08-30,1858,N20,nominal,2.0NRT,292.15,1.86,D
20.75896,-76.37517,344.17,0.34,0.56,2026-08-30,1858,N20,nominal,2.0NRT,297.08,3.07,D
43.87163,-94.22848,332.13,0.4,0.37,2026-08-30,1906,N20,nominal,2.0NRT,296.37,1.47,D
17.98071,-94.52593,352.02,0.38,0.58,2026-08-30,1858,N20,nominal,2.0NRT,292.07,13.21,D
17.98,-94.52937,350.2,0.38,0.58,2026-08-30,1858,N20,nominal,2.0NRT,293.7,13.21,D
18.34019,-92.83315,334.64,0.57,0.52,2026-08-30,1858,N20,nominal,2.0NRT,292.79,3.22,D
20.86447,-76.21802,335.65,0.35,0.57,2026-08-30,1858,N20,nominal,2.0NRT,295.25,4.77,D
20.86495,-76.21618,337.8,0.35,0.57,2026-08-30,1858,N20,nominal,2.0NRT,295.01,5.37,D
18.41869,-93.18838,346.05,0.6,0.53,2026-08-30,1858,N20,nominal,2.0NRT,294.55,16.95,D
18.43858,-93.16365,356.67,0.6,0.53,2026-08-30,1858,N20,nominal,2.0NRT,295.15,11.24,D
18.64416,-92.17107,342.99,0.51,0.5,2026-08-30,1858,N20,nominal,2.0NRT,294.18,6.18,D
18.43739,-93.1647,346.66,0.6,0.53,2026-08-30,1858,N20,nominal,2.0NRT,294.85,11.73,D
18.64194,-92.16785,338.82,0.51,0.5,2026-08-30,1858,N20,nominal,2.0NRT,293.34,3.96,D
18.641,-92.17263,331.81,0.51,0.5,2026-08-30,1858,N20,nominal,2.0NRT,293.38,2.04,D
19.33529,-90.07774,340.16,0.56,0.43,2026-08-30,1858,N20,nominal,2.0NRT,301.58,13.47,D
19.33918,-90.07854,340.11,0.56,0.43,2026-08-30,1858,N20,nominal,2.0NRT,296.85,13.47,D
19.36594,-92.00522,340.48,0.49,0.48,2026-08-30,1858,N20,nominal,2.0NRT,291.66,13.87,D
19.39048,-92.04364,332.62,0.49,0.48,2026-08-30,1858,N20,nominal,2.0NRT,290.91,5.06,D
19.39574,-92.04002,332.5,0.49,0.48,2026-08-30,1858,N20,nominal,2.0NRT,291.46,5.06,D
19.39486,-92.04459,339.88,0.49,0.48,2026-08-30,1858,N20,nominal,2.0NRT,291.64,5.06,D
19.43679,-92.03769,339.62,0.49,0.48,2026-08-30,1858,N20,nominal,2.0NRT,293.01,5.37,D
19.44117,-92.03862,338.96,0.49,0.48,2026-08-30,1858,N20,nominal,2.0NRT,292.96,5.37,D
19.44541,-92.08707,354.81,0.49,0.49,2026-08-30,1858,N20,nominal,2.0NRT,292.01,11.91,D
20.11467,-89.17625,335.23,0.49,0.4,2026-08-30,1858,N20,low,2.0NRT,299.94,7.11,D
19.60228,-92.29359,329.93,0.5,0.49,2026-08-30,1858,N20,nominal,2.0NRT,293.27,4.55,D
21.92504,-77.95683,334.23,0.56,0.51,2026-08-30,1858,N20,nominal,2.0NRT,298.53,3.45,D
21.94046,-78.16433,340.63,0.54,0.51,2026-08-30,1858,N20,nominal,2.0NRT,296.77,5.69,D
21.93863,-78.16162,341.63,0.54,0.51,2026-08-30,1858,N20,nominal,2.0NRT,297.25,11.61,D
21.96231,-78.33846,331.75,0.53,0.5,2026-08-30,1858,N20,nominal,2.0NRT,296.55,4.4,D
22.0114,-78.31824,335.96,0.53,0.5,2026-08-30,1900,N20,nominal,2.0NRT,297.77,6.81,D
22.02873,-78.24669,339.59,0.54,0.51,2026-08-30,1900,N20,nominal,2.0NRT,297.42,2.53,D
22.0328,-78.25245,331.95,0.54,0.51,2026-08-30,1900,N20,nominal,2.0NRT,296.43,2.53,D
22.03746,-78.25301,349.05,0.54,0.51,2026-08-30,1900,N20,nominal,2.0NRT,298.38,7.27,D
22.03585,-78.25494,344.81,0.54,0.51,2026-08-30,1900,N20,nominal,2.0NRT,298.07,8.76,D
22.06954,-78.24841,343.67,0.54,0.51,2026-08-30,1900,N20,nominal,2.0NRT,297.95,23.64,D
22.07476,-78.24371,353.88,0.54,0.51,2026-08-30,1900,N20,nominal,2.0NRT,301.6,70.01,D
22.0742,-78.24895,333.57,0.54,0.51,2026-08-30,1900,N20,nominal,2.0NRT,300,23.64,D
22.07102,-78.57915,341.69,0.51,0.5,2026-08-30,1900,N20,nominal,2.0NRT,296.48,5.79,D
22.07613,-78.57471,341.1,0.51,0.5,2026-08-30,1900,N20,nominal,2.0NRT,296.39,11.24,D
22.07557,-78.5797,330.83,0.51,0.5,2026-08-30,1900,N20,nominal,2.0NRT,297.78,5.79,D
22.29061,-80.82375,336.17,0.57,0.43,2026-08-30,1900,N20,nominal,2.0NRT,296.53,2.22,D
22.29371,-80.82202,332.41,0.57,0.43,2026-08-30,1900,N20,nominal,2.0NRT,298.83,8.1,D
22.63182,-79.90948,334.08,0.43,0.46,2026-08-30,1900,N20,nominal,2.0NRT,298.79,4.83,D
22.09603,-84.20429,347.24,0.4,0.37,2026-08-30,1900,N20,nominal,2.0NRT,300.45,6.2,D
22.72925,-80.91355,335.1,0.57,0.43,2026-08-30,1900,N20,nominal,2.0NRT,300.15,8.92,D
22.52792,-83.09174,335.43,0.44,0.38,2026-08-30,1900,N20,nominal,2.0NRT,303.32,8.59,D
22.54025,-83.02817,333.34,0.44,0.39,2026-08-30,1900,N20,nominal,2.0NRT,298.89,2.9,D
22.53966,-83.03245,340.3,0.44,0.39,2026-08-30,1900,N20,nominal,2.0NRT,301.28,4.27,D
22.53988,-83.03201,345.13,0.44,0.39,2026-08-30,1900,N20,nominal,2.0NRT,301.38,5.58,D
22.54341,-83.03257,350.3,0.44,0.39,2026-08-30,1900,N20,nominal,2.0NRT,301.45,6.78,D
22.5383,-83.07113,339.38,0.44,0.38,2026-08-30,1900,N20,nominal,2.0NRT,297.72,3.69,D
22.54694,-83.03312,352.77,0.44,0.39,2026-08-30,1900,N20,nominal,2.0NRT,300.21,6.78,D
22.54637,-83.03741,333.13,0.44,0.39,2026-08-30,1900,N20,nominal,2.0NRT,301.36,6.78,D
22.57567,-83.00687,331.05,0.44,0.39,2026-08-30,1900,N20,low,2.0NRT,305.12,5.94,D
22.5705,-83.04556,340.3,0.44,0.39,2026-08-30,1900,N20,nominal,2.0NRT,297.17,7.49,D
22.57979,-83.00311,331.76,0.44,0.39,2026-08-30,1900,N20,low,2.0NRT,305.42,5.94,D
22.8217,-81.17176,336.22,0.55,0.43,2026-08-30,1900,N20,nominal,2.0NRT,298.63,8.18,D
22.62309,-82.81448,344.65,0.45,0.39,2026-08-30,1900,N20,nominal,2.0NRT,301.34,11.67,D
22.61968,-82.8943,333.22,0.45,0.39,2026-08-30,1900,N20,nominal,2.0NRT,301.49,3.56,D
22.63912,-82.80349,331.2,0.45,0.39,2026-08-30,1900,N20,low,2.0NRT,302.35,3.07,D
22.64269,-82.80404,332.25,0.45,0.39,2026-08-30,1900,N20,low,2.0NRT,302.4,3.07,D
22.6421,-82.80843,339.84,0.45,0.39,2026-08-30,1900,N20,nominal,2.0NRT,302.91,6.03,D
22.64626,-82.80457,335.79,0.45,0.39,2026-08-30,1900,N20,nominal,2.0NRT,300.28,2.9,D
22.64567,-82.80898,334.45,0.45,0.39,2026-08-30,1900,N20,nominal,2.0NRT,301.18,3.87,D
22.6146,-83.03925,347.72,0.44,0.39,2026-08-30,1900,N20,nominal,2.0NRT,297.9,5.92,D
22.61813,-83.03979,340.8,0.44,0.39,2026-08-30,1900,N20,nominal,2.0NRT,299.36,5.92,D
19.62563,-99.18731,327.15,0.7,0.75,2026-08-30,1900,N20,nominal,2.0NRT,297.01,3.91,D
22.74036,-82.37695,332.75,0.48,0.4,2026-08-30,1900,N20,nominal,2.0NRT,300.85,2.84,D
22.68442,-82.80939,334.46,0.45,0.39,2026-08-30,1900,N20,nominal,2.0NRT,299.81,4.23,D
20.03266,-99.27284,326.42,0.7,0.75,2026-08-30,1900,N20,nominal,2.0NRT,294.67,6.9,D
20.02888,-99.26914,326.39,0.7,0.75,2026-08-30,1900,N20,nominal,2.0NRT,294.5,6.79,D
20.83653,-97.26476,334.55,0.5,0.65,2026-08-30,1900,N20,nominal,2.0NRT,296.39,3.77,D
20.83481,-97.26137,329.4,0.49,0.65,2026-08-30,1900,N20,nominal,2.0NRT,296.17,4.9,D
46.78343,-115.14711,336.49,0.43,0.38,2026-08-30,2046,N20,nominal,2.0NRT,287.8,5.67,D
46.8131,-115.23287,330.64,0.43,0.38,2026-08-30,2046,N20,nominal,2.0NRT,295.25,3.29,D
46.8214,-115.22338,336.16,0.43,0.38,2026-08-30,2046,N20,nominal,2.0NRT,294.51,4.46,D
46.82922,-115.18856,328.95,0.43,0.38,2026-08-30,2046,N20,nominal,2.0NRT,289.26,2.69,D
46.83318,-115.21474,325.23,0.43,0.38,2026-08-30,2046,N20,nominal,2.0NRT,295.23,3.65,D
47.53856,-115.90058,339,0.42,0.38,2026-08-30,2046,N20,nominal,2.0NRT,290.4,4.99,D
18.50751,-96.13268,338.5,0.75,0.77,2026-08-30,2040,N20,nominal,2.0NRT,280.28,14.2,D
47.53785,-115.9062,347.22,0.42,0.38,2026-08-30,2046,N20,nominal,2.0NRT,292.12,4.99,D
47.54889,-115.903,325.08,0.42,0.38,2026-08-30,2046,N20,nominal,2.0NRT,294.46,4.72,D
18.5069,-96.13992,356.17,0.75,0.77,2026-08-30,2040,N20,nominal,2.0NRT,284.15,14.2,D
47.54748,-115.91409,331.75,0.42,0.38,2026-08-30,2046,N20,nominal,2.0NRT,293.75,4.32,D
17.93115,-102.20682,335.66,0.59,0.53,2026-08-30,2040,N20,nominal,2.0NRT,294.72,8.42,D
47.54677,-115.91963,327.73,0.42,0.38,2026-08-30,2046,N20,nominal,2.0NRT,291.62,4.32,D
18.22178,-102.67075,338.41,0.55,0.51,2026-08-30,2040,N20,nominal,2.0NRT,293.55,7.1,D
47.55235,-115.90368,331.9,0.42,0.38,2026-08-30,2046,N20,nominal,2.0NRT,288.11,4.72,D
18.22331,-102.6751,340.6,0.55,0.51,2026-08-30,2040,N20,nominal,2.0NRT,293.98,6.73,D
47.41788,-121.16956,334.36,0.4,0.37,2026-08-30,2046,N20,nominal,2.0NRT,287.71,2.19,D
19.00623,-104.25872,340.84,0.45,0.47,2026-08-30,2040,N20,nominal,2.0NRT,296.93,5.07,D
47.44648,-121.06438,333.77,0.4,0.37,2026-08-30,2046,N20,nominal,2.0NRT,288.43,2.72,D
20.04022,-99.28786,334.7,0.49,0.65,2026-08-30,2040,N20,nominal,2.0NRT,295.39,5.71,D
47.45235,-121.05067,329.74,0.4,0.37,2026-08-30,2046,N20,nominal,2.0NRT,289.26,3.38,D
20.04902,-99.28835,329.92,0.49,0.65,2026-08-30,2040,N20,nominal,2.0NRT,294.89,3.8,D
47.45148,-121.05572,330.35,0.4,0.37,2026-08-30,2046,N20,nominal,2.0NRT,287.57,3.38,D
20.51203,-97.47583,367,0.65,0.73,2026-08-30,2040,N20,high,2.0NRT,290.03,23.52,D
47.46964,-121.043,326.98,0.4,0.37,2026-08-30,2046,N20,nominal,2.0NRT,286.8,2.68,D
19.95889,-105.3171,329.98,0.4,0.44,2026-08-30,2040,N20,nominal,2.0NRT,297.76,2.59,D
47.4729,-121.04434,329.86,0.4,0.37,2026-08-30,2046,N20,nominal,2.0NRT,289.24,5.35,D
20.5223,-100.92191,345.79,0.39,0.59,2026-08-30,2040,N20,nominal,2.0NRT,300.07,7.07,D
47.47537,-121.05031,328.36,0.4,0.37,2026-08-30,2046,N20,nominal,2.0NRT,288.48,5.35,D
20.52406,-100.92181,341,0.39,0.59,2026-08-30,2040,N20,nominal,2.0NRT,297.92,7.49,D
47.45473,-121.22958,328.94,0.4,0.37,2026-08-30,2046,N20,nominal,2.0NRT,286.37,4.61,D
20.57631,-101.17068,367,0.37,0.58,2026-08-30,2040,N20,high,2.0NRT,292.72,9.04,D
47.45714,-121.23587,330.51,0.4,0.37,2026-08-30,2046,N20,nominal,2.0NRT,287.08,5.65,D
21.7749,-98.18054,367,0.6,0.71,2026-08-30,2040,N20,high,2.0NRT,293.18,10.92,D
47.46129,-121.23214,340.1,0.4,0.37,2026-08-30,2046,N20,nominal,2.0NRT,291.28,4.79,D
21.77444,-98.18637,332.73,0.6,0.71,2026-08-30,2040,N20,nominal,2.0NRT,292.73,10.92,D
47.4771,-121.22184,345.47,0.4,0.37,2026-08-30,2046,N20,nominal,2.0NRT,291.25,5.04,D
21.7197,-99.24394,342.62,0.51,0.66,2026-08-30,2040,N20,nominal,2.0NRT,292.81,5.42,D
47.47619,-121.22709,325.07,0.4,0.37,2026-08-30,2046,N20,nominal,2.0NRT,287.45,5.04,D
22.26293,-97.80151,350.92,0.64,0.72,2026-08-30,2040,N20,nominal,2.0NRT,295.03,10.63,D
47.84908,-120.34711,334.27,0.39,0.36,2026-08-30,2046,N20,nominal,2.0NRT,298.1,1.96,D
22.25955,-97.80482,330.01,0.64,0.72,2026-08-30,2040,N20,nominal,2.0NRT,295.11,6.44,D
47.87508,-120.35666,336.72,0.39,0.36,2026-08-30,2046,N20,nominal,2.0NRT,292.75,3.98,D
22.75003,-105.84186,330.15,0.4,0.44,2026-08-30,2040,N20,low,2.0NRT,304.56,3.68,D
47.87835,-120.3577,334.2,0.39,0.36,2026-08-30,2046,N20,nominal,2.0NRT,295.46,2.8,D
23.65086,-97.87774,334.93,0.66,0.73,2026-08-30,2040,N20,nominal,2.0NRT,294.93,11.43,D
47.84478,-120.56095,338.92,0.39,0.36,2026-08-30,2046,N20,nominal,2.0NRT,300.77,14.6,D
23.65318,-97.88042,349.5,0.66,0.73,2026-08-30,2040,N20,nominal,2.0NRT,295.15,10.15,D
47.84393,-120.5661,342.42,0.39,0.36,2026-08-30,2046,N20,nominal,2.0NRT,297.3,8.7,D
23.78531,-99.17117,331.77,0.55,0.68,2026-08-30,2040,N20,nominal,2.0NRT,298.42,3.88,D
47.8791,-120.37413,338.98,0.39,0.36,2026-08-30,2046,N20,nominal,2.0NRT,293.4,18.36,D
24.05954,-98.81847,348.18,0.58,0.69,2026-08-30,2040,N20,nominal,2.0NRT,302.28,12.69,D
47.88234,-120.37537,344.3,0.39,0.36,2026-08-30,2046,N20,nominal,2.0NRT,293.85,12.64,D
24.05912,-98.82421,342.66,0.58,0.69,2026-08-30,2040,N20,nominal,2.0NRT,303.67,11,D
47.89053,-120.36742,346.66,0.39,0.36,2026-08-30,2046,N20,nominal,2.0NRT,294.85,6.86,D
24.4341,-98.90165,367,0.58,0.69,2026-08-30,2042,N20,high,2.0NRT,307.8,23.93,D
47.89882,-120.40022,332.67,0.39,0.36,2026-08-30,2046,N20,nominal,2.0NRT,292.59,3.14,D
24.95265,-98.10452,332.07,0.65,0.73,2026-08-30,2042,N20,nominal,2.0NRT,293.14,2.88,D
47.90552,-120.38061,333.17,0.39,0.36,2026-08-30,2046,N20,nominal,2.0NRT,291.24,2.97,D
24.95551,-98.10473,333.62,0.65,0.73,2026-08-30,2042,N20,nominal,2.0NRT,292.83,3.92,D
47.57136,-122.36913,332.04,0.42,0.38,2026-08-30,2046,N20,nominal,2.0NRT,289.4,4.3,D
25.89433,-97.95183,330.82,0.68,0.74,2026-08-30,2042,N20,nominal,2.0NRT,290.73,2.97,D
47.91225,-120.71425,331.14,0.39,0.36,2026-08-30,2046,N20,nominal,2.0NRT,289.62,3.86,D
47.90077,-120.82389,335.69,0.39,0.36,2026-08-30,2046,N20,nominal,2.0NRT,288.3,8.12,D
47.94509,-120.7041,334.15,0.39,0.36,2026-08-30,2046,N20,nominal,2.0NRT,293.26,2.75,D
48.0388,-120.6154,328.76,0.39,0.36,2026-08-30,2046,N20,low,2.0NRT,301.49,2.26,D
48.03712,-120.6255,331.52,0.39,0.36,2026-08-30,2046,N20,nominal,2.0NRT,299.12,3.58,D
48.04122,-120.62159,333.92,0.39,0.36,2026-08-30,2046,N20,nominal,2.0NRT,300.92,5.73,D
48.05089,-120.83015,336.31,0.39,0.36,2026-08-30,2046,N20,nominal,2.0NRT,288.19,3.43,D
48.05415,-120.83136,325.44,0.39,0.36,2026-08-30,2046,N20,nominal,2.0NRT,288.12,3.66,D
48.05832,-120.82723,347.09,0.39,0.36,2026-08-30,2046,N20,nominal,2.0NRT,294.37,9.69,D
48.06158,-120.82845,332.92,0.39,0.36,2026-08-30,2046,N20,nominal,2.0NRT,288.8,4.12,D
48.06903,-120.8254,329.42,0.39,0.36,2026-08-30,2046,N20,nominal,2.0NRT,291.55,23.36,D
48.06812,-120.83077,328.79,0.39,0.36,2026-08-30,2046,N20,nominal,2.0NRT,290.13,23.36,D
48.0723,-120.82657,339.82,0.39,0.36,2026-08-30,2046,N20,nominal,2.0NRT,310.84,23.36,D
48.07557,-120.82774,342.2,0.39,0.36,2026-08-30,2046,N20,nominal,2.0NRT,290.71,7.01,D
48.35669,-120.79624,333.91,0.39,0.36,2026-08-30,2046,N20,nominal,2.0NRT,284.81,7.97,D
48.35584,-120.80134,343.04,0.39,0.36,2026-08-30,2046,N20,nominal,2.0NRT,288.71,7.97,D
48.35064,-120.83262,333.42,0.39,0.36,2026-08-30,2046,N20,nominal,2.0NRT,287.72,3.77,D
48.34978,-120.83779,337.94,0.39,0.36,2026-08-30,2046,N20,nominal,2.0NRT,286.59,6.25,D
48.35388,-120.83397,329.8,0.39,0.36,2026-08-30,2046,N20,nominal,2.0NRT,287.52,3.77,D
48.35304,-120.83898,349.72,0.39,0.36,2026-08-30,2046,N20,nominal,2.0NRT,292.97,6.25,D
48.36144,-120.8093,335.04,0.39,0.36,2026-08-30,2046,N20,nominal,2.0NRT,287.83,11.14,D
48.36466,-120.8108,342.84,0.39,0.36,2026-08-30,2046,N20,nominal,2.0NRT,297.66,11.14,D
48.36382,-120.81588,349.51,0.39,0.36,2026-08-30,2046,N20,nominal,2.0NRT,290.02,11.14,D
48.35953,-120.84162,352.11,0.39,0.36,2026-08-30,2046,N20,nominal,2.0NRT,296.04,14.18,D
48.36617,-120.82256,333.4,0.39,0.36,2026-08-30,2046,N20,nominal,2.0NRT,290.42,5.42,D
48.36361,-120.83798,346.05,0.39,0.36,2026-08-30,2046,N20,nominal,2.0NRT,292.91,5.62,D
48.36276,-120.84303,325.35,0.39,0.36,2026-08-30,2046,N20,nominal,2.0NRT,288.09,2.74,D
48.36768,-120.83435,336.02,0.39,0.36,2026-08-30,2046,N20,nominal,2.0NRT,290.18,5.62,D
28.9364,-97.85879,333.59,0.73,0.76,2026-08-30,2042,N20,nominal,2.0NRT,292.68,7.25,D
28.93429,-97.86153,333.28,0.73,0.76,2026-08-30,2042,N20,nominal,2.0NRT,292.96,13.41,D
29.14305,-98.77431,367,0.65,0.73,2026-08-30,2042,N20,high,2.0NRT,297.67,24.94,D
28.74261,-106.15008,340.83,0.46,0.47,2026-08-30,2042,N20,nominal,2.0NRT,307.81,11.75,D
30.15059,-100.32183,345.43,0.53,0.67,2026-08-30,2042,N20,nominal,2.0NRT,304.25,4.15,D
30.15026,-100.32748,337.06,0.53,0.67,2026-08-30,2042,N20,nominal,2.0NRT,304.33,4.15,D
30.15648,-100.32798,331.26,0.53,0.67,2026-08-30,2042,N20,low,2.0NRT,305.88,4.15,D
30.17717,-100.2953,331.51,0.53,0.67,2026-08-30,2042,N20,low,2.0NRT,304.64,5.4,D
30.1765,-100.30653,334.86,0.53,0.67,2026-08-30,2042,N20,low,2.0NRT,306.51,9.33,D
30.17616,-100.31223,339.2,0.53,0.67,2026-08-30,2042,N20,nominal,2.0NRT,307.8,6.84,D
30.1834,-100.29568,349.19,0.53,0.67,2026-08-30,2042,N20,nominal,2.0NRT,307.18,5.4,D
30.15471,-100.33062,336.32,0.53,0.67,2026-08-30,2042,N20,nominal,2.0NRT,306.08,5.82,D
30.17459,-100.30923,332.59,0.53,0.67,2026-08-30,2042,N20,low,2.0NRT,306.16,4.27,D
30.18173,-100.29271,343.05,0.53,0.67,2026-08-30,2042,N20,nominal,2.0NRT,303.84,7.63,D
30.18143,-100.29839,332.86,0.53,0.67,2026-08-30,2042,N20,low,2.0NRT,306.92,5.41,D
30.18766,-100.29892,333.29,0.53,0.67,2026-08-30,2042,N20,low,2.0NRT,306.18,5.41,D
30.3169,-99.82381,330.26,0.57,0.69,2026-08-30,2044,N20,low,2.0NRT,304.53,5.86,D
30.49776,-109.63024,343.92,0.47,0.4,2026-08-30,2044,N20,nominal,2.0NRT,308.41,21,D
31.1562,-103.51318,345.16,0.35,0.57,2026-08-30,2044,N20,nominal,2.0NRT,314.98,7.4,D
31.47871,-97.59612,340.91,0.79,0.78,2026-08-30,2044,N20,nominal,2.0NRT,295.19,6.7,D
31.35303,-103.22216,345.13,0.36,0.58,2026-08-30,2044,N20,nominal,2.0NRT,311.43,11.44,D
31.46055,-101.59848,335.82,0.46,0.63,2026-08-30,2044,N20,low,2.0NRT,305.91,2.16,D
31.49655,-102.638,341.71,0.4,0.6,2026-08-30,2044,N20,nominal,2.0NRT,307.03,5.35,D
31.49644,-102.63794,342.69,0.4,0.6,2026-08-30,2044,N20,nominal,2.0NRT,307.48,7.04,D
31.62266,-101.81749,344.45,0.45,0.63,2026-08-30,2044,N20,nominal,2.0NRT,307.33,4.07,D
31.65853,-103.51601,339.67,0.35,0.57,2026-08-30,2044,N20,low,2.0NRT,312.95,2.07,D
31.84044,-101.79145,337.34,0.45,0.63,2026-08-30,2044,N20,nominal,2.0NRT,305.19,2.17,D
32.15348,-101.92651,337.84,0.44,0.63,2026-08-30,2044,N20,nominal,2.0NRT,307.11,1.87,D
32.53603,-101.67038,337.39,0.46,0.64,2026-08-30,2044,N20,low,2.0NRT,308.15,2.75,D
32.76176,-98.32999,331.31,0.73,0.76,2026-08-30,2044,N20,nominal,2.0NRT,297.95,9.6,D
32.7594,-98.33112,332.62,0.73,0.76,2026-08-30,2044,N20,nominal,2.0NRT,299.17,6.87,D
31.03695,-116.06771,353.04,0.42,0.38,2026-08-30,2044,N20,nominal,2.0NRT,317.2,23.41,D
32.56479,-103.77728,349.6,0.35,0.57,2026-08-30,2044,N20,nominal,2.0NRT,313.63,6.39,D
32.86324,-98.39052,367,0.72,0.76,2026-08-30,2044,N20,high,2.0NRT,302.36,23.85,D
32.863,-98.39792,351.04,0.72,0.76,2026-08-30,2044,N20,nominal,2.0NRT,302.98,23.85,D
32.87028,-98.39039,367,0.72,0.76,2026-08-30,2044,N20,high,2.0NRT,302.57,151.74,D
32.87003,-98.39783,207.93,0.72,0.76,2026-08-30,2044,N20,low,2.0NRT,323.41,151.74,D
32.86849,-98.38884,367,0.73,0.76,2026-08-30,2044,N20,high,2.0NRT,302.14,137.76,D
32.86809,-98.40336,336.4,0.72,0.76,2026-08-30,2044,N20,nominal,2.0NRT,302.18,143.17,D
32.86828,-98.39641,307.75,0.72,0.76,2026-08-30,2044,N20,low,2.0NRT,324.12,143.17,D
32.87532,-98.39638,367,0.72,0.76,2026-08-30,2044,N20,high,2.0NRT,300.32,21.78,D
32.69681,-103.78718,339.97,0.35,0.57,2026-08-30,2044,N20,low,2.0NRT,314.75,4.15,D
32.80907,-103.77044,342.94,0.35,0.57,2026-08-30,2044,N20,nominal,2.0NRT,311.72,2.61,D
33.47842,-97.93566,330.31,0.78,0.78,2026-08-30,2044,N20,nominal,2.0NRT,296.52,5.08,D
32.30357,-115.04724,338.59,0.39,0.36,2026-08-30,2044,N20,nominal,2.0NRT,305.7,7.55,D
33.4197,-110.86282,344.86,0.45,0.39,2026-08-30,2044,N20,nominal,2.0NRT,307.31,6.76,D
34.97059,-109.89535,344.97,0.51,0.41,2026-08-30,2044,N20,nominal,2.0NRT,309.73,11.03,D
34.33535,-118.52068,331.97,0.47,0.4,2026-08-30,2044,N20,low,2.0NRT,305.84,2.22,D
35.51494,-113.31478,337.25,0.4,0.37,2026-08-30,2044,N20,nominal,2.0NRT,310.88,1.75,D
36.72934,-99.97963,330.64,0.62,0.72,2026-08-30,2044,N20,low,2.0NRT,300.71,3.08,D
36.27205,-113.15762,350.06,0.4,0.37,2026-08-30,2044,N20,nominal,2.0NRT,303.03,22.96,D
36.27143,-113.16218,338.18,0.4,0.37,2026-08-30,2044,N20,nominal,2.0NRT,307.3,6.79,D
36.27081,-113.16669,344.56,0.4,0.37,2026-08-30,2044,N20,nominal,2.0NRT,310.03,6.79,D
36.27541,-113.15833,348.26,0.4,0.37,2026-08-30,2044,N20,nominal,2.0NRT,312.43,22.96,D
36.2794,-113.15446,342.89,0.4,0.37,2026-08-30,2044,N20,nominal,2.0NRT,303.42,7.91,D
36.28275,-113.15517,341.33,0.4,0.37,2026-08-30,2044,N20,nominal,2.0NRT,301.57,7.91,D
36.28213,-113.15971,339.02,0.4,0.37,2026-08-30,2044,N20,nominal,2.0NRT,300.96,7.91,D
35.16074,-120.6739,335.71,0.57,0.43,2026-08-30,2044,N20,nominal,2.0NRT,305.79,22.35,D
35.16465,-120.67493,332.88,0.57,0.43,2026-08-30,2044,N20,low,2.0NRT,304.79,22.35,D
35.16336,-120.68138,331.56,0.57,0.43,2026-08-30,2044,N20,low,2.0NRT,303.81,22.35,D
35.87392,-121.36264,367,0.4,0.44,2026-08-30,2046,N20,high,2.0NRT,330.13,96.47,D
35.87476,-121.35865,346.88,0.4,0.44,2026-08-30,2046,N20,nominal,2.0NRT,294.46,96.47,D
35.87305,-121.36686,347.53,0.4,0.44,2026-08-30,2046,N20,nominal,2.0NRT,297.98,40.12,D
35.87868,-121.36002,367,0.4,0.44,2026-08-30,2046,N20,high,2.0NRT,303.34,55.52,D
35.87788,-121.36388,367,0.4,0.44,2026-08-30,2046,N20,high,2.0NRT,342.21,55.52,D
35.87704,-121.36793,349.31,0.4,0.44,2026-08-30,2046,N20,nominal,2.0NRT,307.23,23.08,D
35.87613,-121.37232,334.3,0.4,0.44,2026-08-30,2046,N20,nominal,2.0NRT,297.43,23.08,D
35.87511,-121.37724,339.4,0.4,0.44,2026-08-30,2046,N20,nominal,2.0NRT,300.99,94.59,D
35.88262,-121.36133,345.99,0.4,0.44,2026-08-30,2046,N20,nominal,2.0NRT,302.58,55.52,D
35.88184,-121.3651,343.96,0.4,0.44,2026-08-30,2046,N20,nominal,2.0NRT,303.09,55.52,D
35.88102,-121.369,334.82,0.4,0.44,2026-08-30,2046,N20,nominal,2.0NRT,303.59,23.08,D
35.87709,-121.38802,347.73,0.4,0.44,2026-08-30,2046,N20,nominal,2.0NRT,302.38,4.86,D
35.87805,-121.38342,312.22,0.4,0.44,2026-08-30,2046,N20,low,2.0NRT,318.19,94.59,D
35.88657,-121.36256,348.75,0.4,0.44,2026-08-30,2046,N20,nominal,2.0NRT,297.1,36.67,D
35.88579,-121.36633,338.7,0.4,0.44,2026-08-30,2046,N20,nominal,2.0NRT,305.72,36.67,D
35.88302,-121.37971,345.54,0.4,0.44,2026-08-30,2046,N20,nominal,2.0NRT,304.83,14.24,D
35.88205,-121.38441,342.63,0.4,0.44,2026-08-30,2046,N20,nominal,2.0NRT,309.64,14.24,D
35.88112,-121.38891,336.08,0.4,0.44,2026-08-30,2046,N20,low,2.0NRT,308.07,8.59,D
35.88976,-121.36749,367,0.4,0.44,2026-08-30,2046,N20,high,2.0NRT,330.72,36.67,D
35.89055,-121.36364,345.39,0.4,0.44,2026-08-30,2046,N20,nominal,2.0NRT,296.17,36.67,D
35.8928,-121.37315,343.51,0.4,0.44,2026-08-30,2046,N20,nominal,2.0NRT,299.34,10.86,D
35.88733,-121.39964,334.42,0.4,0.44,2026-08-30,2046,N20,nominal,2.0NRT,300.11,2.39,D
35.89758,-121.37035,331.15,0.4,0.44,2026-08-30,2046,N20,nominal,2.0NRT,293.85,95.63,D
35.89662,-121.37502,341.61,0.4,0.44,2026-08-30,2046,N20,nominal,2.0NRT,302.21,10.86,D
35.89115,-121.40154,338.96,0.4,0.44,2026-08-30,2046,N20,nominal,2.0NRT,299.96,2.39,D
35.89486,-121.36812,344.33,0.4,0.44,2026-08-30,2046,N20,nominal,2.0NRT,293.37,23.37,D
35.89394,-121.37239,350.57,0.4,0.44,2026-08-30,2046,N20,nominal,2.0NRT,304.5,34.01,D
35.88831,-121.39884,343.45,0.4,0.44,2026-08-30,2046,N20,nominal,2.0NRT,301.06,8.47,D
35.90447,-121.36247,345.84,0.4,0.44,2026-08-30,2046,N20,nominal,2.0NRT,308.87,63.1,D
35.90638,-121.37332,342.21,0.4,0.44,2026-08-30,2046,N20,nominal,2.0NRT,308.7,97.03,D
35.89473,-121.44807,367,0.4,0.44,2026-08-30,2046,N20,high,2.0NRT,330.55,96.04,D
35.8957,-121.4435,349.91,0.4,0.44,2026-08-30,2046,N20,nominal,2.0NRT,302.46,96.04,D
35.89377,-121.45258,348.21,0.4,0.44,2026-08-30,2046,N20,nominal,2.0NRT,306.02,22.83,D
35.89273,-121.45748,343.75,0.4,0.44,2026-08-30,2046,N20,nominal,2.0NRT,299.07,22.83,D
35.89987,-121.44384,347.4,0.4,0.44,2026-08-30,2046,N20,nominal,2.0NRT,305.33,96.04,D
35.89775,-121.45378,344.19,0.4,0.44,2026-08-30,2046,N20,nominal,2.0NRT,304.44,22.83,D
35.89664,-121.45901,353.58,0.4,0.44,2026-08-30,2046,N20,nominal,2.0NRT,302.02,22.83,D
35.89883,-121.44872,367,0.4,0.44,2026-08-30,2046,N20,low,2.0NRT,325.44,96.04,D
35.93315,-121.38622,349.92,0.4,0.44,2026-08-30,2046,N20,nominal,2.0NRT,309.61,7.62,D
35.94212,-121.36357,335.22,0.4,0.44,2026-08-30,2046,N20,low,2.0NRT,308.54,5.84,D
35.94605,-121.36485,341.35,0.4,0.44,2026-08-30,2046,N20,nominal,2.0NRT,302.55,202.35,D
35.92553,-121.46251,350.09,0.4,0.44,2026-08-30,2046,N20,nominal,2.0NRT,295.26,6.57,D
35.94749,-121.37806,343.23,0.4,0.44,2026-08-30,2046,N20,nominal,2.0NRT,305.54,11.29,D
35.95417,-121.36625,341.32,0.4,0.44,2026-08-30,2046,N20,nominal,2.0NRT,296.25,27.87,D
35.95326,-121.37059,351.18,0.4,0.44,2026-08-30,2046,N20,nominal,2.0NRT,305.69,27.87,D
35.95142,-121.3794,342.54,0.4,0.44,2026-08-30,2046,N20,nominal,2.0NRT,311.69,54.02,D
35.94897,-121.39111,353.1,0.4,0.44,2026-08-30,2046,N20,nominal,2.0NRT,303.36,7.5,D
35.93948,-121.45654,338.08,0.4,0.44,2026-08-30,2046,N20,nominal,2.0NRT,292.61,17.04,D
35.95171,-121.41827,340.1,0.4,0.44,2026-08-30,2046,N20,nominal,2.0NRT,300.53,32.95,D
35.94637,-121.44382,342.62,0.4,0.44,2026-08-30,2046,N20,nominal,2.0NRT,294.05,18.58,D
35.95654,-121.41534,341.18,0.4,0.44,2026-08-30,2046,N20,nominal,2.0NRT,300.95,34.16,D
35.95474,-121.42392,336.43,0.4,0.44,2026-08-30,2046,N20,nominal,2.0NRT,306.15,32.95,D
35.9515,-121.43949,348.62,0.4,0.44,2026-08-30,2046,N20,nominal,2.0NRT,302.29,18.58,D
35.95042,-121.44466,352.56,0.4,0.44,2026-08-30,2046,N20,nominal,2.0NRT,308.05,18.58,D
35.96054,-121.41635,340.65,0.4,0.44,2026-08-30,2046,N20,nominal,2.0NRT,295.73,15.46,D
35.95875,-121.42492,351.9,0.4,0.44,2026-08-30,2046,N20,nominal,2.0NRT,312.05,97.72,D
35.95559,-121.44006,355.72,0.4,0.44,2026-08-30,2046,N20,nominal,2.0NRT,305.54,8.15,D
35.96083,-121.43515,348.11,0.4,0.44,2026-08-30,2046,N20,nominal,2.0NRT,320.8,50.51,D
35.95974,-121.44041,333.45,0.4,0.44,2026-08-30,2046,N20,nominal,2.0NRT,300.66,8.15,D
35.96185,-121.43027,367,0.4,0.44,2026-08-30,2046,N20,low,2.0NRT,328.51,50.51,D
35.96583,-121.43142,343.49,0.4,0.44,2026-08-30,2046,N20,nominal,2.0NRT,302.43,11.16,D
36.28255,-121.76655,336.56,0.41,0.45,2026-08-30,2046,N20,low,2.0NRT,310.87,5.59,D
36.28746,-121.76357,340.39,0.41,0.45,2026-08-30,2046,N20,nominal,2.0NRT,300.85,6.76,D
36.28472,-121.77643,340.35,0.41,0.45,2026-08-30,2046,N20,nominal,2.0NRT,301.08,18.25,D
36.28371,-121.78114,342.9,0.41,0.45,2026-08-30,2046,N20,nominal,2.0NRT,313.87,37.11,D
36.28963,-121.77344,355.86,0.41,0.45,2026-08-30,2046,N20,nominal,2.0NRT,303.31,18.25,D
36.2887,-121.77779,349.98,0.41,0.45,2026-08-30,2046,N20,nominal,2.0NRT,309.06,18.25,D
39.08968,-121.6266,339.02,0.53,0.42,2026-08-30,2046,N20,low,2.0NRT,313.1,14.14,D
41.58317,-117.64847,346.36,0.39,0.36,2026-08-30,2046,N20,nominal,2.0NRT,306.41,17.99,D
41.58245,-117.65293,354.08,0.39,0.36,2026-08-30,2046,N20,nominal,2.0NRT,311.42,27.61,D
41.58572,-117.65383,354.64,0.39,0.36,2026-08-30,2046,N20,nominal,2.0NRT,320.19,27.61,D
41.58499,-117.65834,353.08,0.39,0.36,2026-08-30,2046,N20,nominal,2.0NRT,306.56,27.61,D
42.68327,-111.58796,342.12,0.53,0.42,2026-08-30,2046,N20,nominal,2.0NRT,302.84,8.33,D
42.68708,-111.58873,331.16,0.53,0.42,2026-08-30,2046,N20,nominal,2.0NRT,300.92,8.33,D
43.47388,-116.60242,335.07,0.39,0.36,2026-08-30,2046,N20,nominal,2.0NRT,307.15,8.85,D
43.80865,-115.61709,348.88,0.4,0.37,2026-08-30,2046,N20,nominal,2.0NRT,309.86,6.53,D
43.81199,-115.61797,347.25,0.4,0.37,2026-08-30,2046,N20,nominal,2.0NRT,306.2,7.7,D
43.81598,-115.61407,353.52,0.4,0.37,2026-08-30,2046,N20,nominal,2.0NRT,310.91,11.18,D
43.81996,-115.6102,338.89,0.4,0.37,2026-08-30,2046,N20,low,2.0NRT,309.92,6.85,D
43.82394,-115.60632,345.42,0.4,0.37,2026-08-30,2046,N20,low,2.0NRT,317.99,9.6,D
43.82856,-115.59767,346.62,0.4,0.37,2026-08-30,2046,N20,nominal,2.0NRT,318.05,24.53,D
43.82792,-115.60248,349.48,0.4,0.37,2026-08-30,2046,N20,nominal,2.0NRT,311.1,18.58,D
43.8319,-115.59859,342.88,0.4,0.37,2026-08-30,2046,N20,nominal,2.0NRT,309.45,24.53,D
43.85201,-115.55199,336.01,0.4,0.37,2026-08-30,2046,N20,nominal,2.0NRT,301.72,5.46,D
43.41652,-123.52786,339.26,0.53,0.42,2026-08-30,2049,N20,nominal,2.0NRT,301.07,4.92,D
44.811,-118.24082,355.79,0.38,0.36,2026-08-30,2049,N20,nominal,2.0NRT,296.51,9.77,D
44.80952,-118.25037,351.02,0.38,0.36,2026-08-30,2049,N20,nominal,2.0NRT,299.24,14.28,D
44.80803,-118.25996,336.39,0.38,0.36,2026-08-30,2049,N20,nominal,2.0NRT,293.68,5.69,D
44.80729,-118.26474,334.67,0.38,0.36,2026-08-30,2049,N20,nominal,2.0NRT,294.99,5.69,D
44.80654,-118.26953,334.52,0.38,0.36,2026-08-30,2049,N20,nominal,2.0NRT,298.58,7.26,D
44.8083,-118.28007,367,0.38,0.36,2026-08-30,2049,N20,high,2.0NRT,333.87,93.32,D
44.80979,-118.2705,345.49,0.38,0.36,2026-08-30,2049,N20,nominal,2.0NRT,296.63,21.31,D
44.81155,-118.28107,367,0.38,0.36,2026-08-30,2049,N20,high,2.0NRT,338.62,93.32,D
44.82346,-118.20466,335.37,0.38,0.36,2026-08-30,2049,N20,nominal,2.0NRT,300.1,5.82,D
44.81528,-118.25714,336.37,0.38,0.36,2026-08-30,2049,N20,nominal,2.0NRT,290.74,4.02,D
44.81304,-118.2715,344.95,0.38,0.36,2026-08-30,2049,N20,nominal,2.0NRT,298.2,21.31,D
44.81229,-118.27627,345.66,0.38,0.36,2026-08-30,2049,N20,nominal,2.0NRT,301.98,21.31,D
44.81555,-118.27727,346,0.38,0.36,2026-08-30,2049,N20,nominal,2.0NRT,308.13,27.76,D
44.8148,-118.28204,355.88,0.38,0.36,2026-08-30,2049,N20,nominal,2.0NRT,300.42,7.99,D
44.81405,-118.28681,330.33,0.38,0.36,2026-08-30,2049,N20,nominal,2.0NRT,297.42,7.99,D
44.82995,-118.20663,345.83,0.38,0.36,2026-08-30,2049,N20,nominal,2.0NRT,309.25,168.6,D
44.82847,-118.21618,340.14,0.38,0.36,2026-08-30,2049,N20,nominal,2.0NRT,295.46,9.08,D
44.82624,-118.23049,355.58,0.38,0.36,2026-08-30,2049,N20,nominal,2.0NRT,300.74,25.52,D
44.8255,-118.23526,342.53,0.38,0.36,2026-08-30,2049,N20,nominal,2.0NRT,299.13,17.61,D
44.8188,-118.27825,347.95,0.38,0.36,2026-08-30,2049,N20,nominal,2.0NRT,297.11,27.76,D
44.81805,-118.28303,354.05,0.38,0.36,2026-08-30,2049,N20,nominal,2.0NRT,298.92,7.99,D
44.8173,-118.28781,347.58,0.38,0.36,2026-08-30,2049,N20,nominal,2.0NRT,301.05,7.99,D
44.83395,-118.20284,336.54,0.38,0.36,2026-08-30,2049,N20,nominal,2.0NRT,291.68,7.49,D
44.8332,-118.20761,351.39,0.38,0.36,2026-08-30,2049,N20,nominal,2.0NRT,299.94,9.07,D
44.83246,-118.21238,332.66,0.38,0.36,2026-08-30,2049,N20,nominal,2.0NRT,291.95,9.07,D
44.8213,-118.28403,352.41,0.38,0.36,2026-08-30,2049,N20,nominal,2.0NRT,296.85,5.68,D
44.82055,-118.2888,348.16,0.38,0.36,2026-08-30,2049,N20,nominal,2.0NRT,299.38,5.68,D
44.86273,-118.30471,333.49,0.38,0.36,2026-08-30,2049,N20,nominal,2.0NRT,299.28,3.44,D
45.60887,-113.14588,338.35,0.49,0.4,2026-08-30,2049,N20,nominal,2.0NRT,298.38,18.68,D
45.60821,-113.15191,354.18,0.49,0.4,2026-08-30,2049,N20,nominal,2.0NRT,304.79,18.68,D
45.71574,-114.64574,329.45,0.44,0.38,2026-08-30,2049,N20,nominal,2.0NRT,293.3,3.82,D
45.71856,-114.65217,344.5,0.44,0.38,2026-08-30,2049,N20,nominal,2.0NRT,296.45,15.82,D
45.72406,-114.63635,348.18,0.44,0.38,2026-08-30,2049,N20,nominal,2.0NRT,293.12,5.55,D
45.72755,-114.63722,345.34,0.44,0.38,2026-08-30,2049,N20,nominal,2.0NRT,296.86,13.3,D
45.43435,-118.32523,331.13,0.38,0.36,2026-08-30,2049,N20,nominal,2.0NRT,302.56,1.84,D
46.13322,-113.9082,337.89,0.47,0.39,2026-08-30,2049,N20,nominal,2.0NRT,295.68,12.96,D
46.15732,-113.92384,329.93,0.47,0.39,2026-08-30,2049,N20,nominal,2.0NRT,291.42,5.01,D
46.16032,-113.92995,349.2,0.47,0.39,2026-08-30,2049,N20,nominal,2.0NRT,288.15,11.57,D
45.59344,-118.20104,337.78,0.38,0.36,2026-08-30,2049,N20,nominal,2.0NRT,296.22,3.25,D
45.59373,-118.22144,349.83,0.38,0.36,2026-08-30,2049,N20,nominal,2.0NRT,303.48,7.23,D
45.0039,-121.8674,333.01,0.44,0.38,2026-08-30,2049,N20,nominal,2.0NRT,291.58,7.79,D
46.10589,-114.81927,348.17,0.44,0.38,2026-08-30,2049,N20,nominal,2.0NRT,292.28,5.95,D
46.10525,-114.82459,329.96,0.44,0.38,2026-08-30,2049,N20,nominal,2.0NRT,291.34,5.95,D
45.02353,-121.87994,340.74,0.44,0.38,2026-08-30,2049,N20,nominal,2.0NRT,292.97,5.81,D
46.08559,-115.07456,327.96,0.43,0.38,2026-08-30,2049,N20,nominal,2.0NRT,294.18,6.3,D
46.08491,-115.08002,335.69,0.43,0.38,2026-08-30,2049,N20,nominal,2.0NRT,300.44,6.3,D
45.00648,-122.00843,334.05,0.44,0.39,2026-08-30,2049,N20,nominal,2.0NRT,291.47,3.33,D
46.0857,-115.18884,333.88,0.43,0.38,2026-08-30,2049,N20,nominal,2.0NRT,296.64,7.66,D
46.09045,-115.17925,327.72,0.43,0.38,2026-08-30,2049,N20,nominal,2.0NRT,291.73,4.24,D
46.09592,-115.16387,349.11,0.43,0.38,2026-08-30,2049,N20,nominal,2.0NRT,297.5,9.21,D
46.09522,-115.16949,345.9,0.43,0.38,2026-08-30,2049,N20,nominal,2.0NRT,304.95,13.5,D
45.01828,-122.04332,336.05,0.44,0.39,2026-08-30,2049,N20,nominal,2.0NRT,295.74,3.53,D
46.12055,-115.05139,330.29,0.43,0.38,2026-08-30,2049,N20,nominal,2.0NRT,292.51,3.05,D
46.11989,-115.05676,335.34,0.43,0.38,2026-08-30,2049,N20,nominal,2.0NRT,293.27,3.05,D
45.02852,-122.04772,345.75,0.44,0.39,2026-08-30,2049,N20,nominal,2.0NRT,294.46,15.62,D
45.0309,-122.0546,333.21,0.44,0.39,2026-08-30,2049,N20,nominal,2.0NRT,293.76,6.05,D
45.04295,-122.01033,346.47,0.44,0.39,2026-08-30,2049,N20,nominal,2.0NRT,292.34,10.16,D
45.04303,-122.02942,354.32,0.44,0.39,2026-08-30,2049,N20,nominal,2.0NRT,295.83,8.65,D
45.04198,-122.03497,330.75,0.44,0.39,2026-08-30,2049,N20,nominal,2.0NRT,292.76,17.99,D
45.03991,-122.04596,330.12,0.44,0.39,2026-08-30,2049,N20,nominal,2.0NRT,295.28,29.27,D
45.04435,-122.04195,347.59,0.44,0.39,2026-08-30,2049,N20,nominal,2.0NRT,300.22,17.99,D
45.04121,-122.05857,347.34,0.44,0.39,2026-08-30,2049,N20,nominal,2.0NRT,296.04,13.41,D
45.04463,-122.06001,334.08,0.44,0.39,2026-08-30,2049,N20,low,2.0NRT,306.64,47.66,D
46.24927,-115.08742,334.16,0.43,0.38,2026-08-30,2049,N20,nominal,2.0NRT,292.09,5.73,D
46.25269,-115.08863,348.78,0.43,0.38,2026-08-30,2049,N20,nominal,2.0NRT,291.31,5.73,D
46.26199,-115.11063,337.65,0.43,0.38,2026-08-30,2049,N20,nominal,2.0NRT,303.67,8.46,D
46.27901,-115.02911,328.82,0.43,0.38,2026-08-30,2049,N20,nominal,2.0NRT,273.65,7.25,D
46.27838,-115.0343,330.31,0.43,0.38,2026-08-30,2049,N20,nominal,2.0NRT,275.75,7.25,D
46.27774,-115.03954,348.88,0.43,0.38,2026-08-30,2049,N20,nominal,2.0NRT,284.14,6.59,D
46.28375,-115.01947,343.81,0.43,0.38,2026-08-30,2049,N20,nominal,2.0NRT,275.58,4.3,D
46.2831,-115.02485,329.7,0.43,0.38,2026-08-30,2049,N20,nominal,2.0NRT,282.94,4.3,D
46.28246,-115.0301,355.45,0.43,0.38,2026-08-30,2049,N20,nominal,2.0NRT,290.83,7.25,D
46.28183,-115.03533,336.13,0.43,0.38,2026-08-30,2049,N20,nominal,2.0NRT,286.42,7.25,D
46.28119,-115.04057,338.92,0.43,0.38,2026-08-30,2049,N20,nominal,2.0NRT,287,6.59,D
46.275,-115.09162,337.76,0.43,0.38,2026-08-30,2049,N20,nominal,2.0NRT,291.84,6.12,D
46.28852,-115.00962,327.48,0.43,0.38,2026-08-30,2049,N20,nominal,2.0NRT,271.26,70.76,D
46.28787,-115.01499,347.85,0.43,0.38,2026-08-30,2049,N20,nominal,2.0NRT,297.91,70.76,D
46.28721,-115.02042,350.5,0.43,0.38,2026-08-30,2049,N20,nominal,2.0NRT,284.72,51.36,D
46.28527,-115.03637,351.19,0.43,0.38,2026-08-30,2049,N20,nominal,2.0NRT,288,14.27,D
46.28465,-115.04152,328.87,0.43,0.38,2026-08-30,2049,N20,nominal,2.0NRT,280.4,5.62,D
46.27908,-115.08738,327.48,0.43,0.38,2026-08-30,2049,N20,nominal,2.0NRT,290.15,2.51,D
46.29132,-115.01598,367,0.43,0.38,2026-08-30,2049,N20,high,2.0NRT,332.63,70.76,D
46.29198,-115.01052,340.76,0.43,0.38,2026-08-30,2049,N20,nominal,2.0NRT,267.99,70.76,D
46.29,-115.0269,341.95,0.43,0.38,2026-08-30,2049,N20,nominal,2.0NRT,280.97,51.36,D
46.29478,-115.01701,351.79,0.43,0.38,2026-08-30,2049,N20,nominal,2.0NRT,273.27,17.42,D
46.2941,-115.02261,343.26,0.43,0.38,2026-08-30,2049,N20,nominal,2.0NRT,285.58,29.32,D
46.28741,-115.07761,333.87,0.43,0.38,2026-08-30,2049,N20,nominal,2.0NRT,288.33,3.27,D
19.40232,-155.27849,367,0.44,0.46,2026-08-31,0001,N20,high,2.0NRT,336.13,16.87,D
19.40181,-155.28265,367,0.44,0.46,2026-08-31,0001,N20,high,2.0NRT,342.17,16.87,D
19.40282,-155.27435,351.99,0.44,0.46,2026-08-31,0001,N20,low,2.0NRT,327.92,14.99,D
19.4013,-155.28683,367,0.44,0.46,2026-08-31,0001,N20,low,2.0NRT,327.64,10.35,D
19.40705,-155.27487,367,0.44,0.46,2026-08-31,0001,N20,high,2.0NRT,332.71,14.07,D
19.40755,-155.27074,367,0.44,0.46,2026-08-31,0001,N20,low,2.0NRT,325.98,14.07,D
19.41179,-155.27127,353.55,0.44,0.46,2026-08-31,0001,N20,low,2.0NRT,335.18,14.07,D
19.41128,-155.27545,353.64,0.44,0.46,2026-08-31,0001,N20,low,2.0NRT,340.12,14.07,D
20.48546,-74.9674,304.84,0.72,0.75,2026-08-31,0548,N20,nominal,2.0NRT,291.24,2.71,N
20.47842,-74.96726,305.65,0.72,0.75,2026-08-31,0548,N20,nominal,2.0NRT,291.51,4.41,N
20.47194,-74.97443,330.1,0.72,0.75,2026-08-31,0548,N20,nominal,2.0NRT,292.34,5.38,N
20.47259,-74.98282,304.71,0.72,0.75,2026-08-31,0548,N20,nominal,2.0NRT,291.73,5.38,N
20.47141,-74.96763,316.41,0.72,0.75,2026-08-31,0548,N20,nominal,2.0NRT,290.73,4.41,N
20.46479,-74.97295,317.06,0.72,0.75,2026-08-31,0548,N20,nominal,2.0NRT,291.3,4.07,N
48.19072,-64.923,297.19,0.33,0.55,2026-08-31,0540,N20,nominal,2.0NRT,282.85,0.3,N
20.4643,-74.96656,309.86,0.72,0.75,2026-08-31,0548,N20,nominal,2.0NRT,290.63,4.59,N
48.1856,-64.92396,296.6,0.33,0.55,2026-08-31,0540,N20,nominal,2.0NRT,284.01,0.62,N
45.27993,-66.01527,304.55,0.35,0.57,2026-08-31,0540,N20,nominal,2.0NRT,286.43,1.12,N
48.18689,-64.92191,312.12,0.32,0.55,2026-08-31,0720,N20,nominal,2.0NRT,283.86,1.02,N
48.25294,-79.02203,303.49,0.39,0.36,2026-08-31,0720,N20,nominal,2.0NRT,285.51,0.96,N
45.27874,-66.01437,299.99,0.35,0.57,2026-08-31,0720,N20,nominal,2.0NRT,286.57,0.97,N
46.04482,-73.13885,322.31,0.49,0.41,2026-08-31,0720,N20,nominal,2.0NRT,288.38,1.54,N
46.0425,-73.14656,314.39,0.49,0.41,2026-08-31,0720,N20,nominal,2.0NRT,287.6,3.16,N
46.04122,-73.14041,296.52,0.49,0.41,2026-08-31,0720,N20,nominal,2.0NRT,285.72,1.54,N
45.83775,-73.25502,299.15,0.49,0.41,2026-08-31,0722,N20,nominal,2.0NRT,285.62,1.34,N
45.83648,-73.2489,311.93,0.49,0.41,2026-08-31,0722,N20,nominal,2.0NRT,287.92,1.34,N
45.78358,-73.91149,306.4,0.47,0.4,2026-08-31,0722,N20,nominal,2.0NRT,281.92,0.57,N
45.64315,-73.52468,301.43,0.49,0.4,2026-08-31,0722,N20,nominal,2.0NRT,288.08,1.13,N
45.33908,-73.52184,301.49,0.49,0.4,2026-08-31,0722,N20,nominal,2.0NRT,285.94,1.43,N
45.11168,-73.00859,303.16,0.52,0.42,2026-08-31,0722,N20,nominal,2.0NRT,285.59,1.03,N
44.16742,-76.80327,306.96,0.41,0.37,2026-08-31,0722,N20,nominal,2.0NRT,289.72,1.63,N
44.05664,-77.12025,297.43,0.4,0.37,2026-08-31,0722,N20,nominal,2.0NRT,286.78,0.74,N
44.05332,-77.12138,299.65,0.4,0.37,2026-08-31,0722,N20,nominal,2.0NRT,287.24,0.98,N
44.76472,-93.04224,298.88,0.42,0.61,2026-08-31,0722,N20,nominal,2.0NRT,283.73,1.32,N
42.05082,-73.98071,307.02,0.54,0.42,2026-08-31,0722,N20,nominal,2.0NRT,286.88,0.79,N
43.70308,-88.38954,300.35,0.49,0.48,2026-08-31,0722,N20,nominal,2.0NRT,288.3,0.79,N
43.09824,-93.05062,297.21,0.41,0.61,2026-08-31,0722,N20,nominal,2.0NRT,285.49,0.51,N
40.75537,-81.43084,298.73,0.39,0.36,2026-08-31,0722,N20,nominal,2.0NRT,270.77,2.15,N
39.94149,-76.81297,302.68,0.46,0.39,2026-08-31,0722,N20,nominal,2.0NRT,277.03,0.78,N
39.93798,-76.81416,295.54,0.46,0.39,2026-08-31,0722,N20,nominal,2.0NRT,277.01,0.78,N
41.48553,-90.82713,301.47,0.61,0.54,2026-08-31,0722,N20,nominal,2.0NRT,278.5,1.35,N
39.56207,-77.17285,300.96,0.45,0.39,2026-08-31,0722,N20,nominal,2.0NRT,281.97,1.07,N
39.56195,-77.1697,299.96,0.45,0.39,2026-08-31,0722,N20,nominal,2.0NRT,280.48,1.49,N
39.07913,-79.69087,309.44,0.39,0.36,2026-08-31,0724,N20,nominal,2.0NRT,287.62,0.73,N
39.3691,-81.52488,307.05,0.39,0.36,2026-08-31,0724,N20,nominal,2.0NRT,290.66,0.95,N
38.77734,-79.39396,309.93,0.4,0.37,2026-08-31,0724,N20,nominal,2.0NRT,287.74,1.25,N
39.47168,-84.39937,301.62,0.44,0.38,2026-08-31,0724,N20,nominal,2.0NRT,278.89,1.55,N
39.46972,-84.38409,299.1,0.44,0.38,2026-08-31,0724,N20,nominal,2.0NRT,270.76,0.96,N
39.08559,-82.3342,306.94,0.39,0.36,2026-08-31,0724,N20,nominal,2.0NRT,282.41,1.01,N
39.72357,-90.83358,319.21,0.59,0.53,2026-08-31,0724,N20,nominal,2.0NRT,292.17,2.19,N
39.85392,-93.32434,306.6,0.4,0.6,2026-08-31,0724,N20,nominal,2.0NRT,290.45,0.76,N
39.72564,-90.83102,313.97,0.59,0.53,2026-08-31,0724,N20,nominal,2.0NRT,292.02,2.29,N
39.85542,-93.32294,308.8,0.4,0.6,2026-08-31,0724,N20,nominal,2.0NRT,290.73,0.81,N
38.8377,-84.24259,303.6,0.43,0.38,2026-08-31,0724,N20,nominal,2.0NRT,287.74,1.57,N
38.83706,-84.23775,316.65,0.43,0.38,2026-08-31,0724,N20,nominal,2.0NRT,289.85,2.24,N
38.59749,-82.83456,306.81,0.4,0.37,2026-08-31,0724,N20,nominal,2.0NRT,289.62,0.91,N
38.59684,-82.83005,313.35,0.4,0.37,2026-08-31,0724,N20,nominal,2.0NRT,290.96,1.51,N
38.62335,-83.66774,302.13,0.41,0.37,2026-08-31,0724,N20,nominal,2.0NRT,284.14,1.19,N
38.76159,-84.99913,302.66,0.45,0.39,2026-08-31,0724,N20,nominal,2.0NRT,287.17,2.19,N
38.75735,-84.99449,306.23,0.45,0.39,2026-08-31,0724,N20,nominal,2.0NRT,287.26,1.38,N
38.71855,-85.07896,312.71,0.46,0.39,2026-08-31,0724,N20,nominal,2.0NRT,288.3,0.7,N
38.99961,-87.72364,306.42,0.4,0.44,2026-08-31,0724,N20,nominal,2.0NRT,295.17,2.22,N
38.991,-87.72035,313.17,0.4,0.44,2026-08-31,0724,N20,nominal,2.0NRT,291.84,0.97,N
38.83787,-90.06617,310.02,0.53,0.5,2026-08-31,0724,N20,nominal,2.0NRT,294.5,3.78,N
38.69963,-90.1347,307.86,0.53,0.5,2026-08-31,0724,N20,nominal,2.0NRT,287.36,1.31,N
38.69694,-90.14245,308.92,0.53,0.5,2026-08-31,0724,N20,nominal,2.0NRT,287.32,1.82,N
38.69643,-90.13632,313.88,0.53,0.5,2026-08-31,0724,N20,nominal,2.0NRT,289.87,1.82,N
38.69593,-90.1302,304.4,0.53,0.5,2026-08-31,0724,N20,nominal,2.0NRT,290.06,1.7,N
38.69231,-90.1431,309.94,0.53,0.5,2026-08-31,0724,N20,nominal,2.0NRT,288.26,1.6,N
37.27536,-80.00021,314.59,0.4,0.37,2026-08-31,0724,N20,nominal,2.0NRT,290.57,0.77,N
37.63706,-83.17496,328.56,0.4,0.37,2026-08-31,0724,N20,nominal,2.0NRT,290.84,2.28,N
38.00583,-86.14393,333.69,0.49,0.41,2026-08-31,0724,N20,nominal,2.0NRT,293.32,3.19,N
38.00211,-86.14455,317.62,0.49,0.41,2026-08-31,0724,N20,nominal,2.0NRT,292.14,2.81,N
37.8079,-85.6911,306.53,0.47,0.4,2026-08-31,0724,N20,nominal,2.0NRT,291.16,0.86,N
36.3544,-76.80567,328.45,0.52,0.42,2026-08-31,0724,N20,nominal,2.0NRT,293.04,3.11,N
37.23629,-82.03742,308.79,0.38,0.36,2026-08-31,0724,N20,nominal,2.0NRT,289.76,0.68,N
37.23368,-82.0425,326.52,0.38,0.36,2026-08-31,0724,N20,nominal,2.0NRT,291.61,1.79,N
37.23301,-82.03822,307.66,0.38,0.36,2026-08-31,0724,N20,nominal,2.0NRT,289.98,1.79,N
38.1815,-90.33706,305.56,0.54,0.51,2026-08-31,0724,N20,nominal,2.0NRT,293.8,1.78,N
38.22239,-91.73586,303.46,0.32,0.55,2026-08-31,0724,N20,nominal,2.0NRT,291.29,0.34,N
38.01216,-90.08488,304.1,0.52,0.5,2026-08-31,0724,N20,nominal,2.0NRT,292.99,1.15,N
38.00756,-90.08528,303.85,0.52,0.5,2026-08-31,0724,N20,nominal,2.0NRT,292.47,1.15,N
37.96992,-90.07832,312.15,0.52,0.5,2026-08-31,0724,N20,nominal,2.0NRT,292.29,2.05,N
37.97019,-90.07871,311.77,0.52,0.5,2026-08-31,0724,N20,nominal,2.0NRT,292.72,2.31,N
36.76785,-82.40214,325.1,0.39,0.36,2026-08-31,0724,N20,nominal,2.0NRT,288.43,2.06,N
36.9712,-84.5873,303.61,0.42,0.38,2026-08-31,0724,N20,nominal,2.0NRT,291.54,0.59,N
36.87747,-85.65731,308.77,0.46,0.39,2026-08-31,0724,N20,nominal,2.0NRT,291.22,0.68,N
35.7129,-78.83777,302.88,0.44,0.38,2026-08-31,0724,N20,nominal,2.0NRT,292.49,0.68,N
36.21299,-82.76015,308.35,0.39,0.36,2026-08-31,0724,N20,nominal,2.0NRT,290.15,0.91,N
36.22468,-83.71659,301.94,0.4,0.37,2026-08-31,0724,N20,nominal,2.0NRT,291.13,0.67,N
35.50394,-80.3298,311.89,0.4,0.37,2026-08-31,0724,N20,nominal,2.0NRT,293.08,1.01,N
36.9203,-91.84782,297.82,0.63,0.54,2026-08-31,0724,N20,nominal,2.0NRT,287.77,0.32,N
35.9781,-83.95565,323.82,0.4,0.37,2026-08-31,0724,N20,nominal,2.0NRT,292.16,2.8,N
35.90337,-83.60513,314.98,0.4,0.37,2026-08-31,0724,N20,nominal,2.0NRT,290.49,1.07,N
35.90004,-83.60585,311.01,0.4,0.37,2026-08-31,0724,N20,nominal,2.0NRT,290.39,1.07,N
35.42871,-81.03503,304.13,0.39,0.36,2026-08-31,0724,N20,nominal,2.0NRT,291.44,0.53,N
35.34616,-80.66604,310.72,0.4,0.37,2026-08-31,0724,N20,nominal,2.0NRT,291.76,0.82,N
35.0968,-80.30075,302.35,0.41,0.37,2026-08-31,0724,N20,nominal,2.0NRT,290.94,0.38,N
35.94646,-89.71526,306.17,0.47,0.48,2026-08-31,0724,N20,nominal,2.0NRT,293.9,1.77,N
35.93769,-89.71655,338.07,0.47,0.48,2026-08-31,0724,N20,nominal,2.0NRT,294.23,4.82,N
35.89916,-89.78115,311.53,0.47,0.48,2026-08-31,0724,N20,nominal,2.0NRT,295.01,2.12,N
35.89037,-89.78241,328.5,0.47,0.48,2026-08-31,0724,N20,nominal,2.0NRT,294.32,3.7,N
35.7271,-88.81274,309.72,0.42,0.45,2026-08-31,0724,N20,nominal,2.0NRT,294.19,1.32,N
34.37584,-79.89001,305.35,0.42,0.38,2026-08-31,0724,N20,nominal,2.0NRT,291.94,0.79,N
35.65071,-89.93234,320.35,0.48,0.48,2026-08-31,0724,N20,nominal,2.0NRT,294.32,2.11,N
35.64629,-89.93299,326.36,0.48,0.48,2026-08-31,0724,N20,nominal,2.0NRT,294.8,3.29,N
35.61187,-89.94868,312.72,0.48,0.48,2026-08-31,0724,N20,nominal,2.0NRT,294.72,2.34,N
35.6124,-89.94434,312.44,0.48,0.48,2026-08-31,0724,N20,nominal,2.0NRT,295.3,1.75,N
34.15399,-79.56096,304.77,0.43,0.38,2026-08-31,0724,N20,nominal,2.0NRT,291.15,1.21,N
35.5561,-97.35021,305.55,0.63,0.72,2026-08-31,0724,N20,nominal,2.0NRT,294.02,1.81,N
34.87582,-88.42891,306.33,0.39,0.44,2026-08-31,0724,N20,nominal,2.0NRT,292.73,0.67,N
35.04568,-90.1662,307.05,0.48,0.48,2026-08-31,0724,N20,nominal,2.0NRT,294.93,1.18,N
34.80354,-88.32452,308.16,0.38,0.43,2026-08-31,0724,N20,nominal,2.0NRT,293.38,1.11,N
34.64293,-87.09135,311.01,0.5,0.41,2026-08-31,0724,N20,nominal,2.0NRT,294.11,1.77,N
34.63853,-87.08655,330.96,0.5,0.41,2026-08-31,0724,N20,nominal,2.0NRT,295.01,5.4,N
33.99567,-85.16901,303.77,0.42,0.38,2026-08-31,0724,N20,nominal,2.0NRT,291.74,0.58,N
33.01676,-79.88519,300.31,0.44,0.38,2026-08-31,0724,N20,nominal,2.0NRT,277.39,1.58,N
33.0133,-79.88607,314.94,0.44,0.38,2026-08-31,0724,N20,nominal,2.0NRT,271.41,1.97,N
34.51289,-95.33331,307.55,0.47,0.64,2026-08-31,0726,N20,nominal,2.0NRT,292.05,2.57,N
34.51582,-95.33419,303.28,0.47,0.64,2026-08-31,0726,N20,nominal,2.0NRT,289.83,1.72,N
33.58187,-86.78378,305.55,0.47,0.4,2026-08-31,0726,N20,nominal,2.0NRT,293.84,1.27,N
33.54734,-86.80553,310.67,0.47,0.4,2026-08-31,0726,N20,nominal,2.0NRT,294.08,1.99,N
33.54757,-86.80628,314.63,0.47,0.4,2026-08-31,0726,N20,nominal,2.0NRT,294.3,1.5,N
33.49229,-86.93112,310.27,0.48,0.4,2026-08-31,0726,N20,nominal,2.0NRT,294.02,1.57,N
34.16675,-95.04276,303.26,0.45,0.63,2026-08-31,0726,N20,nominal,2.0NRT,290.36,1.56,N
33.63303,-89.78274,304.86,0.44,0.46,2026-08-31,0726,N20,nominal,2.0NRT,292.79,0.48,N
33.4488,-88.5834,308.4,0.57,0.43,2026-08-31,0726,N20,nominal,2.0NRT,292.93,2.31,N
33.44746,-88.57106,305.27,0.57,0.43,2026-08-31,0726,N20,nominal,2.0NRT,293.87,1.55,N
33.4395,-88.57238,326.29,0.57,0.43,2026-08-31,0726,N20,nominal,2.0NRT,293.09,4.72,N
33.22156,-86.81704,316.19,0.47,0.4,2026-08-31,0726,N20,nominal,2.0NRT,294.85,1.73,N
33.21845,-86.79174,317.38,0.47,0.4,2026-08-31,0726,N20,nominal,2.0NRT,294.45,2.16,N
33.4415,-88.5731,329.08,0.57,0.43,2026-08-31,0726,N20,nominal,2.0NRT,293.5,3.74,N
33.2208,-86.81416,314.81,0.47,0.4,2026-08-31,0726,N20,nominal,2.0NRT,294.13,2.29,N
33.21821,-86.79396,304.87,0.47,0.4,2026-08-31,0726,N20,nominal,2.0NRT,293.23,1.03,N
33.21757,-86.78896,309.67,0.47,0.4,2026-08-31,0726,N20,nominal,2.0NRT,294.14,1.18,N
33.7229,-91.79153,314.5,0.58,0.52,2026-08-31,0726,N20,nominal,2.0NRT,292.41,2.28,N
33.18051,-86.75982,314.44,0.47,0.4,2026-08-31,0726,N20,nominal,2.0NRT,293.77,1.14,N
33.23883,-87.50921,305.77,0.5,0.41,2026-08-31,0726,N20,nominal,2.0NRT,293.44,1.66,N
33.23508,-87.50989,315.25,0.5,0.41,2026-08-31,0726,N20,nominal,2.0NRT,294.14,1.66,N
33.10379,-86.80106,309.93,0.47,0.4,2026-08-31,0726,N20,nominal,2.0NRT,294.7,2.09,N
33.09292,-86.80302,327.58,0.47,0.4,2026-08-31,0726,N20,nominal,2.0NRT,295.47,3.94,N
32.97596,-86.34851,308.38,0.45,0.39,2026-08-31,0726,N20,nominal,2.0NRT,293.89,1.48,N
33.09736,-88.53587,303.42,0.56,0.43,2026-08-31,0726,N20,nominal,2.0NRT,291.81,0.57,N
33.09484,-88.53684,304.19,0.56,0.43,2026-08-31,0726,N20,nominal,2.0NRT,291.94,0.7,N
32.17821,-85.02914,309.44,0.4,0.37,2026-08-31,0726,N20,nominal,2.0NRT,293.42,1.11,N
32.10202,-84.50527,319.97,0.39,0.36,2026-08-31,0726,N20,nominal,2.0NRT,291.74,1.64,N
33.10883,-98.31085,304.49,0.69,0.74,2026-08-31,0726,N20,nominal,2.0NRT,293.83,3.22,N
32.91272,-94.47739,308.81,0.41,0.6,2026-08-31,0726,N20,nominal,2.0NRT,290.97,1.24,N
32.52383,-90.18983,305.5,0.45,0.47,2026-08-31,0726,N20,nominal,2.0NRT,292.17,1.18,N
32.42373,-90.38512,304.27,0.46,0.47,2026-08-31,0726,N20,nominal,2.0NRT,291.76,0.39,N
32.8698,-98.40022,315.29,0.69,0.74,2026-08-31,0726,N20,nominal,2.0NRT,293.75,4.42,N
32.31524,-90.13384,319.14,0.45,0.47,2026-08-31,0726,N20,nominal,2.0NRT,292.97,2.56,N
32.3129,-90.1355,317.76,0.45,0.47,2026-08-31,0726,N20,nominal,2.0NRT,292.54,2.23,N
32.87005,-98.40503,314.27,0.69,0.74,2026-08-31,0726,N20,nominal,2.0NRT,293.68,4.63,N
31.58241,-87.49092,306.03,0.48,0.4,2026-08-31,0726,N20,nominal,2.0NRT,291.24,1.73,N
32.2493,-97.55499,310.93,0.61,0.71,2026-08-31,0726,N20,nominal,2.0NRT,294.05,2.17,N
30.32051,-81.94534,304.77,0.4,0.37,2026-08-31,0726,N20,nominal,2.0NRT,290.93,0.84,N
31.15599,-87.97881,301.71,0.5,0.41,2026-08-31,0726,N20,nominal,2.0NRT,270.78,0.7,N
31.14977,-87.99059,303.65,0.5,0.41,2026-08-31,0726,N20,nominal,2.0NRT,269.76,0.58,N
31.14914,-87.98532,297.4,0.5,0.41,2026-08-31,0726,N20,nominal,2.0NRT,266.75,0.58,N
30.94443,-88.01138,314.1,0.5,0.41,2026-08-31,0726,N20,nominal,2.0NRT,288.14,2.38,N
30.94068,-88.012,325.03,0.5,0.41,2026-08-31,0726,N20,nominal,2.0NRT,289.33,2.38,N
30.94132,-88.01725,312.56,0.5,0.41,2026-08-31,0726,N20,nominal,2.0NRT,286.88,2.38,N
30.34439,-88.48939,307.49,0.52,0.42,2026-08-31,0726,N20,nominal,2.0NRT,294.43,2.6,N
30.48494,-91.17986,309.21,0.49,0.49,2026-08-31,0726,N20,nominal,2.0NRT,294.54,3.38,N
30.48251,-91.18237,307.84,0.49,0.49,2026-08-31,0726,N20,nominal,2.0NRT,294.35,2.77,N
30.32228,-91.23692,300.86,0.49,0.49,2026-08-31,0726,N20,nominal,2.0NRT,285.31,0.91,N
30.18639,-90.99088,304.3,0.47,0.48,2026-08-31,0726,N20,nominal,2.0NRT,288.95,1.33,N
30.09332,-90.95064,313.63,0.47,0.48,2026-08-31,0726,N20,nominal,2.0NRT,292.98,2.45,N
30.00187,-90.40417,311.42,0.44,0.46,2026-08-31,0726,N20,nominal,2.0NRT,294.44,2.52,N
30.0014,-90.39963,310.92,0.44,0.46,2026-08-31,0726,N20,nominal,2.0NRT,293.84,2.52,N
29.99669,-90.39571,308.12,0.44,0.46,2026-08-31,0726,N20,nominal,2.0NRT,293.88,2.79,N
30.24407,-93.27635,310.98,0.32,0.55,2026-08-31,0726,N20,nominal,2.0NRT,293.64,2.17,N
30.18182,-93.32841,308.3,0.33,0.55,2026-08-31,0726,N20,nominal,2.0NRT,292.9,2.37,N
30.18153,-93.325,308.55,0.33,0.55,2026-08-31,0726,N20,nominal,2.0NRT,292.7,2.58,N
30.17701,-93.33243,307.35,0.33,0.55,2026-08-31,0726,N20,nominal,2.0NRT,292.61,1.58,N
30.15187,-93.33887,311.38,0.33,0.55,2026-08-31,0726,N20,nominal,2.0NRT,291.47,1.01,N
30.14855,-93.33868,317.47,0.33,0.55,2026-08-31,0726,N20,nominal,2.0NRT,291.74,1.81,N
30.11429,-93.29794,306.73,0.32,0.55,2026-08-31,0726,N20,nominal,2.0NRT,291.16,0.89,N
30.04579,-93.33699,310.82,0.33,0.55,2026-08-31,0726,N20,nominal,2.0NRT,291.86,2.02,N
30.04225,-93.33788,307.43,0.33,0.55,2026-08-31,0726,N20,nominal,2.0NRT,291.63,1.69,N
30.07206,-94.07365,306.53,0.36,0.57,2026-08-31,0726,N20,nominal,2.0NRT,294.72,2.65,N
30.06675,-94.07423,310.27,0.36,0.57,2026-08-31,0726,N20,nominal,2.0NRT,294.65,3.02,N
29.96805,-93.89765,306.99,0.35,0.57,2026-08-31,0726,N20,nominal,2.0NRT,291.56,3.39,N
29.96775,-93.89397,307.01,0.35,0.57,2026-08-31,0726,N20,nominal,2.0NRT,292.47,3.39,N
29.88861,-93.96619,308.62,0.35,0.57,2026-08-31,0726,N20,nominal,2.0NRT,292.32,3.07,N
29.88334,-93.96679,307.09,0.35,0.57,2026-08-31,0726,N20,nominal,2.0NRT,292.55,3.07,N
29.88892,-93.96609,309.41,0.35,0.57,2026-08-31,0726,N20,nominal,2.0NRT,292.78,5.03,N
29.85702,-93.96591,309.32,0.35,0.57,2026-08-31,0726,N20,nominal,2.0NRT,292.58,3.59,N
29.83596,-93.96825,310.16,0.35,0.57,2026-08-31,0726,N20,nominal,2.0NRT,291.63,4.02,N
29.83566,-93.96455,315.8,0.35,0.57,2026-08-31,0726,N20,nominal,2.0NRT,291.49,4.32,N
29.74836,-95.01892,307.17,0.41,0.61,2026-08-31,0726,N20,nominal,2.0NRT,294.91,2.55,N
29.74806,-95.01462,308.39,0.41,0.61,2026-08-31,0726,N20,nominal,2.0NRT,295.54,2.64,N
29.74718,-95.00179,311.11,0.41,0.61,2026-08-31,0726,N20,nominal,2.0NRT,295.56,2.73,N
29.74862,-95.00057,309.78,0.41,0.61,2026-08-31,0726,N20,nominal,2.0NRT,295.49,2.11,N
29.75074,-95.10439,308.19,0.41,0.61,2026-08-31,0726,N20,nominal,2.0NRT,294.42,1.96,N
29.74302,-95.00112,311.85,0.41,0.61,2026-08-31,0726,N20,nominal,2.0NRT,295.95,2.11,N
29.74108,-95.12723,313.44,0.42,0.61,2026-08-31,0726,N20,nominal,2.0NRT,294.15,1.94,N
29.72385,-95.12453,307.79,0.42,0.61,2026-08-31,0726,N20,nominal,2.0NRT,295.24,2.81,N
29.72576,-95.23019,306.44,0.42,0.61,2026-08-31,0726,N20,nominal,2.0NRT,294.73,1.58,N
29.62461,-95.05395,317.36,0.41,0.61,2026-08-31,0726,N20,nominal,2.0NRT,294.25,2.07,N
28.86758,-88.06035,315.12,0.48,0.4,2026-08-31,0726,N20,nominal,2.0NRT,292.65,1.61,N
27.82634,-81.74317,303.97,0.43,0.38,2026-08-31,0726,N20,nominal,2.0NRT,289.85,0.34,N
29.57641,-98.03658,319.05,0.62,0.72,2026-08-31,0726,N20,nominal,2.0NRT,291.52,2.9,N
29.37713,-94.94196,311.19,0.4,0.6,2026-08-31,0726,N20,nominal,2.0NRT,294.62,1.56,N
29.37682,-94.93777,308.98,0.4,0.6,2026-08-31,0726,N20,nominal,2.0NRT,294.97,1.56,N
29.37589,-94.92522,307.98,0.4,0.6,2026-08-31,0726,N20,nominal,2.0NRT,294.62,1.61,N
29.37558,-94.92104,308.91,0.4,0.6,2026-08-31,0726,N20,nominal,2.0NRT,295.62,1.61,N
29.36941,-94.91331,310.68,0.4,0.6,2026-08-31,0726,N20,nominal,2.0NRT,294.34,2.82,N
27.65176,-81.51978,314.71,0.44,0.38,2026-08-31,0726,N20,nominal,2.0NRT,290.74,1.41,N
27.79863,-82.40823,319.1,0.41,0.37,2026-08-31,0726,N20,nominal,2.0NRT,289.93,1.56,N
29.34245,-97.11546,306.12,0.54,0.68,2026-08-31,0726,N20,nominal,2.0NRT,292.96,1.28,N
29.07217,-95.75362,306.44,0.45,0.63,2026-08-31,0726,N20,nominal,2.0NRT,294.82,2.6,N
29.07225,-95.75265,306.94,0.45,0.63,2026-08-31,0726,N20,nominal,2.0NRT,294.64,3.08,N
28.70288,-96.54767,306.74,0.5,0.66,2026-08-31,0726,N20,nominal,2.0NRT,293.96,3.1,N
28.70224,-96.53737,309.11,0.5,0.65,2026-08-31,0726,N20,nominal,2.0NRT,294.09,2.4,N
28.70177,-96.54855,307.53,0.5,0.65,2026-08-31,0726,N20,nominal,2.0NRT,293.95,2.68,N
28.70106,-96.53825,306.28,0.5,0.65,2026-08-31,0726,N20,nominal,2.0NRT,294.1,3.14,N
28.51298,-96.7704,337.93,0.51,0.66,2026-08-31,0726,N20,nominal,2.0NRT,293.38,6.05,N
28.51304,-96.771,333.26,0.51,0.66,2026-08-31,0726,N20,nominal,2.0NRT,293.02,3.47,N
28.51268,-96.76572,308.55,0.51,0.66,2026-08-31,0726,N20,nominal,2.0NRT,293.44,3.47,N
26.41884,-80.77481,306.68,0.49,0.4,2026-08-31,0726,N20,nominal,2.0NRT,289.46,1.09,N
26.41519,-80.77565,327.63,0.49,0.4,2026-08-31,0726,N20,nominal,2.0NRT,291.83,2.72,N
26.41155,-80.77649,305.35,0.49,0.4,2026-08-31,0726,N20,nominal,2.0NRT,289.65,2.72,N
26.28074,-80.15334,313.24,0.52,0.42,2026-08-31,0726,N20,nominal,2.0NRT,290.38,2.04,N
26.28168,-80.15543,313.11,0.52,0.42,2026-08-31,0726,N20,nominal,2.0NRT,290.4,1.68,N
28.06138,-97.43895,306.18,0.56,0.68,2026-08-31,0726,N20,nominal,2.0NRT,290.8,4.03,N
27.89231,-97.27446,306.28,0.54,0.68,2026-08-31,0726,N20,nominal,2.0NRT,290.33,3.53,N
27.8209,-97.2108,308.39,0.53,0.67,2026-08-31,0726,N20,nominal,2.0NRT,290.12,3.75,N
26.12915,-98.3353,309.37,0.61,0.71,2026-08-31,0729,N20,nominal,2.0NRT,289.4,1.86,N
25.67529,-99.4657,305.26,0.71,0.75,2026-08-31,0729,N20,nominal,2.0NRT,290.47,1.02,N
25.58351,-99.94658,306.66,0.76,0.77,2026-08-31,0729,N20,nominal,2.0NRT,290.88,3.49,N
25.5764,-99.94739,315.88,0.76,0.77,2026-08-31,0729,N20,nominal,2.0NRT,290.42,3.33,N
25.57989,-99.94502,333.32,0.75,0.77,2026-08-31,0729,N20,nominal,2.0NRT,290.97,6.12,N
23.14302,-81.71483,313.35,0.49,0.4,2026-08-31,0729,N20,nominal,2.0NRT,293.7,2.16,N
21.90399,-78.09186,309.56,0.55,0.51,2026-08-31,0729,N20,nominal,2.0NRT,292.82,1.48,N
20.48978,-74.97525,314.85,0.47,0.64,2026-08-31,0729,N20,nominal,2.0NRT,293.78,2.72,N
20.48888,-74.97133,303.51,0.47,0.64,2026-08-31,0729,N20,nominal,2.0NRT,293.12,1.68,N
20.47087,-74.97227,323.88,0.47,0.64,2026-08-31,0729,N20,nominal,2.0NRT,293.8,3.01,N
20.46982,-74.96773,331.91,0.47,0.64,2026-08-31,0729,N20,nominal,2.0NRT,293.23,5.73,N
20.47175,-74.97609,308.12,0.47,0.64,2026-08-31,0729,N20,nominal,2.0NRT,291.83,3.01,N
20.46332,-74.9659,320.01,0.47,0.64,2026-08-31,0729,N20,nominal,2.0NRT,293.07,2.07,N
20.46536,-74.97473,313.32,0.47,0.64,2026-08-31,0729,N20,nominal,2.0NRT,292.58,1.87,N
20.46441,-74.97063,311.69,0.47,0.64,2026-08-31,0729,N20,nominal,2.0NRT,292.74,2.07,N
20.49051,-74.97726,306.54,0.47,0.64,2026-08-31,0729,N20,nominal,2.0NRT,292.69,1.87,N
20.4897,-74.97361,310.9,0.47,0.64,2026-08-31,0729,N20,nominal,2.0NRT,293.35,1.87,N
20.47078,-74.97043,327.54,0.47,0.64,2026-08-31,0729,N20,nominal,2.0NRT,293.4,3.53,N
20.46966,-74.96538,320.91,0.47,0.64,2026-08-31,0729,N20,nominal,2.0NRT,293.25,4.69,N
20.47168,-74.97443,319.98,0.47,0.64,2026-08-31,0729,N20,nominal,2.0NRT,292.79,3.53,N
20.46428,-74.96853,324.56,0.47,0.64,2026-08-31,0729,N20,nominal,2.0NRT,292.58,4.25,N
20.46615,-74.97686,305.41,0.47,0.64,2026-08-31,0729,N20,nominal,2.0NRT,292.14,1.54,N
20.46527,-74.97296,312.61,0.47,0.64,2026-08-31,0729,N20,nominal,2.0NRT,292.69,1.54,N
20.42742,-74.93983,302.43,0.47,0.64,2026-08-31,0729,N20,nominal,2.0NRT,292.13,1.26,N
23.50908,-98.94107,303.07,0.63,0.72,2026-08-31,0729,N20,nominal,2.0NRT,289.12,1.81,N
23.5113,-98.9424,303.72,0.62,0.72,2026-08-31,0729,N20,nominal,2.0NRT,289.88,1.61,N
21.0316,-86.95955,305.85,0.39,0.36,2026-08-31,0729,N20,nominal,2.0NRT,294.6,1.54,N
21.02288,-86.99156,310.63,0.39,0.36,2026-08-31,0729,N20,nominal,2.0NRT,294.2,1.62,N
22.26631,-97.81153,352.51,0.51,0.66,2026-08-31,0729,N20,nominal,2.0NRT,294.56,14.6,N
21.019,-86.98842,307.65,0.39,0.36,2026-08-31,0729,N20,nominal,2.0NRT,294.15,0.87,N
21.01569,-86.98901,315.14,0.39,0.36,2026-08-31,0729,N20,nominal,2.0NRT,295.13,1.06,N
21.01237,-86.98958,307.71,0.39,0.36,2026-08-31,0729,N20,nominal,2.0NRT,294.25,1.06,N
22.26653,-97.81263,345.86,0.51,0.66,2026-08-31,0729,N20,nominal,2.0NRT,293.41,14.77,N
22.26609,-97.80759,325.01,0.51,0.66,2026-08-31,0729,N20,nominal,2.0NRT,293.92,11.95,N
17.96109,-77.36694,305.35,0.37,0.58,2026-08-31,0729,N20,nominal,2.0NRT,292.2,0.24,N
20.5191,-97.48375,326.58,0.47,0.64,2026-08-31,0729,N20,nominal,2.0NRT,290,14.33,N
20.51867,-97.47921,350.09,0.47,0.64,2026-08-31,0729,N20,nominal,2.0NRT,291.52,14.33,N
20.51277,-97.47983,302.59,0.47,0.64,2026-08-31,0729,N20,nominal,2.0NRT,289.98,1.28,N
19.60293,-92.29505,331.97,0.42,0.45,2026-08-31,0729,N20,nominal,2.0NRT,294.99,3.42,N
19.56436,-92.18723,309.31,0.41,0.45,2026-08-31,0729,N20,nominal,2.0NRT,293.73,1.01,N
19.5665,-92.23932,326.61,0.42,0.45,2026-08-31,0729,N20,nominal,2.0NRT,294.22,3.64,N
19.56606,-92.18587,312.28,0.41,0.45,2026-08-31,0729,N20,nominal,2.0NRT,293.86,1.05,N
19.56857,-92.23784,332.86,0.42,0.45,2026-08-31,0729,N20,nominal,2.0NRT,294.54,3.12,N
19.52424,-92.18781,317.29,0.41,0.45,2026-08-31,0729,N20,nominal,2.0NRT,294.08,1.26,N
19.44882,-92.08734,339.6,0.41,0.45,2026-08-31,0729,N20,nominal,2.0NRT,295.85,8.07,N
19.44261,-92.03715,339.82,0.4,0.45,2026-08-31,0729,N20,nominal,2.0NRT,295.13,4.66,N
19.43853,-92.03774,350.69,0.4,0.45,2026-08-31,0729,N20,nominal,2.0NRT,294.81,6.71,N
19.43892,-92.03729,345.04,0.4,0.44,2026-08-31,0729,N20,nominal,2.0NRT,294.49,7.58,N
19.42756,-92.07813,315.37,0.41,0.45,2026-08-31,0729,N20,nominal,2.0NRT,294.09,2.19,N
19.42347,-92.07872,316.55,0.41,0.45,2026-08-31,0729,N20,nominal,2.0NRT,294.12,2.19,N
19.39806,-92.04316,341.29,0.4,0.44,2026-08-31,0729,N20,nominal,2.0NRT,294.63,6.59,N
19.39398,-92.04375,337.81,0.4,0.44,2026-08-31,0729,N20,nominal,2.0NRT,294.11,6.59,N
19.39447,-92.04759,318.64,0.4,0.44,2026-08-31,0729,N20,nominal,2.0NRT,290.91,6.59,N
19.3687,-92.0084,349.77,0.4,0.44,2026-08-31,0729,N20,nominal,2.0NRT,287.54,17.9,N
19.36822,-92.00458,304.29,0.4,0.44,2026-08-31,0729,N20,nominal,2.0NRT,283.98,3.59,N
19.33616,-92.40218,318.29,0.42,0.45,2026-08-31,0729,N20,nominal,2.0NRT,283.71,2.7,N
19.29777,-92.16574,310.38,0.41,0.45,2026-08-31,0729,N20,nominal,2.0NRT,279.29,1.05,N
19.29415,-92.17023,308.14,0.41,0.45,2026-08-31,0729,N20,nominal,2.0NRT,280.52,1.05,N
18.43002,-88.41383,299.88,0.4,0.37,2026-08-31,0731,N20,nominal,2.0NRT,276.77,0.54,N
18.64427,-92.17216,351.02,0.4,0.44,2026-08-31,0731,N20,nominal,2.0NRT,292.14,3.57,N
18.64379,-92.16836,308.11,0.4,0.44,2026-08-31,0731,N20,nominal,2.0NRT,291.42,3.57,N
18.03744,-88.25635,298.91,0.4,0.37,2026-08-31,0731,N20,nominal,2.0NRT,264.25,1.29,N
19.17587,-98.32432,303.1,0.52,0.66,2026-08-31,0731,N20,nominal,2.0NRT,276.85,1.67,N
19.17531,-98.32061,297.91,0.51,0.66,2026-08-31,0731,N20,nominal,2.0NRT,280.94,2.21,N
18.83266,-96.40007,303.02,0.38,0.59,2026-08-31,0731,N20,nominal,2.0NRT,289.57,0.44,N
18.39583,-92.82741,311.46,0.44,0.46,2026-08-31,0731,N20,nominal,2.0NRT,290.99,1.5,N
18.39159,-92.828,330.6,0.44,0.46,2026-08-31,0731,N20,nominal,2.0NRT,291.19,1.5,N
18.38451,-92.87553,309.38,0.44,0.46,2026-08-31,0731,N20,nominal,2.0NRT,290.81,0.75,N
18.33603,-92.86269,367,0.44,0.46,2026-08-31,0731,N20,high,2.0NRT,292.07,11.75,N
18.33549,-92.85854,339.58,0.44,0.46,2026-08-31,0731,N20,nominal,2.0NRT,291.31,3.92,N
18.33496,-92.85439,316.78,0.44,0.46,2026-08-31,0731,N20,nominal,2.0NRT,290.66,3.92,N
18.47711,-94.03264,322.8,0.52,0.5,2026-08-31,0731,N20,nominal,2.0NRT,286.41,4.86,N
18.1991,-92.73486,313.83,0.43,0.46,2026-08-31,0731,N20,nominal,2.0NRT,279.55,1.15,N
18.27753,-93.46478,314.96,0.48,0.48,2026-08-31,0731,N20,nominal,2.0NRT,288.93,1.57,N
18.27697,-93.46024,306.79,0.48,0.48,2026-08-31,0731,N20,nominal,2.0NRT,289.52,1.57,N
18.50805,-96.14834,330.86,0.36,0.57,2026-08-31,0731,N20,nominal,2.0NRT,289.81,10.49,N
18.50767,-96.1449,367,0.36,0.57,2026-08-31,0731,N20,high,2.0NRT,293.26,14.1,N
18.5073,-96.14148,321.13,0.36,0.57,2026-08-31,0731,N20,nominal,2.0NRT,291.58,14.1,N
18.50466,-96.11755,306.13,0.36,0.57,2026-08-31,0731,N20,nominal,2.0NRT,289.75,0.5,N
18.49937,-96.1182,311.85,0.36,0.57,2026-08-31,0731,N20,nominal,2.0NRT,289.58,0.74,N
18.22304,-93.89707,303.64,0.51,0.49,2026-08-31,0731,N20,nominal,2.0NRT,288.22,1.02,N
18.20392,-94.00835,307.42,0.52,0.5,2026-08-31,0731,N20,nominal,2.0NRT,288.25,0.59,N
18.07452,-93.04585,299.19,0.45,0.47,2026-08-31,0731,N20,nominal,2.0NRT,281.28,0.7,N
18.06839,-93.10287,318.84,0.45,0.47,2026-08-31,0731,N20,nominal,2.0NRT,289.24,1.2,N
18.06997,-93.10145,310.04,0.45,0.47,2026-08-31,0731,N20,nominal,2.0NRT,289.13,1.95,N
18.06887,-93.09294,312.84,0.45,0.47,2026-08-31,0731,N20,nominal,2.0NRT,289.08,1.82,N
18.0436,-93.06625,334,0.45,0.47,2026-08-31,0731,N20,nominal,2.0NRT,286.25,3.14,N
18.06613,-93.31311,317.77,0.46,0.47,2026-08-31,0731,N20,nominal,2.0NRT,285.85,1.39,N
18.00719,-93.05414,298.86,0.45,0.47,2026-08-31,0731,N20,nominal,2.0NRT,277.21,0.51,N
18.00286,-93.08921,321.7,0.45,0.47,2026-08-31,0731,N20,nominal,2.0NRT,285.91,2.97,N
18.09238,-94.05087,313.23,0.52,0.5,2026-08-31,0731,N20,nominal,2.0NRT,283.19,1.74,N
18.0918,-94.04593,311.56,0.52,0.5,2026-08-31,0731,N20,nominal,2.0NRT,283.67,1.74,N
17.89807,-92.49307,339.76,0.41,0.45,2026-08-31,0731,N20,nominal,2.0NRT,272.12,4.81,N
17.89758,-92.4892,338.27,0.41,0.45,2026-08-31,0731,N20,nominal,2.0NRT,272.9,4.81,N
17.89395,-92.49365,304.16,0.41,0.45,2026-08-31,0731,N20,nominal,2.0NRT,268.62,4.81,N
17.89346,-92.48978,305.73,0.41,0.45,2026-08-31,0731,N20,nominal,2.0NRT,270.28,4.81,N
18.00754,-93.45206,343.11,0.47,0.48,2026-08-31,0731,N20,nominal,2.0NRT,286,8.8,N
18.10363,-94.35071,329.61,0.54,0.51,2026-08-31,0731,N20,nominal,2.0NRT,289.21,4.13,N
17.88109,-92.49152,333.1,0.41,0.45,2026-08-31,0731,N20,nominal,2.0NRT,266.72,1.47,N
18.10896,-94.39746,309.89,0.55,0.51,2026-08-31,0731,N20,nominal,2.0NRT,289.59,3.84,N
18.10304,-94.34554,306,0.54,0.51,2026-08-31,0731,N20,nominal,2.0NRT,289.44,2.69,N
17.88061,-92.48763,297.4,0.41,0.45,2026-08-31,0731,N20,nominal,2.0NRT,265.71,1.6,N
17.87697,-92.49212,297.78,0.41,0.45,2026-08-31,0731,N20,nominal,2.0NRT,262.7,1.47,N
18.00784,-93.45428,338.41,0.47,0.48,2026-08-31,0731,N20,nominal,2.0NRT,284.15,6.01,N
18.00727,-93.4498,331.64,0.47,0.48,2026-08-31,0731,N20,nominal,2.0NRT,285.99,6.54,N
17.87833,-92.49091,334.64,0.41,0.45,2026-08-31,0731,N20,nominal,2.0NRT,262.21,3.26,N
18.10072,-94.34737,311.49,0.54,0.51,2026-08-31,0731,N20,nominal,2.0NRT,285.39,1.23,N
18.03528,-93.92709,303.33,0.51,0.49,2026-08-31,0731,N20,nominal,2.0NRT,287.14,0.55,N
18.03469,-93.92229,300.71,0.51,0.49,2026-08-31,0731,N20,nominal,2.0NRT,284.41,0.55,N
17.90721,-93.18311,300.08,0.45,0.47,2026-08-31,0731,N20,nominal,2.0NRT,260.05,1.83,N
17.90343,-93.188,324.16,0.45,0.47,2026-08-31,0731,N20,nominal,2.0NRT,262.19,12.37,N
17.90289,-93.18372,347.65,0.45,0.47,2026-08-31,0731,N20,nominal,2.0NRT,263.68,12.37,N
17.90236,-93.17944,330.47,0.45,0.47,2026-08-31,0731,N20,nominal,2.0NRT,259.56,5.45,N
17.90395,-93.19225,296.2,0.45,0.47,2026-08-31,0731,N20,nominal,2.0NRT,264.57,0.69,N
17.89858,-93.18431,334.89,0.45,0.47,2026-08-31,0731,N20,nominal,2.0NRT,262.41,12.37,N
17.89964,-93.19286,296.74,0.45,0.47,2026-08-31,0731,N20,nominal,2.0NRT,264.02,0.69,N
17.89911,-93.18858,312.17,0.45,0.47,2026-08-31,0731,N20,nominal,2.0NRT,262.81,12.37,N
17.89805,-93.18005,312.4,0.45,0.47,2026-08-31,0731,N20,nominal,2.0NRT,261.36,5.45,N
17.8948,-93.18919,323.68,0.45,0.47,2026-08-31,0731,N20,nominal,2.0NRT,263.93,2.88,N
17.89427,-93.18492,336.49,0.45,0.47,2026-08-31,0731,N20,nominal,2.0NRT,263.99,2.88,N
17.89101,-93.19405,320.84,0.45,0.47,2026-08-31,0731,N20,nominal,2.0NRT,263.57,3.8,N
17.89048,-93.18978,297.04,0.45,0.47,2026-08-31,0731,N20,nominal,2.0NRT,264.71,2.88,N
17.84926,-92.89264,305.33,0.43,0.46,2026-08-31,0731,N20,nominal,2.0NRT,265.1,1.3,N
17.8462,-92.8681,309.23,0.43,0.46,2026-08-31,0731,N20,nominal,2.0NRT,270.65,1.89,N
17.94024,-93.67174,323.49,0.49,0.48,2026-08-31,0731,N20,nominal,2.0NRT,285.73,2.88,N
17.94079,-93.67636,312.32,0.49,0.48,2026-08-31,0731,N20,nominal,2.0NRT,284.28,2.36,N
17.91325,-93.52219,320.43,0.48,0.48,2026-08-31,0731,N20,nominal,2.0NRT,285.76,2.45,N
17.92636,-93.63147,319.49,0.49,0.48,2026-08-31,0731,N20,nominal,2.0NRT,288.48,3.21,N
17.84666,-93.11778,321.31,0.45,0.47,2026-08-31,0731,N20,nominal,2.0NRT,256.93,1.91,N
17.84717,-93.12202,299.05,0.45,0.47,2026-08-31,0731,N20,nominal,2.0NRT,256.61,1.61,N
17.84615,-93.11355,305.5,0.45,0.47,2026-08-31,0731,N20,nominal,2.0NRT,255.52,1.91,N
17.84791,-93.11539,296.14,0.45,0.47,2026-08-31,0731,N20,nominal,2.0NRT,256.17,4.5,N
17.84416,-93.12019,337.16,0.45,0.47,2026-08-31,0731,N20,nominal,2.0NRT,256.93,3.92,N
17.84362,-93.11597,347.13,0.45,0.47,2026-08-31,0731,N20,nominal,2.0NRT,258.54,4.5,N
17.84471,-93.12443,306.84,0.45,0.47,2026-08-31,0731,N20,nominal,2.0NRT,257.4,3.92,N
17.84307,-93.11175,301.54,0.45,0.47,2026-08-31,0731,N20,nominal,2.0NRT,255.99,4.5,N
17.83987,-93.12076,341.73,0.45,0.47,2026-08-31,0731,N20,nominal,2.0NRT,258.32,4.65,N
17.83932,-93.11654,338.56,0.45,0.47,2026-08-31,0731,N20,nominal,2.0NRT,257.97,3.86,N
17.84041,-93.125,296.93,0.45,0.47,2026-08-31,0731,N20,nominal,2.0NRT,258.24,4.65,N
17.83878,-93.11233,295.95,0.45,0.47,2026-08-31,0731,N20,nominal,2.0NRT,257.05,3.86,N
18.01052,-94.56709,309.45,0.56,0.51,2026-08-31,0731,N20,nominal,2.0NRT,289.7,1.37,N
17.98718,-94.53271,339.52,0.56,0.51,2026-08-31,0731,N20,nominal,2.0NRT,290.64,8.95,N
17.98656,-94.52747,329.48,0.56,0.51,2026-08-31,0731,N20,nominal,2.0NRT,290.94,8.95,N
17.98247,-94.53339,312.69,0.56,0.51,2026-08-31,0731,N20,nominal,2.0NRT,290.68,8.95,N
17.98184,-94.52814,313.48,0.56,0.51,2026-08-31,0731,N20,nominal,2.0NRT,290.59,8.95,N
17.97713,-94.52882,337.11,0.56,0.51,2026-08-31,0731,N20,nominal,2.0NRT,290.92,6.94,N
17.97178,-94.52422,320.12,0.56,0.51,2026-08-31,0731,N20,nominal,2.0NRT,290.45,4.1,N
17.97116,-94.51897,317.03,0.55,0.51,2026-08-31,0731,N20,nominal,2.0NRT,290.07,4.1,N
17.79215,-93.12312,299.48,0.45,0.47,2026-08-31,0731,N20,nominal,2.0NRT,260.86,1.45,N
17.75803,-92.92033,322.52,0.44,0.46,2026-08-31,0731,N20,nominal,2.0NRT,257.44,1.49,N
17.75751,-92.91624,295.83,0.43,0.46,2026-08-31,0731,N20,nominal,2.0NRT,256.64,1.38,N
17.75277,-92.91273,308.31,0.43,0.46,2026-08-31,0731,N20,nominal,2.0NRT,259.07,1.62,N
17.73799,-93.81181,298.78,0.5,0.49,2026-08-31,0731,N20,nominal,2.0NRT,262.39,2.17,N
17.85344,-95.52538,303.09,0.32,0.55,2026-08-31,0731,N20,nominal,2.0NRT,288.78,0.22,N
17.84839,-95.52593,302.05,0.32,0.55,2026-08-31,0731,N20,nominal,2.0NRT,288.56,0.4,N
45.72744,-114.64124,323.66,0.56,0.52,2026-08-31,0905,N20,nominal,2.0NRT,276.36,3.79,N
49.95226,-98.26431,299.38,0.44,0.38,2026-08-31,0902,N20,nominal,2.0NRT,282.15,0.6,N
48.76603,-103.28054,302.32,0.38,0.36,2026-08-31,0902,N20,nominal,2.0NRT,283.51,0.3,N
48.66421,-103.42001,295.86,0.38,0.36,2026-08-31,0902,N20,nominal,2.0NRT,283.96,0.3,N
48.63375,-103.31154,309.97,0.38,0.36,2026-08-31,0902,N20,nominal,2.0NRT,283.94,0.76,N
48.47531,-102.46586,301.91,0.38,0.36,2026-08-31,0902,N20,nominal,2.0NRT,283.64,0.7,N
48.58984,-103.40476,299.18,0.38,0.36,2026-08-31,0902,N20,nominal,2.0NRT,282.36,0.42,N
48.58905,-103.39964,296.5,0.38,0.36,2026-08-31,0902,N20,nominal,2.0NRT,282.89,0.42,N
48.57294,-103.36201,310.47,0.38,0.36,2026-08-31,0902,N20,nominal,2.0NRT,282.89,0.54,N
48.40306,-103.54908,301.47,0.39,0.36,2026-08-31,0902,N20,nominal,2.0NRT,281.54,0.56,N
48.282,-102.80106,308.32,0.38,0.36,2026-08-31,0902,N20,nominal,2.0NRT,283.41,0.78,N
48.09727,-102.91192,305.61,0.38,0.36,2026-08-31,0902,N20,nominal,2.0NRT,284.72,0.83,N
48.23528,-103.95389,304.07,0.39,0.36,2026-08-31,0902,N20,nominal,2.0NRT,281.63,0.85,N
47.98222,-103.116,303.24,0.38,0.36,2026-08-31,0902,N20,nominal,2.0NRT,283.28,0.58,N
47.9343,-103.11687,295.57,0.38,0.36,2026-08-31,0902,N20,nominal,2.0NRT,282.81,0.32,N
47.98365,-103.45182,296.59,0.38,0.36,2026-08-31,0902,N20,nominal,2.0NRT,283.67,0.29,N
47.9623,-103.5574,299.92,0.38,0.36,2026-08-31,0902,N20,nominal,2.0NRT,283.36,0.31,N
48.02356,-104.00194,296.09,0.39,0.36,2026-08-31,0902,N20,nominal,2.0NRT,282.41,0.42,N
47.87544,-103.54989,295.88,0.38,0.36,2026-08-31,0902,N20,nominal,2.0NRT,283.18,0.37,N
47.73164,-103.79411,307.21,0.38,0.36,2026-08-31,0902,N20,nominal,2.0NRT,282.78,0.65,N
47.35656,-101.83794,303.1,0.39,0.36,2026-08-31,0902,N20,nominal,2.0NRT,286.55,0.9,N
47.55202,-103.08791,297.45,0.38,0.36,2026-08-31,0902,N20,nominal,2.0NRT,281.68,0.38,N
48.8866,-122.74464,297.38,0.71,0.75,2026-08-31,0902,N20,nominal,2.0NRT,280.77,1.9,N
47.47246,-103.2132,318.13,0.38,0.36,2026-08-31,0902,N20,nominal,2.0NRT,285.03,1.81,N
47.45874,-103.17039,313.07,0.38,0.36,2026-08-31,0902,N20,nominal,2.0NRT,284.64,1.1,N
48.79287,-121.1524,303.63,0.6,0.71,2026-08-31,0902,N20,nominal,2.0NRT,278.34,1.84,N
47.52066,-106.73655,314.47,0.42,0.38,2026-08-31,0902,N20,nominal,2.0NRT,281.77,1.59,N
48.36674,-120.81909,302.1,0.58,0.7,2026-08-31,0902,N20,nominal,2.0NRT,280.74,1.81,N
48.35382,-120.84154,309.53,0.58,0.7,2026-08-31,0902,N20,nominal,2.0NRT,280.48,2.7,N
48.35382,-120.83656,305.85,0.58,0.7,2026-08-31,0902,N20,nominal,2.0NRT,279.37,2.7,N
48.35396,-120.84428,297.77,0.58,0.7,2026-08-31,0902,N20,nominal,2.0NRT,279.04,3.17,N
48.35394,-120.83978,317.32,0.58,0.7,2026-08-31,0902,N20,nominal,2.0NRT,280.94,3.17,N
47.84729,-120.35444,367,0.55,0.68,2026-08-31,0902,N20,high,2.0NRT,281.83,10.91,N
47.55354,-115.90005,335.45,0.34,0.56,2026-08-31,0902,N20,nominal,2.0NRT,280.99,1.99,N
47.55398,-115.90924,297.79,0.34,0.56,2026-08-31,0902,N20,nominal,2.0NRT,280.58,1.35,N
47.55331,-115.89524,298.71,0.34,0.56,2026-08-31,0902,N20,nominal,2.0NRT,278.92,1.99,N
47.45493,-121.23373,301.92,0.6,0.71,2026-08-31,0902,N20,nominal,2.0NRT,280.44,1.68,N
47.45472,-121.05822,297.87,0.59,0.7,2026-08-31,0902,N20,nominal,2.0NRT,280.38,1.6,N
45.81364,-108.43404,298.09,0.46,0.39,2026-08-31,0902,N20,nominal,2.0NRT,284.84,1.07,N
46.29294,-115.02676,319.23,0.6,0.53,2026-08-31,0902,N20,nominal,2.0NRT,279.6,5.37,N
46.29249,-115.01878,303.04,0.6,0.53,2026-08-31,0902,N20,nominal,2.0NRT,279.86,3.62,N
46.28767,-115.02048,321.16,0.6,0.53,2026-08-31,0902,N20,nominal,2.0NRT,278.35,3.62,N
46.28719,-115.01202,312.51,0.6,0.53,2026-08-31,0902,N20,nominal,2.0NRT,280.02,3.62,N
46.27852,-115.03305,320.59,0.6,0.53,2026-08-31,0902,N20,nominal,2.0NRT,280.4,3.6,N
46.27905,-115.04264,302.52,0.6,0.53,2026-08-31,0902,N20,nominal,2.0NRT,279.13,3.6,N
46.29543,-115.02403,313.15,0.6,0.53,2026-08-31,0902,N20,nominal,2.0NRT,278.38,2.7,N
46.29064,-115.02597,304.98,0.6,0.53,2026-08-31,0902,N20,nominal,2.0NRT,278.2,2.7,N
46.29013,-115.01781,317.64,0.6,0.53,2026-08-31,0902,N20,nominal,2.0NRT,280.84,2.7,N
46.28961,-115.0094,298.35,0.6,0.53,2026-08-31,0902,N20,nominal,2.0NRT,278.37,2.03,N
46.28531,-115.01926,322.41,0.6,0.53,2026-08-31,0902,N20,nominal,2.0NRT,278.68,3.85,N
46.28103,-115.02977,321.16,0.6,0.53,2026-08-31,0902,N20,nominal,2.0NRT,280.48,3.85,N
46.28163,-115.03951,303.05,0.6,0.53,2026-08-31,0902,N20,nominal,2.0NRT,279.84,3.62,N
46.16192,-113.93494,322.83,0.53,0.5,2026-08-31,0902,N20,nominal,2.0NRT,279.6,3.35,N
46.1614,-113.92738,308.07,0.53,0.5,2026-08-31,0902,N20,nominal,2.0NRT,280.27,2.5,N
46.16032,-113.91167,307.38,0.53,0.5,2026-08-31,0902,N20,nominal,2.0NRT,279.65,1.61,N
46.15985,-113.90492,299.82,0.53,0.5,2026-08-31,0902,N20,nominal,2.0NRT,279.18,1.61,N
46.1323,-113.91036,295.54,0.53,0.5,2026-08-31,0902,N20,nominal,2.0NRT,277.8,1.74,N
46.1086,-114.81995,309.58,0.58,0.52,2026-08-31,0905,N20,nominal,2.0NRT,280.04,3.76,N
46.09347,-115.06091,300.46,0.6,0.53,2026-08-31,0905,N20,nominal,2.0NRT,280.73,3.13,N
46.08848,-115.05956,336.71,0.6,0.53,2026-08-31,0905,N20,nominal,2.0NRT,282.68,3.13,N
46.09483,-115.17144,296.75,0.6,0.53,2026-08-31,0905,N20,nominal,2.0NRT,281.19,2.14,N
46.08892,-115.06741,303.45,0.6,0.53,2026-08-31,0905,N20,nominal,2.0NRT,281.33,4.23,N
46.09042,-115.18108,300.44,0.6,0.53,2026-08-31,0905,N20,nominal,2.0NRT,281.85,2.41,N
46.08392,-115.06593,311.2,0.6,0.53,2026-08-31,0905,N20,nominal,2.0NRT,281.8,2.78,N
46.08659,-115.06483,314.66,0.6,0.53,2026-08-31,0905,N20,nominal,2.0NRT,281.8,3.04,N
46.08879,-115.18054,303.47,0.6,0.53,2026-08-31,0905,N20,nominal,2.0NRT,281.38,1.4,N
45.98199,-117.97169,298.1,0.41,0.61,2026-08-31,0905,N20,nominal,2.0NRT,281.97,0.81,N
41.48336,-90.82711,298.41,0.48,0.65,2026-08-31,0905,N20,nominal,2.0NRT,276.21,0.94,N
45.72721,-114.64114,323.77,0.56,0.52,2026-08-31,0905,N20,nominal,2.0NRT,276.1,3.35,N
44.9944,-108.62453,295.99,0.46,0.39,2026-08-31,0905,N20,nominal,2.0NRT,279.92,0.5,N
44.11747,-103.28163,305.62,0.39,0.36,2026-08-31,0905,N20,nominal,2.0NRT,285.45,1.3,N
45.60354,-118.2469,302.58,0.42,0.61,2026-08-31,0905,N20,nominal,2.0NRT,281.24,1.43,N
45.60337,-118.24134,296.93,0.42,0.61,2026-08-31,0905,N20,nominal,2.0NRT,281.7,1.43,N
45.60321,-118.23609,298.45,0.42,0.61,2026-08-31,0905,N20,nominal,2.0NRT,281.55,1.59,N
45.59717,-118.22489,322.86,0.42,0.61,2026-08-31,0905,N20,nominal,2.0NRT,283.26,3.17,N
45.59748,-118.23481,314.19,0.42,0.61,2026-08-31,0905,N20,nominal,2.0NRT,282.25,1.59,N
45.59732,-118.22995,303.23,0.42,0.61,2026-08-31,0905,N20,nominal,2.0NRT,281.02,1.59,N
45.59064,-118.19768,367,0.42,0.61,2026-08-31,0905,N20,high,2.0NRT,282.57,16.8,N
45.59048,-118.19238,367,0.42,0.61,2026-08-31,0905,N20,high,2.0NRT,290.61,12.19,N
45.59031,-118.18717,336.47,0.42,0.61,2026-08-31,0905,N20,nominal,2.0NRT,287.49,12.19,N
45.6012,-118.2356,323.53,0.42,0.61,2026-08-31,0905,N20,nominal,2.0NRT,283.59,1.94,N
45.60161,-118.24665,299.01,0.42,0.61,2026-08-31,0905,N20,nominal,2.0NRT,281.26,1,N
45.6014,-118.24091,296.98,0.42,0.61,2026-08-31,0905,N20,nominal,2.0NRT,282.05,1.94,N
45.60083,-118.22522,300.34,0.42,0.61,2026-08-31,0905,N20,nominal,2.0NRT,280.92,2.38,N
45.59513,-118.22488,320.12,0.42,0.61,2026-08-31,0905,N20,nominal,2.0NRT,281.19,2.38,N
45.59414,-118.19757,331.01,0.42,0.61,2026-08-31,0905,N20,nominal,2.0NRT,280.93,2.86,N
45.59395,-118.19228,309.79,0.42,0.61,2026-08-31,0905,N20,nominal,2.0NRT,282.09,2.86,N
45.59376,-118.18704,298.75,0.42,0.61,2026-08-31,0905,N20,nominal,2.0NRT,281.93,1.46,N
45.58847,-118.19788,336.05,0.42,0.61,2026-08-31,0905,N20,nominal,2.0NRT,279.39,9.97,N
45.58828,-118.1925,367,0.42,0.61,2026-08-31,0905,N20,high,2.0NRT,286.86,9.97,N
45.58809,-118.18731,338.65,0.42,0.61,2026-08-31,0905,N20,nominal,2.0NRT,285.81,10.69,N
45.12705,-122.08835,299.09,0.65,0.73,2026-08-31,0905,N20,nominal,2.0NRT,282.16,1.34,N
45.0574,-122.05339,321.16,0.64,0.72,2026-08-31,0905,N20,nominal,2.0NRT,282.87,4.17,N
45.05066,-122.06129,304.76,0.65,0.73,2026-08-31,0905,N20,nominal,2.0NRT,282,2.13,N
45.05066,-122.05287,306.25,0.64,0.72,2026-08-31,0905,N20,nominal,2.0NRT,283.2,2.13,N
45.04391,-122.06112,308.68,0.65,0.73,2026-08-31,0905,N20,nominal,2.0NRT,282.83,2.13,N
45.04392,-122.05168,310.45,0.64,0.72,2026-08-31,0905,N20,nominal,2.0NRT,283.68,2.13,N
45.03717,-122.06075,304.05,0.65,0.73,2026-08-31,0905,N20,nominal,2.0NRT,281.81,1.46,N
45.03718,-122.05007,299.26,0.64,0.72,2026-08-31,0905,N20,nominal,2.0NRT,282.49,1.46,N
45.03043,-122.06116,303.65,0.65,0.73,2026-08-31,0905,N20,nominal,2.0NRT,282.58,1.46,N
43.6361,-104.55432,306.12,0.38,0.36,2026-08-31,0905,N20,nominal,2.0NRT,284.46,0.46,N
45.05536,-122.05861,305.42,0.64,0.72,2026-08-31,0905,N20,nominal,2.0NRT,281.85,3.94,N
45.05532,-122.05016,312.04,0.64,0.72,2026-08-31,0905,N20,nominal,2.0NRT,283.11,3.88,N
45.04861,-122.05831,315.74,0.64,0.72,2026-08-31,0905,N20,nominal,2.0NRT,283.4,3.94,N
45.04858,-122.04936,310.26,0.64,0.72,2026-08-31,0905,N20,nominal,2.0NRT,283.57,3.88,N
45.04187,-122.0574,309.34,0.64,0.72,2026-08-31,0905,N20,nominal,2.0NRT,282.98,2.02,N
45.04182,-122.04769,304.42,0.64,0.72,2026-08-31,0905,N20,nominal,2.0NRT,283.32,3.46,N
45.03513,-122.05698,303.29,0.64,0.72,2026-08-31,0905,N20,nominal,2.0NRT,282.07,2.02,N
45.02839,-122.05778,300.19,0.64,0.72,2026-08-31,0905,N20,nominal,2.0NRT,282.48,2.24,N
44.8535,-118.21481,296.97,0.42,0.61,2026-08-31,0905,N20,nominal,2.0NRT,279.7,0.98,N
44.83889,-118.20471,295.89,0.42,0.61,2026-08-31,0905,N20,nominal,2.0NRT,280.56,0.6,N
44.83346,-118.21066,303.51,0.42,0.61,2026-08-31,0905,N20,nominal,2.0NRT,283.58,2.5,N
44.8333,-118.20633,306.53,0.42,0.61,2026-08-31,0905,N20,nominal,2.0NRT,283.42,1.53,N
44.83311,-118.20132,297.83,0.42,0.61,2026-08-31,0905,N20,nominal,2.0NRT,282.54,1.53,N
44.82844,-118.22794,296.9,0.42,0.61,2026-08-31,0905,N20,nominal,2.0NRT,280.76,0.86,N
44.82825,-118.22305,300.85,0.42,0.61,2026-08-31,0905,N20,nominal,2.0NRT,281.82,0.86,N
44.82789,-118.21313,314.92,0.42,0.61,2026-08-31,0905,N20,nominal,2.0NRT,283.88,2.5,N
44.82771,-118.20828,306.25,0.42,0.61,2026-08-31,0905,N20,nominal,2.0NRT,283.59,1.53,N
44.82753,-118.20336,304.42,0.42,0.61,2026-08-31,0905,N20,nominal,2.0NRT,284.38,1.53,N
44.82322,-118.24012,308.08,0.42,0.61,2026-08-31,0905,N20,nominal,2.0NRT,280.87,1.29,N
44.82302,-118.23471,297.32,0.42,0.61,2026-08-31,0905,N20,nominal,2.0NRT,282,1.29,N
44.82281,-118.22903,304.21,0.42,0.61,2026-08-31,0905,N20,nominal,2.0NRT,283.4,1.59,N
44.82262,-118.22385,304.55,0.42,0.61,2026-08-31,0905,N20,nominal,2.0NRT,283.97,1.59,N
44.82245,-118.21924,302.76,0.42,0.61,2026-08-31,0905,N20,nominal,2.0NRT,282.81,1.57,N
44.82213,-118.21044,298.89,0.42,0.61,2026-08-31,0905,N20,nominal,2.0NRT,281.58,1.11,N
44.81908,-118.28243,299.15,0.42,0.61,2026-08-31,0905,N20,nominal,2.0NRT,281.88,1.58,N
44.81757,-118.24068,298.4,0.42,0.61,2026-08-31,0905,N20,nominal,2.0NRT,281.06,1.29,N
44.81704,-118.22597,304.37,0.42,0.61,2026-08-31,0905,N20,nominal,2.0NRT,281.99,1.59,N
44.81686,-118.22116,301.18,0.42,0.61,2026-08-31,0905,N20,nominal,2.0NRT,281.63,1.57,N
44.81329,-118.27956,307.26,0.42,0.61,2026-08-31,0905,N20,nominal,2.0NRT,285.2,1.8,N
44.8131,-118.27414,298.64,0.42,0.61,2026-08-31,0905,N20,nominal,2.0NRT,284.47,1.62,N
44.81252,-118.25792,306.21,0.42,0.61,2026-08-31,0905,N20,nominal,2.0NRT,283.14,2.96,N
44.80714,-118.2663,328.5,0.42,0.61,2026-08-31,0905,N20,nominal,2.0NRT,284.7,2.96,N
44.80767,-118.281,298.55,0.42,0.61,2026-08-31,0905,N20,nominal,2.0NRT,281.85,1.8,N
44.8075,-118.27618,297.49,0.42,0.61,2026-08-31,0905,N20,nominal,2.0NRT,280.89,1.62,N
44.80732,-118.27127,305.15,0.42,0.61,2026-08-31,0905,N20,nominal,2.0NRT,281.54,1.62,N
44.54239,-117.42277,300.15,0.38,0.59,2026-08-31,0905,N20,nominal,2.0NRT,281.79,0.63,N
43.27126,-105.78644,296.76,0.39,0.36,2026-08-31,0905,N20,nominal,2.0NRT,284.1,0.37,N
43.24249,-105.687,301.32,0.39,0.36,2026-08-31,0905,N20,nominal,2.0NRT,284.8,0.64,N
43.83553,-115.59309,310.69,0.6,0.53,2026-08-31,0905,N20,nominal,2.0NRT,279.21,2.96,N
43.83112,-115.60181,304.4,0.6,0.53,2026-08-31,0905,N20,nominal,2.0NRT,278.32,2.21,N
43.82241,-115.62133,339.25,0.61,0.53,2026-08-31,0905,N20,nominal,2.0NRT,282,5.84,N
43.82196,-115.61395,303.65,0.6,0.53,2026-08-31,0905,N20,nominal,2.0NRT,279.35,3.57,N
43.81711,-115.61568,323.39,0.6,0.53,2026-08-31,0905,N20,nominal,2.0NRT,280.79,3.57,N
43.81757,-115.62315,310.78,0.61,0.53,2026-08-31,0905,N20,nominal,2.0NRT,279.53,5.84,N
43.81272,-115.62483,305.59,0.61,0.53,2026-08-31,0905,N20,nominal,2.0NRT,277.2,2.31,N
43.81226,-115.61741,310.96,0.6,0.53,2026-08-31,0905,N20,nominal,2.0NRT,280.11,3.62,N
38.83513,-90.06252,300.62,0.63,0.72,2026-08-31,0905,N20,nominal,2.0NRT,288.47,1.71,N
38.69634,-90.14338,301.87,0.63,0.72,2026-08-31,0905,N20,nominal,2.0NRT,284.26,2.03,N
38.69421,-90.13662,307.38,0.63,0.72,2026-08-31,0905,N20,nominal,2.0NRT,284.34,2.03,N
38.69207,-90.12987,297.88,0.63,0.72,2026-08-31,0905,N20,nominal,2.0NRT,282.79,1.8,N
43.14678,-115.66991,295.7,0.6,0.53,2026-08-31,0905,N20,nominal,2.0NRT,279.25,0.91,N
43.14946,-115.66612,297.59,0.6,0.53,2026-08-31,0905,N20,nominal,2.0NRT,278.03,0.89,N
42.68921,-111.58908,311,0.56,0.43,2026-08-31,0905,N20,nominal,2.0NRT,280.68,2.26,N
42.68528,-111.58987,331,0.56,0.43,2026-08-31,0905,N20,nominal,2.0NRT,288.38,31.98,N
42.68599,-111.59679,296.84,0.56,0.43,2026-08-31,0905,N20,nominal,2.0NRT,276.73,31.98,N
33.10291,-98.31154,307.5,0.32,0.55,2026-08-31,0905,N20,nominal,2.0NRT,295.04,0.94,N
38.1124,-90.25729,295.59,0.64,0.72,2026-08-31,0905,N20,nominal,2.0NRT,280.03,1.86,N
33.10207,-98.30812,309.42,0.32,0.55,2026-08-31,0905,N20,nominal,2.0NRT,295.1,0.94,N
38.10795,-90.26119,298.61,0.65,0.73,2026-08-31,0905,N20,nominal,2.0NRT,281.22,1.41,N
37.97094,-90.08025,307.95,0.66,0.73,2026-08-31,0905,N20,nominal,2.0NRT,289.81,2.62,N
37.96729,-90.0812,309.38,0.67,0.73,2026-08-31,0905,N20,nominal,2.0NRT,289.65,2.03,N
36.29073,-121.7844,320.51,0.56,0.69,2026-08-31,0905,N20,nominal,2.0NRT,288.28,2.45,N
41.7803,-107.10828,299.84,0.39,0.37,2026-08-31,0905,N20,nominal,2.0NRT,286.56,0.78,N
41.26893,-105.60346,312.11,0.38,0.36,2026-08-31,0905,N20,nominal,2.0NRT,285.46,1.61,N
36.29092,-121.79015,307.09,0.56,0.69,2026-08-31,0905,N20,nominal,2.0NRT,285.89,3.09,N
41.58463,-117.66065,295.42,0.37,0.58,2026-08-31,0905,N20,nominal,2.0NRT,280.75,1.11,N
36.29053,-121.77827,297.36,0.56,0.69,2026-08-31,0905,N20,nominal,2.0NRT,285.71,2.45,N
41.57041,-117.70063,298.4,0.37,0.58,2026-08-31,0905,N20,nominal,2.0NRT,281.99,0.72,N
36.29032,-121.7717,314.06,0.56,0.69,2026-08-31,0905,N20,nominal,2.0NRT,285.66,2.22,N
36.28897,-121.78316,328.41,0.56,0.69,2026-08-31,0905,N20,nominal,2.0NRT,289.82,3.89,N
41.56783,-117.70218,299.93,0.37,0.58,2026-08-31,0905,N20,nominal,2.0NRT,281.35,0.49,N
36.2892,-121.78927,310.26,0.56,0.69,2026-08-31,0905,N20,nominal,2.0NRT,285.66,3.89,N
40.82453,-114.25898,298.18,0.48,0.48,2026-08-31,0905,N20,nominal,2.0NRT,284.66,1.27,N
36.28851,-121.7711,313.84,0.56,0.69,2026-08-31,0905,N20,nominal,2.0NRT,285.77,4.23,N
40.82411,-114.25382,298.03,0.48,0.48,2026-08-31,0905,N20,nominal,2.0NRT,285.67,1.27,N
40.82068,-114.25534,309.27,0.48,0.48,2026-08-31,0905,N20,nominal,2.0NRT,286.64,2.1,N
32.8706,-98.39989,317.15,0.32,0.55,2026-08-31,0905,N20,nominal,2.0NRT,295.7,2.19,N
35.89297,-89.78541,304.97,0.79,0.78,2026-08-31,0905,N20,nominal,2.0NRT,290.45,2.79,N
37.79635,-96.87255,306.13,0.6,0.53,2026-08-31,0905,N20,nominal,2.0NRT,295.14,1.87,N
32.86984,-98.39677,309.81,0.32,0.55,2026-08-31,0905,N20,nominal,2.0NRT,295.46,2.41,N
32.87055,-98.39999,316.03,0.32,0.55,2026-08-31,0905,N20,nominal,2.0NRT,295.34,2.3,N
40.20609,-110.51112,295.49,0.48,0.4,2026-08-31,0905,N20,nominal,2.0NRT,282.27,0.46,N
40.14483,-110.09961,335.66,0.46,0.39,2026-08-31,0905,N20,nominal,2.0NRT,283.86,3.83,N
32.86981,-98.39686,311.33,0.32,0.55,2026-08-31,0905,N20,nominal,2.0NRT,295.44,2.29,N
32.45824,-97.04545,307.71,0.4,0.6,2026-08-31,0905,N20,nominal,2.0NRT,294.3,1.86,N
35.67326,-89.96416,302,0.79,0.78,2026-08-31,0905,N20,nominal,2.0NRT,290.24,0.82,N
35.61323,-89.94612,302.13,0.79,0.78,2026-08-31,0905,N20,nominal,2.0NRT,290.3,1.35,N
32.45722,-97.04147,318.33,0.4,0.6,2026-08-31,0905,N20,nominal,2.0NRT,294.99,1.86,N
35.79793,-91.7452,302.98,0.63,0.72,2026-08-31,0905,N20,nominal,2.0NRT,291.92,0.6,N
36.30082,-95.16119,308.03,0.4,0.6,2026-08-31,0905,N20,nominal,2.0NRT,294.82,2.9,N
36.19483,-95.81154,315.39,0.37,0.58,2026-08-31,0905,N20,nominal,2.0NRT,296.94,1.66,N
32.4562,-97.03751,307.4,0.4,0.6,2026-08-31,0905,N20,nominal,2.0NRT,295.38,2.41,N
39.62158,-119.26345,298.5,0.43,0.62,2026-08-31,0905,N20,nominal,2.0NRT,284.88,0.86,N
35.97323,-121.45325,367,0.54,0.68,2026-08-31,0905,N20,high,2.0NRT,294.83,20.49,N
36.52029,-97.83741,313.98,0.57,0.52,2026-08-31,0905,N20,nominal,2.0NRT,295.92,3.13,N
35.97296,-121.44543,344.1,0.54,0.68,2026-08-31,0905,N20,nominal,2.0NRT,307.13,20.74,N
36.51939,-97.8385,316.35,0.57,0.52,2026-08-31,0905,N20,nominal,2.0NRT,295.63,3.22,N
35.97367,-121.46557,299.8,0.54,0.68,2026-08-31,0905,N20,nominal,2.0NRT,284.09,20.49,N
35.96677,-121.44796,354.08,0.54,0.68,2026-08-31,0905,N20,nominal,2.0NRT,294.03,20.74,N
35.96704,-121.4558,313.7,0.54,0.68,2026-08-31,0905,N20,nominal,2.0NRT,285.41,20.49,N
38.93899,-112.81592,317.55,0.39,0.44,2026-08-31,0905,N20,nominal,2.0NRT,289.09,1.74,N
35.96648,-121.44001,318.6,0.54,0.68,2026-08-31,0905,N20,nominal,2.0NRT,290.4,20.74,N
37.74723,-106.02039,326.6,0.39,0.36,2026-08-31,0905,N20,nominal,2.0NRT,281.14,5.67,N
35.96501,-121.39954,300.94,0.53,0.67,2026-08-31,0905,N20,nominal,2.0NRT,288.71,1.14,N
35.23582,-96.16826,306.49,0.38,0.59,2026-08-31,0907,N20,nominal,2.0NRT,294.71,1.72,N
35.96481,-121.39407,300.52,0.53,0.67,2026-08-31,0905,N20,nominal,2.0NRT,289.68,1.14,N
35.96459,-121.38808,304.13,0.53,0.67,2026-08-31,0905,N20,nominal,2.0NRT,288.3,1.65,N
35.96302,-121.34547,309.11,0.53,0.67,2026-08-31,0905,N20,nominal,2.0NRT,285.45,1.2,N
35.69501,-101.36526,307.57,0.39,0.44,2026-08-31,0907,N20,nominal,2.0NRT,296.22,1.83,N
35.96283,-121.34071,306.85,0.53,0.67,2026-08-31,0905,N20,nominal,2.0NRT,285.96,1.2,N
35.96243,-121.32988,312.98,0.53,0.67,2026-08-31,0905,N20,nominal,2.0NRT,285.5,2.16,N
35.66585,-101.43593,309.04,0.39,0.44,2026-08-31,0907,N20,nominal,2.0NRT,295.21,1.29,N
33.52387,-101.7373,316.97,0.41,0.45,2026-08-31,0905,N20,nominal,2.0NRT,294.52,1.19,N
33.97477,-94.61999,306.89,0.49,0.65,2026-08-31,0907,N20,nominal,2.0NRT,291.37,2.67,N
35.9756,-121.45582,333.25,0.54,0.68,2026-08-31,0905,N20,nominal,2.0NRT,287.36,9.01,N
35.97527,-121.44796,354.31,0.54,0.68,2026-08-31,0905,N20,nominal,2.0NRT,294.07,9.01,N
34.6327,-97.16978,306.75,0.34,0.56,2026-08-31,0907,N20,nominal,2.0NRT,295.87,1.69,N
35.96933,-121.45604,367,0.54,0.68,2026-08-31,0905,N20,high,2.0NRT,287.07,23.98,N
35.96899,-121.44789,344.66,0.54,0.68,2026-08-31,0905,N20,nominal,2.0NRT,309.91,23.98,N
34.20379,-97.10443,307.94,0.36,0.57,2026-08-31,0907,N20,nominal,2.0NRT,296.53,1.19,N
35.96869,-121.44065,326.01,0.54,0.68,2026-08-31,0905,N20,nominal,2.0NRT,293.45,6.16,N
36.28891,-113.15549,299.99,0.56,0.43,2026-08-31,0907,N20,nominal,2.0NRT,287.03,0.64,N
35.96841,-121.43411,297.17,0.54,0.67,2026-08-31,0905,N20,nominal,2.0NRT,286.29,6.16,N
36.28495,-113.15599,305.51,0.56,0.43,2026-08-31,0907,N20,nominal,2.0NRT,286.75,0.64,N
35.96676,-121.39496,299.78,0.53,0.67,2026-08-31,0905,N20,nominal,2.0NRT,288.5,1.43,N
35.9665,-121.38891,299.54,0.53,0.67,2026-08-31,0905,N20,nominal,2.0NRT,287.08,1.43,N
36.281,-113.15657,304.57,0.56,0.43,2026-08-31,0907,N20,nominal,2.0NRT,286.67,1.28,N
35.96292,-121.45302,305.76,0.54,0.68,2026-08-31,0905,N20,nominal,2.0NRT,283.55,23.98,N
36.27705,-113.15714,308.08,0.56,0.43,2026-08-31,0907,N20,nominal,2.0NRT,287.5,1.28,N
35.96261,-121.44545,310.97,0.54,0.68,2026-08-31,0905,N20,nominal,2.0NRT,285.65,6.16,N
35.96222,-121.43608,300.24,0.54,0.67,2026-08-31,0905,N20,nominal,2.0NRT,286.62,6.16,N
35.96077,-121.40149,300.82,0.53,0.67,2026-08-31,0905,N20,nominal,2.0NRT,289.23,3.39,N
36.38339,-114.87874,307.28,0.46,0.47,2026-08-31,0907,N20,nominal,2.0NRT,295.73,1.53,N
36.35585,-114.91415,306.34,0.46,0.47,2026-08-31,0907,N20,nominal,2.0NRT,295.13,2.46,N
35.96056,-121.39634,306.19,0.53,0.67,2026-08-31,0905,N20,nominal,2.0NRT,290.08,1.43,N
35.96033,-121.39089,306.06,0.53,0.67,2026-08-31,0905,N20,nominal,2.0NRT,288.8,1.43,N
35.96009,-121.38512,315.88,0.53,0.67,2026-08-31,0905,N20,nominal,2.0NRT,291.21,3.72,N
35.95844,-121.34626,306.6,0.53,0.67,2026-08-31,0905,N20,nominal,2.0NRT,286.42,1.8,N
35.95823,-121.34144,307.95,0.53,0.67,2026-08-31,0905,N20,nominal,2.0NRT,287.6,1.92,N
35.95803,-121.3366,304.44,0.53,0.67,2026-08-31,0905,N20,nominal,2.0NRT,286.96,1.92,N
35.9578,-121.33122,317.17,0.53,0.67,2026-08-31,0905,N20,nominal,2.0NRT,286.82,2.21,N
35.95758,-121.32602,305.62,0.53,0.67,2026-08-31,0905,N20,nominal,2.0NRT,286.96,2.21,N
35.95736,-121.32098,310.57,0.53,0.67,2026-08-31,0905,N20,nominal,2.0NRT,285.75,1.85,N
35.95456,-121.40265,328.15,0.53,0.67,2026-08-31,0905,N20,nominal,2.0NRT,291.43,3.81,N
35.95478,-121.40791,310.01,0.53,0.67,2026-08-31,0905,N20,nominal,2.0NRT,290.53,3.81,N
35.95434,-121.39739,306.18,0.53,0.67,2026-08-31,0905,N20,nominal,2.0NRT,288.72,4.83,N
35.95391,-121.38711,304.98,0.53,0.67,2026-08-31,0905,N20,nominal,2.0NRT,288.77,2.48,N
35.95158,-121.33173,297.51,0.53,0.67,2026-08-31,0905,N20,nominal,2.0NRT,287.23,2.7,N
35.95135,-121.32623,303.85,0.53,0.67,2026-08-31,0905,N20,nominal,2.0NRT,287.45,2.7,N
35.95112,-121.32077,315.79,0.53,0.67,2026-08-31,0905,N20,nominal,2.0NRT,287.13,3.29,N
35.94484,-121.31979,321.89,0.53,0.67,2026-08-31,0905,N20,nominal,2.0NRT,286.78,3.29,N
35.94563,-121.33843,302.62,0.53,0.67,2026-08-31,0905,N20,nominal,2.0NRT,288.48,3.33,N
35.93314,-121.33828,303.37,0.53,0.67,2026-08-31,0905,N20,nominal,2.0NRT,287.83,2.68,N
35.93258,-121.32464,303.12,0.53,0.67,2026-08-31,0905,N20,nominal,2.0NRT,290.35,3.17,N
35.92665,-121.33207,301.82,0.53,0.67,2026-08-31,0905,N20,nominal,2.0NRT,288.99,1.45,N
35.92636,-121.32516,302.03,0.53,0.67,2026-08-31,0905,N20,nominal,2.0NRT,290.22,1.45,N
35.92062,-121.3373,308.66,0.53,0.67,2026-08-31,0905,N20,nominal,2.0NRT,289.43,2.76,N
35.92037,-121.33089,305.49,0.53,0.67,2026-08-31,0905,N20,nominal,2.0NRT,288.36,1.45,N
35.91454,-121.34089,302.92,0.53,0.67,2026-08-31,0905,N20,nominal,2.0NRT,287.71,1.72,N
35.90808,-121.33535,306.27,0.53,0.67,2026-08-31,0905,N20,nominal,2.0NRT,289.53,1.72,N
35.90788,-121.3305,298.93,0.53,0.67,2026-08-31,0905,N20,nominal,2.0NRT,287.66,1.27,N
35.90186,-121.33598,304.33,0.53,0.67,2026-08-31,0905,N20,nominal,2.0NRT,288.88,3.89,N
35.89566,-121.33686,329.87,0.53,0.67,2026-08-31,0905,N20,nominal,2.0NRT,288.89,3.89,N
35.89542,-121.33066,325.84,0.53,0.67,2026-08-31,0905,N20,nominal,2.0NRT,289.07,6.03,N
35.88651,-121.42352,295.56,0.53,0.67,2026-08-31,0905,N20,nominal,2.0NRT,284.53,1.58,N
35.8862,-121.41531,308.94,0.53,0.67,2026-08-31,0905,N20,nominal,2.0NRT,287.52,3.34,N
35.88282,-121.32732,308.11,0.53,0.67,2026-08-31,0905,N20,nominal,2.0NRT,287.48,2.37,N
35.87901,-121.39071,307.87,0.53,0.67,2026-08-31,0905,N20,nominal,2.0NRT,287.71,4.21,N
35.87877,-121.38438,315.28,0.53,0.67,2026-08-31,0905,N20,nominal,2.0NRT,288.1,4.21,N
35.87846,-121.37593,312.78,0.53,0.67,2026-08-31,0905,N20,nominal,2.0NRT,291.51,4.51,N
35.87723,-121.3441,301.6,0.53,0.67,2026-08-31,0905,N20,nominal,2.0NRT,289.65,1.48,N
35.87704,-121.33907,307.66,0.53,0.67,2026-08-31,0905,N20,nominal,2.0NRT,290.16,1.48,N
35.87255,-121.3854,342.13,0.53,0.67,2026-08-31,0905,N20,nominal,2.0NRT,286.39,4.21,N
35.87226,-121.37746,313.87,0.53,0.67,2026-08-31,0905,N20,nominal,2.0NRT,286.76,4.51,N
35.87133,-121.35279,299.88,0.53,0.67,2026-08-31,0905,N20,nominal,2.0NRT,289.08,1.78,N
35.87114,-121.34779,303.64,0.53,0.67,2026-08-31,0905,N20,nominal,2.0NRT,290.43,1.78,N
35.87095,-121.34291,309.83,0.53,0.67,2026-08-31,0905,N20,nominal,2.0NRT,291.65,1.48,N
35.87076,-121.33788,307.24,0.53,0.67,2026-08-31,0905,N20,nominal,2.0NRT,290.74,1.48,N
35.86445,-121.33578,299.43,0.53,0.67,2026-08-31,0905,N20,nominal,2.0NRT,288.87,2.12,N
35.86424,-121.33038,298.04,0.53,0.67,2026-08-31,0905,N20,nominal,2.0NRT,287.86,1.61,N
35.89737,-121.33636,324.55,0.53,0.67,2026-08-31,0905,N20,nominal,2.0NRT,289.51,3.49,N
35.8971,-121.33035,333.01,0.53,0.67,2026-08-31,0905,N20,nominal,2.0NRT,290.17,3.49,N
35.8909,-121.33103,298.95,0.53,0.67,2026-08-31,0905,N20,nominal,2.0NRT,287.66,3.49,N
35.8884,-121.4156,309.77,0.53,0.67,2026-08-31,0905,N20,nominal,2.0NRT,288.19,3.04,N
35.88474,-121.33259,298.5,0.53,0.67,2026-08-31,0905,N20,nominal,2.0NRT,287.83,1.83,N
35.88447,-121.32655,308.8,0.53,0.67,2026-08-31,0905,N20,nominal,2.0NRT,287.73,1.97,N
35.88074,-121.38343,301.78,0.53,0.67,2026-08-31,0905,N20,nominal,2.0NRT,287.1,1.18,N
35.88037,-121.37492,301.64,0.53,0.67,2026-08-31,0905,N20,nominal,2.0NRT,289.49,1.18,N
35.87901,-121.34415,299.32,0.53,0.67,2026-08-31,0905,N20,nominal,2.0NRT,289.24,2.24,N
35.87879,-121.33907,307.98,0.53,0.67,2026-08-31,0905,N20,nominal,2.0NRT,289.91,1.83,N
35.87455,-121.38471,340.67,0.53,0.67,2026-08-31,0905,N20,nominal,2.0NRT,286.71,6.81,N
35.87419,-121.37652,330.4,0.53,0.67,2026-08-31,0905,N20,nominal,2.0NRT,289.31,6.81,N
35.87485,-121.39164,305.18,0.53,0.67,2026-08-31,0905,N20,nominal,2.0NRT,284.46,2.7,N
35.87316,-121.35287,298.69,0.53,0.67,2026-08-31,0905,N20,nominal,2.0NRT,288.69,2.51,N
35.87294,-121.34789,301.8,0.53,0.67,2026-08-31,0905,N20,nominal,2.0NRT,290.31,2.19,N
35.87273,-121.34301,308.69,0.53,0.67,2026-08-31,0905,N20,nominal,2.0NRT,291.56,2.19,N
35.87251,-121.33802,305.56,0.53,0.67,2026-08-31,0905,N20,nominal,2.0NRT,290.15,1.41,N
35.86619,-121.33614,302.79,0.53,0.67,2026-08-31,0905,N20,nominal,2.0NRT,289.52,1.41,N
35.86594,-121.33058,303.14,0.53,0.67,2026-08-31,0905,N20,nominal,2.0NRT,288.78,1.41,N
32.24754,-97.55158,313.36,0.37,0.58,2026-08-31,0905,N20,nominal,2.0NRT,295.29,1.5,N
31.70868,-97.59419,306.64,0.38,0.59,2026-08-31,0905,N20,nominal,2.0NRT,294.32,1.34,N
32.11769,-99.37611,303.08,0.59,0.53,2026-08-31,0905,N20,nominal,2.0NRT,293,1.21,N
32.53681,-101.67379,322.56,0.43,0.46,2026-08-31,0905,N20,nominal,2.0NRT,294.48,1.59,N
34.82197,-118.75038,304.6,0.37,0.58,2026-08-31,0905,N20,nominal,2.0NRT,289.07,0.87,N
32.28061,-101.409,307.31,0.45,0.47,2026-08-31,0905,N20,nominal,2.0NRT,296.76,1.59,N
34.61024,-117.33657,311.34,0.61,0.53,2026-08-31,0905,N20,nominal,2.0NRT,289.71,1.64,N
32.84839,-104.3943,307.93,0.47,0.4,2026-08-31,0905,N20,nominal,2.0NRT,297.55,2.03,N
32.70104,-103.78683,310.07,0.51,0.41,2026-08-31,0905,N20,nominal,2.0NRT,295.45,1.05,N
32.04781,-100.6838,306.86,0.5,0.49,2026-08-31,0905,N20,nominal,2.0NRT,294.6,1.16,N
32.15453,-101.93063,310.46,0.43,0.46,2026-08-31,0905,N20,nominal,2.0NRT,295.49,1.38,N
32.54569,-103.85338,307.34,0.5,0.41,2026-08-31,0905,N20,nominal,2.0NRT,295.7,0.58,N
34.43027,-118.6478,301.99,0.36,0.57,2026-08-31,0905,N20,nominal,2.0NRT,287.27,0.84,N
34.33693,-118.52348,296.08,0.35,0.57,2026-08-31,0905,N20,nominal,2.0NRT,284.75,0.68,N
34.33668,-118.52,306.86,0.35,0.57,2026-08-31,0905,N20,nominal,2.0NRT,287.64,0.92,N
32.22218,-103.52779,306.98,0.53,0.42,2026-08-31,0905,N20,nominal,2.0NRT,295.32,1.3,N
32.20546,-103.50333,310.35,0.53,0.42,2026-08-31,0905,N20,nominal,2.0NRT,294.73,0.93,N
31.85447,-101.78806,310.05,0.44,0.46,2026-08-31,0905,N20,nominal,2.0NRT,294.9,1.04,N
31.84202,-101.79169,322.2,0.44,0.46,2026-08-31,0905,N20,nominal,2.0NRT,296.58,1.68,N
34.11495,-117.92726,302.3,0.32,0.55,2026-08-31,0905,N20,nominal,2.0NRT,290.25,0.36,N
32.14306,-103.70599,309.95,0.52,0.42,2026-08-31,0905,N20,nominal,2.0NRT,295.47,0.92,N
32.09011,-103.91808,306.75,0.51,0.41,2026-08-31,0905,N20,nominal,2.0NRT,295.77,0.77,N
31.70166,-102.19212,312.57,0.42,0.45,2026-08-31,0905,N20,nominal,2.0NRT,295,1.08,N
31.62267,-101.81842,315.42,0.44,0.46,2026-08-31,0905,N20,nominal,2.0NRT,294.51,1.43,N
31.95152,-103.91161,326.4,0.51,0.41,2026-08-31,0905,N20,nominal,2.0NRT,296.22,3.65,N
31.80218,-103.23801,308.52,0.56,0.43,2026-08-31,0905,N20,nominal,2.0NRT,296.49,0.99,N
31.5348,-102.02773,318.34,0.43,0.46,2026-08-31,0905,N20,nominal,2.0NRT,294.65,1.69,N
33.85277,-118.3326,303.02,0.34,0.56,2026-08-31,0905,N20,nominal,2.0NRT,289.66,1,N
33.8206,-118.24728,302.77,0.34,0.56,2026-08-31,0905,N20,nominal,2.0NRT,290.08,1.24,N
33.81493,-118.24056,303.26,0.34,0.56,2026-08-31,0905,N20,nominal,2.0NRT,291.7,1.33,N
29.74678,-94.99819,305.9,0.6,0.71,2026-08-31,0905,N20,nominal,2.0NRT,294.24,2.9,N
29.7461,-94.9994,308.92,0.6,0.71,2026-08-31,0905,N20,nominal,2.0NRT,294.25,2.97,N
31.80837,-103.90157,307.27,0.52,0.41,2026-08-31,0905,N20,nominal,2.0NRT,296.02,1.1,N
29.73963,-95.12556,305.59,0.59,0.7,2026-08-31,0905,N20,nominal,2.0NRT,293.52,1.98,N
29.72564,-95.12421,307.41,0.6,0.7,2026-08-31,0905,N20,nominal,2.0NRT,294.05,3.21,N
31.47697,-102.39731,306.05,0.42,0.45,2026-08-31,0905,N20,nominal,2.0NRT,295.4,0.56,N
31.51303,-102.64922,306.75,0.4,0.44,2026-08-31,0905,N20,nominal,2.0NRT,295.64,1.15,N
31.33213,-101.84433,307.39,0.45,0.47,2026-08-31,0905,N20,nominal,2.0NRT,294.55,0.58,N
31.20197,-101.25406,311.55,0.49,0.48,2026-08-31,0905,N20,nominal,2.0NRT,293.17,0.62,N
31.20268,-101.25665,311.51,0.49,0.48,2026-08-31,0905,N20,nominal,2.0NRT,293.35,0.75,N
31.32363,-101.86448,304.7,0.45,0.47,2026-08-31,0905,N20,nominal,2.0NRT,294.61,0.86,N
31.44382,-102.45959,308.55,0.41,0.45,2026-08-31,0905,N20,nominal,2.0NRT,296.13,0.88,N
29.62077,-95.04722,310.39,0.61,0.71,2026-08-31,0905,N20,nominal,2.0NRT,292.79,2.84,N
31.47333,-102.88766,313.06,0.39,0.44,2026-08-31,0905,N20,nominal,2.0NRT,296.42,1.37,N
31.49951,-103.13461,311.9,0.57,0.43,2026-08-31,0905,N20,nominal,2.0NRT,295.26,1.49,N
31.50055,-103.13538,309.17,0.57,0.43,2026-08-31,0905,N20,nominal,2.0NRT,294.92,0.78,N
31.61292,-103.98667,308.7,0.51,0.41,2026-08-31,0905,N20,nominal,2.0NRT,294.82,1.03,N
32.11471,-106.84686,305.51,0.4,0.37,2026-08-31,0905,N20,nominal,2.0NRT,293.19,0.71,N
31.98452,-106.42665,305.91,0.41,0.37,2026-08-31,0905,N20,nominal,2.0NRT,294.69,1.62,N
31.35536,-103.22633,325.37,0.57,0.43,2026-08-31,0905,N20,nominal,2.0NRT,296.38,3.81,N
29.37624,-94.93851,308.91,0.62,0.72,2026-08-31,0905,N20,nominal,2.0NRT,292.49,2.87,N
31.2752,-103.15594,307.94,0.57,0.43,2026-08-31,0905,N20,nominal,2.0NRT,295.72,0.84,N
31.27636,-103.15562,306.75,0.57,0.43,2026-08-31,0905,N20,nominal,2.0NRT,295.65,1.18,N
31.26822,-103.17657,308.76,0.57,0.43,2026-08-31,0905,N20,nominal,2.0NRT,295.93,1.12,N
31.24874,-103.18199,309.19,0.57,0.43,2026-08-31,0905,N20,nominal,2.0NRT,295.53,0.73,N
31.20169,-103.2136,306.48,0.57,0.43,2026-08-31,0905,N20,nominal,2.0NRT,295.41,0.96,N
31.15651,-103.51301,315.72,0.55,0.43,2026-08-31,0905,N20,nominal,2.0NRT,296.06,1.25,N
29.06702,-95.75168,305.43,0.57,0.69,2026-08-31,0905,N20,nominal,2.0NRT,293.95,2.91,N
29.07014,-95.75208,305.78,0.57,0.69,2026-08-31,0905,N20,nominal,2.0NRT,293.91,2.36,N
29.34346,-97.11098,303.05,0.47,0.64,2026-08-31,0905,N20,nominal,2.0NRT,292.43,0.51,N
32.60526,-115.52245,327.96,0.45,0.47,2026-08-31,0905,N20,nominal,2.0NRT,296.47,7.99,N
32.60721,-115.51846,323.52,0.45,0.47,2026-08-31,0905,N20,nominal,2.0NRT,295.83,6.18,N
32.49859,-116.3193,334.42,0.5,0.49,2026-08-31,0905,N20,nominal,2.0NRT,288.26,4.41,N
32.50036,-116.78922,322.73,0.53,0.5,2026-08-31,0907,N20,nominal,2.0NRT,291.62,2.84,N
28.70239,-96.53072,305.67,0.52,0.67,2026-08-31,0907,N20,nominal,2.0NRT,293.19,1.78,N
28.69915,-96.54303,305.93,0.52,0.67,2026-08-31,0907,N20,nominal,2.0NRT,293.32,3.01,N
28.96178,-97.75869,307.67,0.44,0.62,2026-08-31,0907,N20,nominal,2.0NRT,292.83,0.76,N
28.95863,-97.8298,303.8,0.43,0.62,2026-08-31,0907,N20,nominal,2.0NRT,292.58,0.5,N
28.51113,-96.76854,339.04,0.51,0.66,2026-08-31,0907,N20,nominal,2.0NRT,292.44,6.13,N
28.50981,-96.76349,307.78,0.51,0.66,2026-08-31,0907,N20,nominal,2.0NRT,292.44,4.64,N
28.7014,-98.60934,306.88,0.39,0.6,2026-08-31,0907,N20,nominal,2.0NRT,290.85,0.64,N
30.48652,-107.85954,304.83,0.39,0.36,2026-08-31,0907,N20,nominal,2.0NRT,292.26,0.82,N
28.46001,-98.19098,304.28,0.42,0.61,2026-08-31,0907,N20,nominal,2.0NRT,291.43,0.79,N
28.05861,-97.44175,307.81,0.48,0.65,2026-08-31,0907,N20,nominal,2.0NRT,290.72,1.89,N
28.05742,-97.43701,316.6,0.48,0.65,2026-08-31,0907,N20,nominal,2.0NRT,291.15,1.89,N
28.42751,-99.61273,310.68,0.35,0.57,2026-08-31,0907,N20,nominal,2.0NRT,291.07,1.37,N
27.82812,-97.19118,305.68,0.5,0.66,2026-08-31,0907,N20,nominal,2.0NRT,290.56,2.01,N
28.65274,-100.64452,316.16,0.6,0.53,2026-08-31,0907,N20,nominal,2.0NRT,293.2,2.35,N
28.65387,-100.64601,308.07,0.6,0.53,2026-08-31,0907,N20,nominal,2.0NRT,293.24,1.71,N
28.64914,-100.64747,307.59,0.6,0.53,2026-08-31,0907,N20,nominal,2.0NRT,293.04,1.71,N
27.82271,-97.20693,310.45,0.5,0.66,2026-08-31,0907,N20,nominal,2.0NRT,290.81,0.8,N
27.81014,-97.43047,305.65,0.49,0.65,2026-08-31,0907,N20,nominal,2.0NRT,291.14,1.99,N
27.81759,-97.48436,307.37,0.48,0.65,2026-08-31,0907,N20,nominal,2.0NRT,291.5,2.46,N
28.68568,-106.08935,320.4,0.46,0.39,2026-08-31,0907,N20,nominal,2.0NRT,294.47,2.23,N
28.9275,-110.8259,310.28,0.4,0.37,2026-08-31,0907,N20,nominal,2.0NRT,296.36,1.06,N
28.97338,-111.2607,312.84,0.4,0.37,2026-08-31,0907,N20,nominal,2.0NRT,296.16,1.06,N
27.02943,-103.37106,304.24,0.45,0.47,2026-08-31,0907,N20,nominal,2.0NRT,292.14,1.79,N
27.03003,-103.37292,305.77,0.45,0.47,2026-08-31,0907,N20,nominal,2.0NRT,292.21,1.73,N
25.67598,-99.46003,315.64,0.41,0.61,2026-08-31,0907,N20,nominal,2.0NRT,292.74,1.47,N
25.74731,-100.23617,306.42,0.37,0.58,2026-08-31,0907,N20,nominal,2.0NRT,290.97,0.78,N
25.74215,-100.23766,307.22,0.37,0.58,2026-08-31,0907,N20,nominal,2.0NRT,291.56,0.78,N
25.7244,-100.3035,313.17,0.36,0.58,2026-08-31,0907,N20,nominal,2.0NRT,291.48,2.31,N
25.71926,-100.30499,303.03,0.36,0.58,2026-08-31,0907,N20,nominal,2.0NRT,290.76,0.84,N
25.70133,-100.2988,308.68,0.36,0.58,2026-08-31,0907,N20,nominal,2.0NRT,290.72,1.17,N
25.70045,-100.29598,307.14,0.36,0.58,2026-08-31,0907,N20,nominal,2.0NRT,291.03,1.19,N
25.59168,-99.94211,305.3,0.38,0.59,2026-08-31,0907,N20,nominal,2.0NRT,293.2,2.09,N
25.57939,-99.93764,328.68,0.39,0.59,2026-08-31,0907,N20,nominal,2.0NRT,292.02,3.77,N
25.57852,-99.93388,340.25,0.39,0.59,2026-08-31,0907,N20,nominal,2.0NRT,292.79,3.77,N
25.60511,-100.92081,307.21,0.34,0.56,2026-08-31,0907,N20,nominal,2.0NRT,287.46,1.7,N
25.55716,-100.96616,298.68,0.33,0.56,2026-08-31,0907,N20,nominal,2.0NRT,285.93,0.49,N
22.26832,-97.80505,316.55,0.62,0.71,2026-08-31,0907,N20,nominal,2.0NRT,292,1.62,N
22.26194,-97.80683,341.1,0.62,0.71,2026-08-31,0907,N20,nominal,2.0NRT,292.46,9.47,N
22.26338,-97.81262,307.2,0.62,0.71,2026-08-31,0907,N20,nominal,2.0NRT,292.3,5.61,N
22.26855,-97.80744,319.95,0.62,0.71,2026-08-31,0907,N20,nominal,2.0NRT,291.78,3.47,N
22.26218,-97.80927,327.4,0.62,0.71,2026-08-31,0907,N20,nominal,2.0NRT,291.97,8.18,N
22.26077,-97.80346,315.34,0.62,0.71,2026-08-31,0907,N20,nominal,2.0NRT,291.83,6.57,N
22.47193,-100.3811,299.76,0.42,0.61,2026-08-31,0907,N20,nominal,2.0NRT,279.92,1.36,N
22.04678,-98.86991,308.19,0.54,0.68,2026-08-31,0907,N20,nominal,2.0NRT,289.88,1.57,N
20.52126,-97.48137,301.75,0.71,0.75,2026-08-31,0909,N20,nominal,2.0NRT,287.77,1.78,N
20.51963,-97.47485,301.58,0.71,0.75,2026-08-31,0909,N20,nominal,2.0NRT,287.87,1.59,N
20.51801,-97.46842,299.37,0.71,0.75,2026-08-31,0909,N20,nominal,2.0NRT,287.54,1.59,N
20.51456,-97.48325,367,0.71,0.75,2026-08-31,0909,N20,high,2.0NRT,288.11,26.33,N
20.51293,-97.47677,337.23,0.71,0.75,2026-08-31,0909,N20,nominal,2.0NRT,287.07,21.22,N
20.52027,-97.48198,367,0.71,0.75,2026-08-31,0909,N20,high,2.0NRT,287.74,9.53,N
20.51868,-97.47548,353.4,0.71,0.75,2026-08-31,0909,N20,nominal,2.0NRT,288.12,9.53,N
20.51554,-97.46265,297.91,0.71,0.75,2026-08-31,0909,N20,nominal,2.0NRT,287.2,5.82,N
20.51357,-97.48389,306.23,0.71,0.75,2026-08-31,0909,N20,nominal,2.0NRT,287.29,9.53,N
20.51198,-97.47742,303.85,0.71,0.75,2026-08-31,0909,N20,nominal,2.0NRT,286.44,9.53,N
20.52847,-100.92426,305.09,0.43,0.62,2026-08-31,0909,N20,nominal,2.0NRT,276.63,1.35,N
20.57794,-101.17262,296.08,0.41,0.61,2026-08-31,0909,N20,nominal,2.0NRT,263.95,2.23,N
20.52293,-100.92566,303.06,0.43,0.62,2026-08-31,0909,N20,nominal,2.0NRT,279.76,1.72,N
19.17235,-98.32249,299.38,0.68,0.74,2026-08-31,0909,N20,nominal,2.0NRT,281.1,2.11,N
19.67438,-103.38,304.63,0.62,0.54,2026-08-31,0909,N20,nominal,2.0NRT,281.44,1.88,N
19.00791,-104.26144,315.39,0.56,0.51,2026-08-31,0909,N20,nominal,2.0NRT,288.82,2.69,N
48.7934,-121.12942,305.23,0.55,0.43,2026-08-31,1043,N20,nominal,2.0NRT,280.41,1.44,N
48.79061,-121.11708,295.63,0.55,0.43,2026-08-31,1043,N20,nominal,2.0NRT,278.87,1,N
48.78992,-121.13244,305.91,0.55,0.43,2026-08-31,1043,N20,nominal,2.0NRT,279.57,1.44,N
48.79275,-121.12992,316.18,0.55,0.43,2026-08-31,1043,N20,nominal,2.0NRT,280.84,2.54,N
49.15739,-123.00615,297.15,0.47,0.39,2026-08-31,1043,N20,nominal,2.0NRT,284.42,1.61,N
49.09773,-123.01426,296.38,0.47,0.4,2026-08-31,1043,N20,nominal,2.0NRT,279.94,0.51,N
45.94688,-111.47784,295.86,0.57,0.69,2026-08-31,1043,N20,nominal,2.0NRT,278.68,1.14,N
48.88567,-122.73887,300.53,0.48,0.4,2026-08-31,1043,N20,nominal,2.0NRT,285.94,1.71,N
48.36538,-120.81072,338.12,0.39,0.44,2026-08-31,1043,N20,nominal,2.0NRT,286.13,3.05,N
48.36928,-120.82781,296.1,0.39,0.44,2026-08-31,1043,N20,nominal,2.0NRT,281.78,1.1,N
48.36832,-120.82362,312.02,0.39,0.44,2026-08-31,1043,N20,nominal,2.0NRT,282.24,1.27,N
48.36738,-120.81947,315.29,0.39,0.44,2026-08-31,1043,N20,nominal,2.0NRT,282.45,1.27,N
48.36641,-120.81522,303.76,0.39,0.44,2026-08-31,1043,N20,nominal,2.0NRT,282.96,3.05,N
48.36428,-120.80591,314.58,0.39,0.44,2026-08-31,1043,N20,nominal,2.0NRT,283.47,2.55,N
48.36678,-120.8355,303.03,0.38,0.44,2026-08-31,1043,N20,nominal,2.0NRT,282.58,1.99,N
48.36385,-120.8227,299.79,0.39,0.44,2026-08-31,1043,N20,nominal,2.0NRT,282.15,1.21,N
48.36294,-120.81871,300.11,0.39,0.44,2026-08-31,1043,N20,nominal,2.0NRT,282.15,0.93,N
48.36197,-120.81448,301.31,0.39,0.44,2026-08-31,1043,N20,nominal,2.0NRT,281.83,0.93,N
48.36093,-120.80991,298.81,0.39,0.44,2026-08-31,1043,N20,nominal,2.0NRT,281.34,0.86,N
48.35983,-120.80508,300.16,0.39,0.44,2026-08-31,1043,N20,nominal,2.0NRT,281.13,0.86,N
48.35877,-120.80043,307.87,0.39,0.44,2026-08-31,1043,N20,nominal,2.0NRT,281.5,1.6,N
48.35776,-120.79602,299.93,0.39,0.44,2026-08-31,1043,N20,nominal,2.0NRT,281.18,1.6,N
48.36329,-120.83889,330.82,0.38,0.44,2026-08-31,1043,N20,nominal,2.0NRT,284.18,1.99,N
48.3598,-120.84226,352.08,0.38,0.44,2026-08-31,1043,N20,nominal,2.0NRT,286.74,3.7,N
48.35861,-120.83703,296.72,0.39,0.44,2026-08-31,1043,N20,nominal,2.0NRT,281.46,3.7,N
48.35383,-120.83475,323.22,0.39,0.44,2026-08-31,1043,N20,nominal,2.0NRT,282.81,3.29,N
48.35508,-120.84023,296.29,0.39,0.44,2026-08-31,1043,N20,nominal,2.0NRT,280.35,3.7,N
48.33186,-120.83179,295.82,0.39,0.44,2026-08-31,1043,N20,nominal,2.0NRT,280.63,0.81,N
46.79767,-115.1909,296,0.37,0.58,2026-08-31,1043,N20,nominal,2.0NRT,276.07,0.63,N
46.79642,-115.1867,297.46,0.37,0.58,2026-08-31,1043,N20,nominal,2.0NRT,277.69,0.63,N
46.82143,-115.2301,307.13,0.37,0.58,2026-08-31,1043,N20,nominal,2.0NRT,275.16,1.35,N
46.79775,-115.18853,307.75,0.37,0.58,2026-08-31,1043,N20,nominal,2.0NRT,276.34,1.05,N
48.07972,-120.62646,338.08,0.4,0.44,2026-08-31,1043,N20,nominal,2.0NRT,282.65,5.64,N
48.07861,-120.62169,318.88,0.4,0.44,2026-08-31,1043,N20,nominal,2.0NRT,282.65,5.64,N
48.07556,-120.83157,339.29,0.39,0.44,2026-08-31,1043,N20,nominal,2.0NRT,288.87,29.96,N
48.07462,-120.82749,327.86,0.39,0.44,2026-08-31,1043,N20,nominal,2.0NRT,289.93,20.79,N
48.07156,-120.83286,325,0.39,0.44,2026-08-31,1043,N20,nominal,2.0NRT,281,2.06,N
48.07058,-120.82859,309.21,0.39,0.44,2026-08-31,1043,N20,nominal,2.0NRT,282.55,2.29,N
48.06556,-120.80695,297.31,0.39,0.44,2026-08-31,1043,N20,nominal,2.0NRT,280.04,1.19,N
48.06757,-120.83412,302.96,0.39,0.44,2026-08-31,1043,N20,nominal,2.0NRT,279.57,2.06,N
48.06654,-120.8297,316.46,0.39,0.44,2026-08-31,1043,N20,nominal,2.0NRT,282.1,2.29,N
48.06253,-120.83092,296.64,0.39,0.44,2026-08-31,1043,N20,nominal,2.0NRT,280.7,0.92,N
48.05854,-120.83226,302.56,0.39,0.44,2026-08-31,1043,N20,nominal,2.0NRT,280.55,0.92,N
48.05753,-120.82787,302.14,0.39,0.44,2026-08-31,1043,N20,nominal,2.0NRT,282.43,0.92,N
48.05355,-120.82927,306.24,0.39,0.44,2026-08-31,1043,N20,nominal,2.0NRT,281.53,1.24,N
48.05218,-120.8306,299.7,0.39,0.44,2026-08-31,1043,N20,nominal,2.0NRT,280.64,0.99,N
47.91071,-120.38741,297.13,0.41,0.45,2026-08-31,1043,N20,nominal,2.0NRT,281.41,0.89,N
47.90963,-120.38275,307.92,0.41,0.45,2026-08-31,1043,N20,nominal,2.0NRT,281.66,1.87,N
47.90855,-120.37819,317.88,0.41,0.45,2026-08-31,1043,N20,nominal,2.0NRT,281.56,1.87,N
46.16492,-113.92878,303.73,0.44,0.62,2026-08-31,1043,N20,nominal,2.0NRT,276.57,0.97,N
46.16335,-113.92366,302.61,0.44,0.62,2026-08-31,1043,N20,nominal,2.0NRT,277.34,0.97,N
46.15818,-113.90689,295.98,0.44,0.63,2026-08-31,1043,N20,nominal,2.0NRT,278.52,0.66,N
47.90649,-120.38809,323.55,0.41,0.45,2026-08-31,1043,N20,nominal,2.0NRT,282.64,2.8,N
46.15988,-113.9329,346.09,0.44,0.62,2026-08-31,1043,N20,nominal,2.0NRT,282.19,7.78,N
47.90535,-120.3833,303.69,0.41,0.45,2026-08-31,1043,N20,nominal,2.0NRT,281.18,2.56,N
47.891,-120.35964,302.51,0.41,0.45,2026-08-31,1043,N20,nominal,2.0NRT,279.95,1.27,N
47.8868,-120.36046,307.93,0.41,0.45,2026-08-31,1043,N20,nominal,2.0NRT,280.46,1.27,N
47.88215,-120.37811,304.17,0.41,0.45,2026-08-31,1043,N20,nominal,2.0NRT,281.83,1.3,N
47.88106,-120.37345,300.93,0.41,0.45,2026-08-31,1043,N20,nominal,2.0NRT,281.5,1.1,N
47.87597,-120.35194,296.05,0.41,0.45,2026-08-31,1043,N20,nominal,2.0NRT,280.51,0.52,N
47.94703,-120.7106,302.76,0.4,0.44,2026-08-31,1043,N20,nominal,2.0NRT,280.38,1.23,N
47.8498,-120.35307,333.61,0.41,0.45,2026-08-31,1043,N20,nominal,2.0NRT,278.61,5.68,N
47.84871,-120.34846,335.36,0.41,0.45,2026-08-31,1043,N20,nominal,2.0NRT,281.98,5.68,N
47.9286,-120.72436,296.25,0.4,0.44,2026-08-31,1043,N20,nominal,2.0NRT,280.13,0.65,N
47.92345,-120.72088,295.01,0.4,0.44,2026-08-31,1043,N20,nominal,2.0NRT,280.48,1.45,N
47.92223,-120.71567,297.45,0.4,0.44,2026-08-31,1043,N20,nominal,2.0NRT,279.93,1.37,N
47.9183,-120.71739,323.72,0.4,0.44,2026-08-31,1043,N20,nominal,2.0NRT,281.02,1.37,N
47.91318,-120.71404,309.69,0.4,0.44,2026-08-31,1043,N20,nominal,2.0NRT,280.05,1.52,N
47.91306,-120.71561,295.07,0.4,0.44,2026-08-31,1043,N20,nominal,2.0NRT,280.33,0.79,N
47.91589,-120.84077,295.06,0.39,0.44,2026-08-31,1043,N20,nominal,2.0NRT,281.82,0.87,N
47.91081,-120.83734,299.45,0.39,0.44,2026-08-31,1043,N20,nominal,2.0NRT,284.89,0.87,N
47.90363,-120.82486,332.6,0.39,0.44,2026-08-31,1043,N20,nominal,2.0NRT,282.18,3.45,N
47.90268,-120.82072,330.63,0.4,0.44,2026-08-31,1043,N20,nominal,2.0NRT,285.77,3.45,N
47.90175,-120.81669,295.64,0.4,0.44,2026-08-31,1043,N20,nominal,2.0NRT,282.61,1.19,N
47.84356,-120.56531,295.11,0.41,0.45,2026-08-31,1043,N20,nominal,2.0NRT,276.32,0.62,N
47.89968,-120.82636,312.97,0.39,0.44,2026-08-31,1043,N20,nominal,2.0NRT,281.41,3.45,N
46.29578,-115.02415,311.74,0.39,0.59,2026-08-31,1043,N20,nominal,2.0NRT,277.16,2.21,N
46.29019,-115.02543,317.54,0.39,0.59,2026-08-31,1043,N20,nominal,2.0NRT,279.38,1.69,N
46.28878,-115.02074,298.24,0.39,0.59,2026-08-31,1043,N20,nominal,2.0NRT,278.08,1.69,N
46.28741,-115.01618,306.26,0.39,0.59,2026-08-31,1043,N20,nominal,2.0NRT,279.62,1.72,N
46.28938,-115.04265,302.26,0.39,0.59,2026-08-31,1043,N20,nominal,2.0NRT,277.76,1.45,N
46.28829,-115.03903,312.32,0.39,0.59,2026-08-31,1043,N20,nominal,2.0NRT,279.67,1.45,N
46.28717,-115.0353,299.13,0.39,0.59,2026-08-31,1043,N20,nominal,2.0NRT,279.16,2.49,N
46.29276,-115.02257,321.52,0.39,0.59,2026-08-31,1043,N20,nominal,2.0NRT,279.72,1.66,N
46.29416,-115.02733,304.54,0.39,0.59,2026-08-31,1043,N20,nominal,2.0NRT,276.44,2.32,N
46.29128,-115.01756,295.41,0.39,0.59,2026-08-31,1043,N20,nominal,2.0NRT,278.77,1.66,N
46.28991,-115.01289,307.32,0.39,0.59,2026-08-31,1043,N20,nominal,2.0NRT,279.51,2.01,N
46.28591,-115.01954,300.47,0.39,0.59,2026-08-31,1043,N20,nominal,2.0NRT,278.01,1.66,N
46.2865,-115.04175,336.61,0.39,0.59,2026-08-31,1043,N20,nominal,2.0NRT,279.97,3.57,N
46.28539,-115.03802,310.69,0.39,0.59,2026-08-31,1043,N20,nominal,2.0NRT,280.98,3.57,N
46.27752,-115.03155,341.91,0.39,0.59,2026-08-31,1043,N20,nominal,2.0NRT,280.36,3.47,N
46.27869,-115.03548,295.69,0.39,0.59,2026-08-31,1043,N20,nominal,2.0NRT,278.46,3.47,N
46.10818,-114.82742,330.08,0.4,0.6,2026-08-31,1043,N20,nominal,2.0NRT,280.02,3.4,N
46.10677,-114.82275,307.72,0.4,0.6,2026-08-31,1043,N20,nominal,2.0NRT,279.44,1.71,N
46.1054,-114.81824,303.6,0.4,0.6,2026-08-31,1043,N20,nominal,2.0NRT,279.35,1.71,N
46.10817,-114.82926,311.94,0.4,0.6,2026-08-31,1043,N20,nominal,2.0NRT,278.39,2.18,N
46.10664,-114.8241,314.76,0.4,0.6,2026-08-31,1043,N20,nominal,2.0NRT,280.17,2.18,N
46.10533,-114.81972,305.27,0.41,0.6,2026-08-31,1043,N20,nominal,2.0NRT,279.77,1.86,N
46.09222,-115.05859,320.52,0.39,0.6,2026-08-31,1043,N20,nominal,2.0NRT,279.99,1.44,N
46.09085,-115.05405,295.09,0.39,0.6,2026-08-31,1043,N20,nominal,2.0NRT,279.03,1.44,N
46.0866,-115.05989,314.12,0.39,0.6,2026-08-31,1043,N20,nominal,2.0NRT,280.39,1.44,N
46.08332,-115.06896,297.42,0.39,0.6,2026-08-31,1043,N20,nominal,2.0NRT,280.31,0.68,N
46.08485,-115.11404,300.99,0.39,0.6,2026-08-31,1043,N20,nominal,2.0NRT,280.03,0.83,N
46.08032,-115.11892,305.08,0.39,0.6,2026-08-31,1043,N20,nominal,2.0NRT,280.64,0.83,N
46.0871,-115.0682,297.77,0.39,0.6,2026-08-31,1043,N20,nominal,2.0NRT,279.55,1.11,N
46.08273,-115.11438,305.92,0.39,0.6,2026-08-31,1043,N20,nominal,2.0NRT,281.3,1.54,N
45.7288,-114.64396,295.69,0.42,0.61,2026-08-31,1043,N20,nominal,2.0NRT,273.58,0.61,N
47.47924,-121.22441,316.51,0.39,0.44,2026-08-31,1043,N20,nominal,2.0NRT,282.23,1.53,N
47.47525,-121.22565,304.51,0.39,0.44,2026-08-31,1043,N20,nominal,2.0NRT,281.03,1.04,N
47.47221,-121.24944,295.64,0.39,0.44,2026-08-31,1043,N20,nominal,2.0NRT,280.92,0.68,N
47.47076,-121.25229,297.18,0.39,0.44,2026-08-31,1043,N20,nominal,2.0NRT,281.47,0.42,N
47.45899,-121.23801,306.24,0.39,0.44,2026-08-31,1043,N20,nominal,2.0NRT,282.31,2.01,N
47.45786,-121.23303,298.4,0.39,0.44,2026-08-31,1043,N20,nominal,2.0NRT,281.77,1.28,N
45.72912,-114.64052,301.87,0.42,0.61,2026-08-31,1043,N20,nominal,2.0NRT,273.65,1.01,N
47.4542,-121.23569,299.04,0.39,0.44,2026-08-31,1043,N20,nominal,2.0NRT,281.99,1.28,N
47.45298,-121.23034,316.72,0.39,0.44,2026-08-31,1043,N20,nominal,2.0NRT,282.35,1.28,N
47.57289,-122.37196,320.79,0.52,0.42,2026-08-31,1043,N20,nominal,2.0NRT,283.47,1.83,N
47.57144,-122.36527,296.68,0.52,0.42,2026-08-31,1043,N20,nominal,2.0NRT,284.99,1.83,N
47.56704,-122.34496,301.28,0.53,0.42,2026-08-31,1043,N20,nominal,2.0NRT,284.9,1.11,N
45.98159,-117.96704,302.36,0.59,0.53,2026-08-31,1043,N20,nominal,2.0NRT,281.94,1.13,N
45.98177,-117.96718,296.22,0.59,0.53,2026-08-31,1043,N20,nominal,2.0NRT,281.63,0.99,N
45.97736,-117.97021,300.94,0.59,0.53,2026-08-31,1043,N20,nominal,2.0NRT,281.98,1.99,N
45.95465,-117.98268,299.27,0.59,0.53,2026-08-31,1043,N20,nominal,2.0NRT,281.58,1.37,N
46.9763,-122.2886,299.23,0.54,0.42,2026-08-31,1043,N20,nominal,2.0NRT,280.37,0.9,N
45.59806,-118.22246,331.28,0.59,0.53,2026-08-31,1043,N20,nominal,2.0NRT,283.84,2.89,N
45.59051,-118.19434,329.04,0.59,0.53,2026-08-31,1043,N20,nominal,2.0NRT,283.11,6.82,N
45.58852,-118.18697,335.1,0.59,0.53,2026-08-31,1043,N20,nominal,2.0NRT,288.48,7.4,N
45.60371,-118.24352,298.3,0.59,0.53,2026-08-31,1043,N20,nominal,2.0NRT,281.78,1.31,N
45.60187,-118.23664,297.1,0.59,0.53,2026-08-31,1043,N20,nominal,2.0NRT,283.26,1.31,N
45.59566,-118.23291,296.68,0.59,0.53,2026-08-31,1043,N20,nominal,2.0NRT,281.86,2.89,N
45.59357,-118.2251,299.93,0.59,0.53,2026-08-31,1043,N20,nominal,2.0NRT,279.89,2.89,N
45.59814,-118.2226,324.23,0.59,0.53,2026-08-31,1043,N20,nominal,2.0NRT,283.52,3.07,N
45.59073,-118.19437,325.89,0.59,0.53,2026-08-31,1043,N20,nominal,2.0NRT,283.04,6.46,N
45.58879,-118.18698,338.04,0.59,0.53,2026-08-31,1043,N20,nominal,2.0NRT,288.83,6.46,N
45.60721,-118.2572,295.61,0.59,0.53,2026-08-31,1043,N20,nominal,2.0NRT,281.13,0.89,N
45.60369,-118.24376,296.08,0.59,0.53,2026-08-31,1043,N20,nominal,2.0NRT,281.51,1.16,N
45.60188,-118.23685,296.45,0.59,0.53,2026-08-31,1043,N20,nominal,2.0NRT,283.04,2.12,N
45.59571,-118.23313,299.85,0.59,0.53,2026-08-31,1043,N20,nominal,2.0NRT,282.21,2.12,N
45.59365,-118.22527,312.24,0.59,0.53,2026-08-31,1043,N20,nominal,2.0NRT,280.31,3.07,N
45.64822,-120.21758,297.69,0.48,0.48,2026-08-31,1043,N20,nominal,2.0NRT,280.75,1.43,N
44.82803,-118.21537,304.12,0.62,0.54,2026-08-31,1043,N20,nominal,2.0NRT,283.41,2.61,N
44.82578,-118.20699,303.77,0.62,0.54,2026-08-31,1043,N20,nominal,2.0NRT,283.92,1.53,N
44.82758,-118.2334,296.98,0.62,0.54,2026-08-31,1043,N20,nominal,2.0NRT,282.11,2.12,N
44.82548,-118.22562,299.57,0.62,0.54,2026-08-31,1043,N20,nominal,2.0NRT,282.62,2.61,N
44.82083,-118.20837,295.96,0.62,0.54,2026-08-31,1043,N20,nominal,2.0NRT,281.41,1.53,N
44.82479,-118.24272,307.33,0.62,0.54,2026-08-31,1043,N20,nominal,2.0NRT,280.16,3.22,N
44.82272,-118.23503,307.47,0.62,0.54,2026-08-31,1043,N20,nominal,2.0NRT,283.7,3.22,N
44.82073,-118.22768,303.74,0.62,0.54,2026-08-31,1043,N20,nominal,2.0NRT,283.85,2.14,N
44.81573,-118.22881,296.68,0.62,0.54,2026-08-31,1043,N20,nominal,2.0NRT,281.61,2.14,N
44.8189,-118.27972,304.66,0.62,0.54,2026-08-31,1043,N20,nominal,2.0NRT,282.87,2.23,N
44.81265,-118.25665,307.77,0.62,0.54,2026-08-31,1043,N20,nominal,2.0NRT,283.15,2.69,N
44.81393,-118.28097,302.85,0.62,0.54,2026-08-31,1043,N20,nominal,2.0NRT,283.6,1.89,N
44.81181,-118.27316,299.79,0.62,0.54,2026-08-31,1043,N20,nominal,2.0NRT,284.33,1.89,N
44.80765,-118.25779,307.89,0.62,0.54,2026-08-31,1043,N20,nominal,2.0NRT,283.94,5.65,N
44.80465,-118.26631,337.94,0.62,0.54,2026-08-31,1043,N20,nominal,2.0NRT,284.99,5.65,N
44.80914,-118.28285,296.57,0.62,0.54,2026-08-31,1043,N20,nominal,2.0NRT,282.38,1.89,N
44.8069,-118.2746,295.07,0.62,0.54,2026-08-31,1043,N20,nominal,2.0NRT,281.59,1.89,N
44.81603,-118.27929,302.91,0.62,0.54,2026-08-31,1043,N20,nominal,2.0NRT,283.5,2.24,N
44.80994,-118.25627,304.63,0.62,0.54,2026-08-31,1043,N20,nominal,2.0NRT,283.71,2.59,N
44.80685,-118.26456,322.13,0.62,0.54,2026-08-31,1043,N20,nominal,2.0NRT,284.3,4.27,N
44.81113,-118.28075,303.55,0.62,0.54,2026-08-31,1043,N20,nominal,2.0NRT,284.25,2.24,N
44.80902,-118.27277,304.41,0.62,0.54,2026-08-31,1043,N20,nominal,2.0NRT,283.89,4.27,N
44.80497,-118.25746,303.43,0.62,0.54,2026-08-31,1043,N20,nominal,2.0NRT,282.81,2.59,N
44.80205,-118.2664,323.29,0.62,0.54,2026-08-31,1043,N20,nominal,2.0NRT,281.06,5.08,N
44.54127,-117.42355,299.8,0.34,0.56,2026-08-31,1043,N20,nominal,2.0NRT,281.73,0.67,N
42.68608,-111.59667,319.53,0.73,0.76,2026-08-31,1043,N20,nominal,2.0NRT,274.9,6.59,N
43.82986,-115.60463,309.35,0.44,0.62,2026-08-31,1043,N20,nominal,2.0NRT,277.56,2,N
43.8254,-115.61046,295.86,0.44,0.62,2026-08-31,1043,N20,nominal,2.0NRT,276.98,1.32,N
43.82127,-115.61742,310.71,0.44,0.62,2026-08-31,1043,N20,nominal,2.0NRT,279.31,2.71,N
43.8171,-115.62424,343.38,0.44,0.62,2026-08-31,1043,N20,nominal,2.0NRT,278.8,6.93,N
43.8154,-115.61861,301.32,0.44,0.62,2026-08-31,1043,N20,nominal,2.0NRT,279.23,2.71,N
43.81148,-115.62622,339.65,0.44,0.62,2026-08-31,1043,N20,nominal,2.0NRT,277.39,5.46,N
43.80984,-115.62083,311.17,0.44,0.62,2026-08-31,1043,N20,nominal,2.0NRT,279.02,4.4,N
43.82387,-115.61504,300.13,0.44,0.62,2026-08-31,1043,N20,nominal,2.0NRT,277.91,1.71,N
43.81982,-115.6223,321.11,0.44,0.62,2026-08-31,1043,N20,nominal,2.0NRT,278.2,3.41,N
43.81815,-115.61666,296.5,0.44,0.62,2026-08-31,1043,N20,nominal,2.0NRT,278.95,3.41,N
43.81395,-115.62345,367,0.44,0.62,2026-08-31,1043,N20,high,2.0NRT,280.56,3.41,N
43.81233,-115.61797,299.18,0.44,0.62,2026-08-31,1043,N20,nominal,2.0NRT,278.19,3.41,N
43.80885,-115.62719,303.38,0.44,0.62,2026-08-31,1043,N20,nominal,2.0NRT,276.14,1.25,N
45.56102,-122.73629,295.14,0.56,0.43,2026-08-31,1043,N20,nominal,2.0NRT,285.06,0.8,N
45.12724,-122.08515,303.52,0.41,0.45,2026-08-31,1043,N20,nominal,2.0NRT,282.2,0.83,N
45.03103,-121.89575,295.69,0.42,0.45,2026-08-31,1043,N20,nominal,2.0NRT,280.95,0.24,N
45.02693,-121.897,336.56,0.42,0.45,2026-08-31,1043,N20,nominal,2.0NRT,283.65,4.65,N
45.02368,-121.8831,302.5,0.42,0.45,2026-08-31,1043,N20,nominal,2.0NRT,283.94,1.71,N
45.02881,-121.89817,334.56,0.42,0.45,2026-08-31,1043,N20,nominal,2.0NRT,282.27,3.14,N
45.02773,-121.89342,310.32,0.42,0.45,2026-08-31,1043,N20,nominal,2.0NRT,284.53,3.14,N
45.0256,-121.88416,300.27,0.42,0.45,2026-08-31,1043,N20,nominal,2.0NRT,283.03,1.11,N
45.02448,-121.87923,297.72,0.42,0.45,2026-08-31,1043,N20,nominal,2.0NRT,283.99,1.2,N
45.05532,-122.05264,344.87,0.41,0.45,2026-08-31,1043,N20,nominal,2.0NRT,287.03,2.85,N
45.05645,-122.05761,295.74,0.41,0.45,2026-08-31,1043,N20,nominal,2.0NRT,281.48,2.85,N
45.04598,-122.0117,303.5,0.41,0.45,2026-08-31,1043,N20,nominal,2.0NRT,283.47,1.05,N
45.04504,-122.00758,295.1,0.41,0.45,2026-08-31,1043,N20,nominal,2.0NRT,284.1,1.05,N
45.05031,-122.04973,337.66,0.41,0.45,2026-08-31,1043,N20,nominal,2.0NRT,285.45,6.5,N
45.04598,-122.03074,344.83,0.41,0.45,2026-08-31,1043,N20,nominal,2.0NRT,287.99,5.32,N
45.05141,-122.05457,316.54,0.41,0.45,2026-08-31,1043,N20,nominal,2.0NRT,284.26,2.85,N
45.04492,-122.02607,300.48,0.41,0.45,2026-08-31,1043,N20,nominal,2.0NRT,283.81,5.32,N
45.0475,-122.05647,322.86,0.41,0.45,2026-08-31,1043,N20,nominal,2.0NRT,285.44,1.58,N
45.04641,-122.05167,348.64,0.41,0.45,2026-08-31,1043,N20,nominal,2.0NRT,289.4,3.9,N
45.04532,-122.04691,325.87,0.41,0.45,2026-08-31,1043,N20,nominal,2.0NRT,286.11,3.9,N
45.04315,-122.03741,320.14,0.41,0.45,2026-08-31,1043,N20,nominal,2.0NRT,285.59,1.87,N
45.04862,-122.06141,307.31,0.41,0.45,2026-08-31,1043,N20,nominal,2.0NRT,282.61,1.58,N
45.04424,-122.04214,307.52,0.41,0.45,2026-08-31,1043,N20,nominal,2.0NRT,284.45,1.87,N
45.04206,-122.03265,296.42,0.41,0.45,2026-08-31,1043,N20,nominal,2.0NRT,283.45,1.52,N
45.0037,-121.86511,297.23,0.42,0.45,2026-08-31,1043,N20,nominal,2.0NRT,281.32,0.48,N
45.04471,-122.06331,300.09,0.41,0.45,2026-08-31,1043,N20,nominal,2.0NRT,282.44,1.58,N
45.04359,-122.05838,310.74,0.41,0.45,2026-08-31,1043,N20,nominal,2.0NRT,283.41,1.58,N
45.04252,-122.05373,318.03,0.41,0.45,2026-08-31,1043,N20,nominal,2.0NRT,284.17,3.9,N
45.04145,-122.04903,301.28,0.41,0.45,2026-08-31,1043,N20,nominal,2.0NRT,283.36,3.9,N
45.04036,-122.04427,318.3,0.41,0.45,2026-08-31,1043,N20,nominal,2.0NRT,285.27,1.87,N
45.03967,-122.06027,295.27,0.41,0.45,2026-08-31,1043,N20,nominal,2.0NRT,282.55,0.72,N
45.03756,-122.05104,319.3,0.41,0.45,2026-08-31,1043,N20,nominal,2.0NRT,283.19,1.47,N
45.03645,-122.04618,303.37,0.41,0.45,2026-08-31,1043,N20,nominal,2.0NRT,282.76,1.47,N
45.03573,-122.06207,302.3,0.41,0.45,2026-08-31,1043,N20,nominal,2.0NRT,282.04,0.72,N
45.03464,-122.0573,296.42,0.41,0.45,2026-08-31,1043,N20,nominal,2.0NRT,282.53,1.47,N
45.03064,-122.05883,318.17,0.41,0.45,2026-08-31,1043,N20,nominal,2.0NRT,284.1,1.17,N
45.02955,-122.05403,296.64,0.41,0.45,2026-08-31,1043,N20,nominal,2.0NRT,284.05,1.17,N
45.02845,-122.04924,316.56,0.41,0.45,2026-08-31,1043,N20,nominal,2.0NRT,284.89,1.26,N
45.02736,-122.04447,299.23,0.41,0.45,2026-08-31,1043,N20,nominal,2.0NRT,284.36,1.26,N
45.02673,-122.06071,298.24,0.41,0.45,2026-08-31,1043,N20,nominal,2.0NRT,282.95,1.17,N
45.02565,-122.056,307.65,0.41,0.45,2026-08-31,1043,N20,nominal,2.0NRT,282.76,1.17,N
45.02457,-122.0513,303.63,0.41,0.45,2026-08-31,1043,N20,nominal,2.0NRT,282.56,1.26,N
45.02349,-122.0466,310.16,0.41,0.45,2026-08-31,1043,N20,nominal,2.0NRT,283,1.26,N
43.14675,-115.67059,295.59,0.46,0.63,2026-08-31,1043,N20,nominal,2.0NRT,278.81,0.86,N
43.97119,-122.39457,296.71,0.42,0.45,2026-08-31,1043,N20,nominal,2.0NRT,283.86,0.38,N
43.41679,-123.52826,297.99,0.38,0.43,2026-08-31,1043,N20,nominal,2.0NRT,282.64,0.79,N
40.82319,-114.2561,310.11,0.63,0.72,2026-08-31,1043,N20,nominal,2.0NRT,283.95,2.52,N
41.5877,-117.69347,296.56,0.41,0.6,2026-08-31,1043,N20,nominal,2.0NRT,284.5,1.14,N
37.88567,-121.18556,301.11,0.34,0.56,2026-08-31,1045,N20,nominal,2.0NRT,287.17,0.18,N
37.88246,-121.18604,303.81,0.34,0.56,2026-08-31,1045,N20,nominal,2.0NRT,287.94,0.39,N
38.01685,-122.11258,301.76,0.6,0.53,2026-08-31,1045,N20,nominal,2.0NRT,290.15,1.96,N
37.03601,-120.13229,296.94,0.4,0.6,2026-08-31,1045,N20,nominal,2.0NRT,285.33,0.71,N
37.02975,-120.1338,295.49,0.4,0.6,2026-08-31,1045,N20,nominal,2.0NRT,284.87,0.57,N
36.29457,-121.69118,304.61,0.35,0.57,2026-08-31,1045,N20,nominal,2.0NRT,286.93,0.76,N
36.28999,-121.78029,299.48,0.35,0.56,2026-08-31,1045,N20,nominal,2.0NRT,287.12,0.86,N
36.28905,-121.77666,300.02,0.35,0.56,2026-08-31,1045,N20,nominal,2.0NRT,286.88,0.63,N
36.28812,-121.77299,298.6,0.35,0.56,2026-08-31,1045,N20,nominal,2.0NRT,286.54,0.63,N
36.28713,-121.76913,296.99,0.35,0.56,2026-08-31,1045,N20,nominal,2.0NRT,285.58,0.63,N
36.28502,-121.78223,304.85,0.35,0.56,2026-08-31,1045,N20,nominal,2.0NRT,286.69,1.08,N
36.2355,-121.63268,313.93,0.35,0.57,2026-08-31,1045,N20,nominal,2.0NRT,284.85,0.99,N
36.2346,-121.62917,303.35,0.35,0.57,2026-08-31,1045,N20,nominal,2.0NRT,285.47,0.99,N
36.23378,-121.62601,295.19,0.35,0.57,2026-08-31,1045,N20,nominal,2.0NRT,284.99,0.49,N
35.95726,-121.33705,312.53,0.37,0.58,2026-08-31,1045,N20,nominal,2.0NRT,285.9,1.26,N
35.95617,-121.33286,295.83,0.37,0.58,2026-08-31,1045,N20,nominal,2.0NRT,284.99,1.26,N
35.95388,-121.3241,300.37,0.37,0.58,2026-08-31,1045,N20,nominal,2.0NRT,284.6,0.97,N
35.9636,-121.38301,298.62,0.37,0.58,2026-08-31,1045,N20,nominal,2.0NRT,286.59,0.73,N
35.94989,-121.33047,296.31,0.37,0.58,2026-08-31,1045,N20,nominal,2.0NRT,285.51,0.97,N
35.94682,-121.31872,306.19,0.37,0.58,2026-08-31,1045,N20,nominal,2.0NRT,285.31,1.91,N
35.97323,-121.44158,330.68,0.37,0.58,2026-08-31,1045,N20,nominal,2.0NRT,292.43,11.32,N
35.97411,-121.44495,309.62,0.37,0.58,2026-08-31,1045,N20,nominal,2.0NRT,287.84,10.65,N
35.95921,-121.38776,304.48,0.37,0.58,2026-08-31,1045,N20,nominal,2.0NRT,289.07,0.95,N
35.95806,-121.38338,302.27,0.37,0.58,2026-08-31,1045,N20,nominal,2.0NRT,288.89,2.11,N
35.9469,-121.34062,304.9,0.37,0.58,2026-08-31,1045,N20,nominal,2.0NRT,287.31,1.61,N
35.96899,-121.44682,367,0.37,0.58,2026-08-31,1045,N20,high,2.0NRT,300.75,10.65,N
35.96802,-121.44312,351.74,0.37,0.58,2026-08-31,1045,N20,nominal,2.0NRT,306.73,11.32,N
35.96708,-121.43949,341.22,0.37,0.58,2026-08-31,1045,N20,nominal,2.0NRT,298.17,11.32,N
35.96992,-121.45041,297.89,0.37,0.58,2026-08-31,1045,N20,nominal,2.0NRT,285.39,10.65,N
35.96612,-121.43582,314.2,0.37,0.58,2026-08-31,1045,N20,nominal,2.0NRT,290.08,2.23,N
35.96517,-121.43218,304.01,0.37,0.58,2026-08-31,1045,N20,nominal,2.0NRT,287.32,2.23,N
35.95625,-121.39801,306.94,0.37,0.58,2026-08-31,1045,N20,nominal,2.0NRT,287.54,2.01,N
35.95508,-121.39352,299.4,0.37,0.58,2026-08-31,1045,N20,nominal,2.0NRT,287.62,0.95,N
35.95395,-121.38918,297.89,0.37,0.58,2026-08-31,1045,N20,nominal,2.0NRT,287.19,0.95,N
35.96329,-121.44647,367,0.37,0.58,2026-08-31,1045,N20,high,2.0NRT,292.43,5.07,N
35.96241,-121.44313,322.02,0.37,0.58,2026-08-31,1045,N20,nominal,2.0NRT,289.98,2.99,N
35.96425,-121.45017,319.09,0.37,0.58,2026-08-31,1045,N20,nominal,2.0NRT,285.86,5.07,N
35.96155,-121.43982,299.44,0.37,0.58,2026-08-31,1045,N20,nominal,2.0NRT,287.48,2.99,N
35.96066,-121.43642,298.06,0.37,0.58,2026-08-31,1045,N20,nominal,2.0NRT,287.2,1.56,N
35.95346,-121.40887,299.21,0.37,0.58,2026-08-31,1045,N20,nominal,2.0NRT,288.14,1.44,N
35.95236,-121.40465,303.97,0.37,0.58,2026-08-31,1045,N20,nominal,2.0NRT,289.04,0.84,N
35.95129,-121.40055,300.85,0.37,0.58,2026-08-31,1045,N20,nominal,2.0NRT,288.51,0.84,N
35.93097,-121.32297,298.78,0.37,0.58,2026-08-31,1045,N20,nominal,2.0NRT,288.43,0.82,N
35.93011,-121.31969,300.93,0.37,0.58,2026-08-31,1045,N20,nominal,2.0NRT,289.07,0.82,N
35.92926,-121.31643,298.87,0.37,0.58,2026-08-31,1045,N20,nominal,2.0NRT,288.19,0.94,N
35.92842,-121.31326,299.12,0.37,0.58,2026-08-31,1045,N20,nominal,2.0NRT,288.18,0.94,N
35.95672,-121.44283,349.77,0.37,0.58,2026-08-31,1045,N20,nominal,2.0NRT,287.45,2.99,N
35.95761,-121.44621,298.01,0.37,0.58,2026-08-31,1045,N20,nominal,2.0NRT,282.73,5.07,N
35.95584,-121.43948,298.5,0.37,0.58,2026-08-31,1045,N20,nominal,2.0NRT,285.3,2.99,N
35.9258,-121.32481,298.62,0.37,0.58,2026-08-31,1045,N20,nominal,2.0NRT,286.96,0.82,N
35.93159,-121.38988,312.69,0.37,0.58,2026-08-31,1045,N20,nominal,2.0NRT,284.84,1.52,N
35.8985,-121.3286,322.88,0.37,0.58,2026-08-31,1045,N20,nominal,2.0NRT,286.12,2.4,N
35.89937,-121.32656,314.58,0.37,0.58,2026-08-31,1045,N20,nominal,2.0NRT,285.08,0.84,N
35.89437,-121.32908,301.39,0.37,0.58,2026-08-31,1045,N20,nominal,2.0NRT,285.52,0.84,N
35.90063,-121.37527,298.21,0.37,0.58,2026-08-31,1045,N20,nominal,2.0NRT,287.7,1.34,N
35.89986,-121.37228,300.4,0.37,0.58,2026-08-31,1045,N20,nominal,2.0NRT,290.04,1.68,N
35.89206,-121.40754,303.12,0.37,0.58,2026-08-31,1045,N20,nominal,2.0NRT,285.86,1.57,N
35.89124,-121.40436,317.17,0.37,0.58,2026-08-31,1045,N20,nominal,2.0NRT,289.58,1.57,N
35.8904,-121.40112,300.29,0.37,0.58,2026-08-31,1045,N20,nominal,2.0NRT,289.49,2.12,N
35.87486,-121.34104,300,0.37,0.58,2026-08-31,1045,N20,nominal,2.0NRT,286.32,1.09,N
35.87375,-121.33678,312.07,0.37,0.58,2026-08-31,1045,N20,nominal,2.0NRT,286.33,0.88,N
35.87275,-121.33292,298.42,0.37,0.58,2026-08-31,1045,N20,nominal,2.0NRT,285.79,0.88,N
35.87174,-121.32903,297.43,0.37,0.58,2026-08-31,1045,N20,nominal,2.0NRT,285.86,0.47,N
35.88887,-121.41694,350.71,0.37,0.58,2026-08-31,1045,N20,nominal,2.0NRT,288.11,3.98,N
35.88724,-121.41065,346.3,0.37,0.58,2026-08-31,1045,N20,nominal,2.0NRT,292.85,3.58,N
35.87772,-121.37392,330.34,0.37,0.58,2026-08-31,1045,N20,nominal,2.0NRT,289.48,1.46,N
35.88807,-121.41386,302.36,0.37,0.58,2026-08-31,1045,N20,nominal,2.0NRT,288.48,3.98,N
35.88634,-121.4072,306.35,0.37,0.58,2026-08-31,1045,N20,nominal,2.0NRT,288.72,3.58,N
35.87938,-121.3803,306.68,0.37,0.58,2026-08-31,1045,N20,nominal,2.0NRT,287.56,1.93,N
35.87855,-121.37709,299.13,0.37,0.58,2026-08-31,1045,N20,nominal,2.0NRT,288.92,1.93,N
35.87685,-121.37055,301.16,0.37,0.58,2026-08-31,1045,N20,nominal,2.0NRT,287.94,1.46,N
35.86902,-121.34033,300.54,0.37,0.58,2026-08-31,1045,N20,nominal,2.0NRT,287.41,0.92,N
35.86798,-121.33633,306.31,0.37,0.58,2026-08-31,1045,N20,nominal,2.0NRT,288.28,0.92,N
35.867,-121.33253,304.54,0.37,0.58,2026-08-31,1045,N20,nominal,2.0NRT,288.65,1.52,N
35.88383,-121.41924,353.55,0.37,0.58,2026-08-31,1045,N20,nominal,2.0NRT,289.87,3.98,N
35.87501,-121.38519,367,0.37,0.58,2026-08-31,1045,N20,high,2.0NRT,292.65,6.51,N
35.88301,-121.41605,315.24,0.37,0.58,2026-08-31,1045,N20,nominal,2.0NRT,287.88,3.98,N
35.87595,-121.38882,309.97,0.37,0.58,2026-08-31,1045,N20,nominal,2.0NRT,286.01,6.51,N
35.87415,-121.38187,314.9,0.37,0.58,2026-08-31,1045,N20,nominal,2.0NRT,287.72,1.93,N
35.87328,-121.37854,301.27,0.37,0.58,2026-08-31,1045,N20,nominal,2.0NRT,287.5,1.93,N
35.8724,-121.37515,305.2,0.37,0.58,2026-08-31,1045,N20,nominal,2.0NRT,285.38,1.46,N
34.62417,-117.10011,301.91,0.68,0.74,2026-08-31,1045,N20,nominal,2.0NRT,288.25,2.08,N
34.60965,-117.3409,298.95,0.66,0.73,2026-08-31,1045,N20,nominal,2.0NRT,286.83,0.98,N
34.60776,-117.33463,299.21,0.66,0.73,2026-08-31,1045,N20,nominal,2.0NRT,286.14,1.41,N
34.33613,-118.52098,304.51,0.58,0.7,2026-08-31,1045,N20,nominal,2.0NRT,287.81,1.11,N
34.15521,-118.19491,298.77,0.61,0.71,2026-08-31,1045,N20,nominal,2.0NRT,286.71,0.42,N
33.85283,-118.33379,302.15,0.61,0.71,2026-08-31,1045,N20,nominal,2.0NRT,289.86,1.08,N
33.85278,-118.33609,300.7,0.61,0.71,2026-08-31,1045,N20,nominal,2.0NRT,289.64,1.12,N
19.41611,-155.27264,305.12,0.53,0.5,2026-08-31,1232,N20,nominal,2.0NRT,291.66,3.38,N
19.4126,-155.27863,310.22,0.53,0.5,2026-08-31,1232,N20,nominal,2.0NRT,291.63,3.99,N
19.41158,-155.27367,319.32,0.53,0.5,2026-08-31,1232,N20,nominal,2.0NRT,296.54,3.38,N
19.41632,-155.27475,311.21,0.53,0.5,2026-08-31,1232,N20,nominal,2.0NRT,292.65,2.62,N
19.41179,-155.27577,324.36,0.53,0.5,2026-08-31,1232,N20,nominal,2.0NRT,297.11,3.13,N
19.41081,-155.27081,304.57,0.53,0.5,2026-08-31,1232,N20,nominal,2.0NRT,292.9,4.05,N
19.40824,-155.28175,304.22,0.53,0.5,2026-08-31,1232,N20,nominal,2.0NRT,290.76,3.13,N
19.40725,-155.27676,312.94,0.53,0.5,2026-08-31,1232,N20,nominal,2.0NRT,295.01,3.13,N
19.40369,-155.28273,326.6,0.53,0.5,2026-08-31,1232,N20,nominal,2.0NRT,300.09,4.37,N
19.40572,-155.29298,303.21,0.53,0.5,2026-08-31,1232,N20,nominal,2.0NRT,290.07,2.93,N
19.40467,-155.28769,312.64,0.53,0.5,2026-08-31,1232,N20,nominal,2.0NRT,294.05,2.93,N
19.40272,-155.2778,307.94,0.53,0.5,2026-08-31,1232,N20,nominal,2.0NRT,291.37,4.37,N
36.24804,-75.88161,367,0.66,0.73,2026-08-31,1705,N20,high,2.0NRT,290.56,19.22,D
38.06606,-76.68762,356.34,0.65,0.73,2026-08-31,1705,N20,low,2.0NRT,285.04,148.25,D
38.07013,-76.69776,348.95,0.65,0.73,2026-08-31,1705,N20,nominal,2.0NRT,287.78,34.18,D
38.07232,-76.69066,356.55,0.65,0.73,2026-08-31,1705,N20,low,2.0NRT,285.89,34.18,D
38.06404,-76.68948,356.15,0.65,0.73,2026-08-31,1705,N20,low,2.0NRT,285.7,14.37,D
38.06809,-76.69952,340.87,0.65,0.73,2026-08-31,1705,N20,nominal,2.0NRT,288.05,92.22,D
38.07032,-76.69244,356.33,0.65,0.73,2026-08-31,1705,N20,low,2.0NRT,289.46,173.85,D
45.88597,-71.18633,329.61,0.43,0.46,2026-08-31,1705,N20,nominal,2.0NRT,291.53,1.58,D
45.57272,-73.51996,326.87,0.55,0.51,2026-08-31,1705,N20,low,2.0NRT,301.25,4.65,D
45.83553,-73.24888,330.18,0.53,0.5,2026-08-31,1705,N20,nominal,2.0NRT,304.54,5.97,D
45.83987,-73.25121,341.05,0.53,0.5,2026-08-31,1705,N20,nominal,2.0NRT,301.18,5.97,D
46.24557,-73.52247,326.58,0.53,0.5,2026-08-31,1705,N20,nominal,2.0NRT,293.43,1.44,D
27.08125,-82.03698,342.52,0.38,0.36,2026-08-31,1841,N20,nominal,2.0NRT,298.92,5.2,D
27.23771,-81.94697,330.92,0.39,0.36,2026-08-31,1841,N20,nominal,2.0NRT,295.59,1.94,D
27.60812,-81.52795,335.44,0.39,0.36,2026-08-31,1841,N20,nominal,2.0NRT,299,1.88,D
27.72968,-81.50927,334.15,0.39,0.36,2026-08-31,1841,N20,nominal,2.0NRT,299.54,3.17,D
27.76686,-81.60488,334.73,0.39,0.36,2026-08-31,1841,N20,nominal,2.0NRT,297.9,2.75,D
27.97851,-81.73596,332.86,0.39,0.36,2026-08-31,1841,N20,nominal,2.0NRT,296.74,2.26,D
28.48417,-82.56058,330.81,0.38,0.36,2026-08-31,1841,N20,nominal,2.0NRT,296.25,2.04,D
28.69665,-81.8847,339.22,0.39,0.36,2026-08-31,1841,N20,nominal,2.0NRT,301.65,14.4,D
28.69996,-81.88533,339.56,0.39,0.36,2026-08-31,1841,N20,nominal,2.0NRT,301.25,14.4,D
28.69236,-82.02985,340.3,0.39,0.36,2026-08-31,1841,N20,nominal,2.0NRT,296.14,3.69,D
28.81848,-82.07334,332.82,0.39,0.36,2026-08-31,1841,N20,nominal,2.0NRT,297.64,4.06,D
28.96197,-82.41115,337.5,0.39,0.36,2026-08-31,1841,N20,nominal,2.0NRT,298.77,5.91,D
28.9448,-82.59316,339.23,0.38,0.36,2026-08-31,1841,N20,nominal,2.0NRT,299.28,3.45,D
28.95079,-82.59835,330.87,0.38,0.36,2026-08-31,1841,N20,nominal,2.0NRT,299,1.97,D
29.13213,-82.24963,337.33,0.39,0.36,2026-08-31,1841,N20,nominal,2.0NRT,300.19,5.65,D
29.15247,-82.38721,331.09,0.39,0.36,2026-08-31,1841,N20,nominal,2.0NRT,297.73,1.75,D
29.23306,-82.43897,335.32,0.39,0.36,2026-08-31,1841,N20,nominal,2.0NRT,298.04,4.95,D
29.28963,-82.44588,333.57,0.39,0.36,2026-08-31,1841,N20,nominal,2.0NRT,298.78,3.09,D
29.43828,-82.36034,334.43,0.39,0.36,2026-08-31,1841,N20,nominal,2.0NRT,297.6,3.94,D
29.7667,-82.18191,334.93,0.39,0.36,2026-08-31,1841,N20,nominal,2.0NRT,296.97,3.21,D
29.82436,-82.48285,331.05,0.39,0.36,2026-08-31,1841,N20,nominal,2.0NRT,296.11,3.34,D
30.02816,-81.48812,330.37,0.4,0.37,2026-08-31,1841,N20,nominal,2.0NRT,289.4,1.96,D
30.01724,-81.88102,332.38,0.39,0.36,2026-08-31,1841,N20,nominal,2.0NRT,297.31,4.06,D
29.97655,-83.49625,333.22,0.38,0.36,2026-08-31,1841,N20,nominal,2.0NRT,297.41,2.44,D
30.05727,-83.2807,345.64,0.38,0.36,2026-08-31,1841,N20,nominal,2.0NRT,299.29,8.77,D
30.13391,-82.82388,347.91,0.38,0.36,2026-08-31,1841,N20,nominal,2.0NRT,303.88,7.2,D
30.30503,-82.19202,341.74,0.39,0.36,2026-08-31,1841,N20,nominal,2.0NRT,294.89,2.92,D
30.45248,-81.55543,333.82,0.4,0.37,2026-08-31,1841,N20,nominal,2.0NRT,296.54,3.01,D
30.5609,-81.85052,336.09,0.4,0.37,2026-08-31,1841,N20,nominal,2.0NRT,296.88,3.33,D
30.39105,-83.34748,347.69,0.38,0.36,2026-08-31,1841,N20,nominal,2.0NRT,301.6,6.62,D
30.39045,-83.35144,347.75,0.38,0.36,2026-08-31,1841,N20,nominal,2.0NRT,302.94,6.08,D
30.39373,-83.35211,350.32,0.38,0.36,2026-08-31,1841,N20,nominal,2.0NRT,300.02,8.96,D
30.55756,-83.05775,336.23,0.38,0.36,2026-08-31,1841,N20,nominal,2.0NRT,299.95,2.82,D
30.5142,-83.86768,339.91,0.39,0.36,2026-08-31,1841,N20,nominal,2.0NRT,299.37,4.85,D
30.77444,-83.12985,335.99,0.38,0.36,2026-08-31,1843,N20,nominal,2.0NRT,298.63,5.71,D
30.31614,-86.02627,331.49,0.43,0.38,2026-08-31,1843,N20,nominal,2.0NRT,290.8,2.59,D
30.73229,-83.53932,335.82,0.38,0.36,2026-08-31,1843,N20,nominal,2.0NRT,295.32,3.55,D
30.83696,-83.67564,332.86,0.38,0.36,2026-08-31,1843,N20,nominal,2.0NRT,295.8,3.37,D
30.84024,-83.67632,339.55,0.38,0.36,2026-08-31,1843,N20,nominal,2.0NRT,296.63,3.76,D
30.90558,-84.76579,330.28,0.39,0.37,2026-08-31,1843,N20,nominal,2.0NRT,300.23,2.34,D
31.43389,-82.94683,332.59,0.39,0.36,2026-08-31,1843,N20,nominal,2.0NRT,297.12,2.04,D
31.63089,-82.02996,346.3,0.4,0.37,2026-08-31,1843,N20,nominal,2.0NRT,297.64,4.52,D
31.6303,-82.03413,339.91,0.4,0.37,2026-08-31,1843,N20,nominal,2.0NRT,296.51,4.52,D
31.63365,-82.03478,336.48,0.4,0.37,2026-08-31,1843,N20,nominal,2.0NRT,297.86,4.02,D
31.34443,-84.11063,344.98,0.39,0.36,2026-08-31,1843,N20,nominal,2.0NRT,300.8,20.8,D
31.62029,-82.33831,339.14,0.39,0.36,2026-08-31,1843,N20,nominal,2.0NRT,297.39,5.88,D
31.51106,-83.13615,331.42,0.39,0.36,2026-08-31,1843,N20,nominal,2.0NRT,295.19,1.58,D
31.00546,-86.27935,344.42,0.43,0.38,2026-08-31,1843,N20,nominal,2.0NRT,306.22,21.71,D
31.00891,-86.28017,348.69,0.43,0.38,2026-08-31,1843,N20,nominal,2.0NRT,305.92,13.25,D
31.00812,-86.28462,356.18,0.43,0.38,2026-08-31,1843,N20,nominal,2.0NRT,301.99,13.25,D
31.7854,-81.34071,331.24,0.42,0.37,2026-08-31,1843,N20,nominal,2.0NRT,295.48,2.78,D
32.06234,-82.02335,330.21,0.4,0.37,2026-08-31,1843,N20,low,2.0NRT,301.96,3.23,D
32.06569,-82.02399,330.27,0.4,0.37,2026-08-31,1843,N20,low,2.0NRT,302.84,3.23,D
32.02235,-82.35525,332.67,0.39,0.37,2026-08-31,1843,N20,nominal,2.0NRT,297.59,2.62,D
32.02176,-82.3594,332.65,0.39,0.37,2026-08-31,1843,N20,nominal,2.0NRT,297.66,3.7,D
29.83531,-93.96356,334.94,0.38,0.59,2026-08-31,1843,N20,nominal,2.0NRT,296.82,3.81,D
29.83307,-93.96267,333.44,0.38,0.59,2026-08-31,1843,N20,nominal,2.0NRT,295.98,2.16,D
32.0899,-82.40198,344.55,0.39,0.37,2026-08-31,1843,N20,nominal,2.0NRT,300.11,8.75,D
31.89157,-84.03024,332.08,0.38,0.36,2026-08-31,1843,N20,nominal,2.0NRT,297.38,2.31,D
31.47336,-86.70713,339.23,0.44,0.38,2026-08-31,1843,N20,nominal,2.0NRT,286.75,94.52,D
31.47684,-86.70796,339.74,0.44,0.38,2026-08-31,1843,N20,nominal,2.0NRT,287.39,94.52,D
31.47765,-86.70341,279.43,0.44,0.38,2026-08-31,1843,N20,low,2.0NRT,310.72,94.52,D
30.22239,-93.07127,328.36,0.33,0.55,2026-08-31,1843,N20,nominal,2.0NRT,289.83,3.76,D
32.27486,-82.60361,343.31,0.39,0.36,2026-08-31,1843,N20,nominal,2.0NRT,297.09,12.18,D
30.58453,-91.85625,337.8,0.55,0.51,2026-08-31,1843,N20,nominal,2.0NRT,293.47,5.73,D
31.12795,-89.5259,341.38,0.4,0.44,2026-08-31,1843,N20,nominal,2.0NRT,293.61,5.22,D
30.86041,-90.84792,337.36,0.48,0.48,2026-08-31,1843,N20,nominal,2.0NRT,287.3,2.27,D
30.86062,-90.85014,340.29,0.48,0.48,2026-08-31,1843,N20,nominal,2.0NRT,288.82,6.05,D
31.46092,-88.01742,331.81,0.5,0.41,2026-08-31,1843,N20,nominal,2.0NRT,296.58,4.74,D
32.10001,-84.50409,330.1,0.39,0.36,2026-08-31,1843,N20,nominal,2.0NRT,300.16,2.56,D
32.28205,-83.57049,343.41,0.38,0.36,2026-08-31,1843,N20,low,2.0NRT,313.76,154.03,D
32.28533,-83.57117,344.28,0.38,0.36,2026-08-31,1843,N20,nominal,2.0NRT,313.47,22.23,D
32.28472,-83.57522,333.25,0.38,0.36,2026-08-31,1843,N20,nominal,2.0NRT,299.55,22.23,D
32.28862,-83.57186,344.74,0.38,0.36,2026-08-31,1843,N20,nominal,2.0NRT,305.92,22.23,D
32.29251,-83.5685,339.01,0.38,0.36,2026-08-31,1843,N20,nominal,2.0NRT,301.43,7.35,D
32.2919,-83.57255,349.66,0.38,0.36,2026-08-31,1843,N20,nominal,2.0NRT,310.54,34.9,D
32.52035,-82.28124,336.49,0.4,0.37,2026-08-31,1843,N20,nominal,2.0NRT,299.4,4.2,D
29.14163,-98.77664,345.15,0.76,0.77,2026-08-31,1843,N20,nominal,2.0NRT,293.42,9.57,D
32.58417,-82.47813,347.29,0.4,0.37,2026-08-31,1843,N20,nominal,2.0NRT,301.51,9.42,D
32.5875,-82.4788,346.95,0.4,0.37,2026-08-31,1843,N20,nominal,2.0NRT,301.57,8.14,D
29.1411,-98.7746,342.97,0.76,0.77,2026-08-31,1843,N20,nominal,2.0NRT,293.58,10.33,D
32.66678,-82.25648,333.36,0.4,0.37,2026-08-31,1843,N20,nominal,2.0NRT,297.05,5.64,D
32.66954,-82.26137,342.53,0.4,0.37,2026-08-31,1843,N20,nominal,2.0NRT,294.38,5.64,D
32.67289,-82.26202,339.59,0.4,0.37,2026-08-31,1843,N20,nominal,2.0NRT,301.33,4.28,D
31.95992,-87.30923,340.3,0.46,0.39,2026-08-31,1843,N20,nominal,2.0NRT,296.86,4.69,D
32.67861,-83.64758,335.86,0.38,0.36,2026-08-31,1843,N20,nominal,2.0NRT,298.18,3.49,D
32.58787,-84.6934,333.16,0.39,0.36,2026-08-31,1843,N20,nominal,2.0NRT,301.19,4.06,D
31.3741,-91.49463,338.39,0.51,0.49,2026-08-31,1843,N20,nominal,2.0NRT,296.35,8.74,D
32.94398,-83.00092,333.02,0.39,0.36,2026-08-31,1843,N20,nominal,2.0NRT,298.86,2.68,D
33.0898,-82.97878,333.4,0.39,0.36,2026-08-31,1843,N20,nominal,2.0NRT,301.82,2.04,D
32.79876,-85.01514,330.38,0.39,0.36,2026-08-31,1843,N20,nominal,2.0NRT,297.41,1.52,D
32.89505,-85.3062,337.52,0.39,0.36,2026-08-31,1843,N20,low,2.0NRT,309.23,49.96,D
32.89836,-85.30696,347.92,0.39,0.36,2026-08-31,1843,N20,nominal,2.0NRT,310.34,42.88,D
33.4155,-81.89796,332.81,0.41,0.37,2026-08-31,1843,N20,low,2.0NRT,307.12,6.28,D
31.37319,-93.3038,336.5,0.32,0.55,2026-08-31,1843,N20,nominal,2.0NRT,296.22,4.91,D
31.37243,-93.30707,350.42,0.32,0.55,2026-08-31,1843,N20,nominal,2.0NRT,296.5,4.91,D
31.37167,-93.3103,353.93,0.32,0.55,2026-08-31,1843,N20,nominal,2.0NRT,296.92,6.8,D
33.90236,-78.46369,340.86,0.38,0.43,2026-08-31,1843,N20,nominal,2.0NRT,294.49,6.07,D
33.4196,-84.14619,338.79,0.38,0.36,2026-08-31,1843,N20,nominal,2.0NRT,304.65,3.57,D
33.70649,-82.93613,331.49,0.39,0.36,2026-08-31,1843,N20,nominal,2.0NRT,299.65,2.29,D
33.35658,-85.33981,332.19,0.39,0.36,2026-08-31,1843,N20,nominal,2.0NRT,296.82,5.29,D
32.41874,-90.37783,341.36,0.42,0.45,2026-08-31,1843,N20,nominal,2.0NRT,297.12,5.37,D
32.41783,-90.38214,331.39,0.42,0.45,2026-08-31,1843,N20,nominal,2.0NRT,295.84,5.37,D
32.42279,-90.37901,349.47,0.42,0.45,2026-08-31,1843,N20,nominal,2.0NRT,296.98,6.42,D
32.42189,-90.38332,345.76,0.42,0.45,2026-08-31,1843,N20,nominal,2.0NRT,296.75,6.42,D
31.95729,-92.91228,367,0.59,0.53,2026-08-31,1843,N20,high,2.0NRT,300.77,12.63,D
34.22252,-79.65195,332.96,0.51,0.41,2026-08-31,1843,N20,nominal,2.0NRT,298.49,3.88,D
31.95867,-92.9062,342.78,0.59,0.53,2026-08-31,1843,N20,nominal,2.0NRT,299.44,12.63,D
31.96339,-92.90767,341.94,0.59,0.53,2026-08-31,1843,N20,nominal,2.0NRT,293.36,15.83,D
31.962,-92.91376,356.51,0.59,0.53,2026-08-31,1843,N20,nominal,2.0NRT,301.59,15.83,D
31.95779,-92.90834,343.1,0.59,0.53,2026-08-31,1843,N20,nominal,2.0NRT,299.18,10.59,D
31.95637,-92.9144,342.89,0.59,0.53,2026-08-31,1843,N20,nominal,2.0NRT,298.87,9.09,D
31.9625,-92.90981,355.7,0.59,0.53,2026-08-31,1843,N20,nominal,2.0NRT,298.69,21.52,D
31.96108,-92.91587,353.58,0.59,0.53,2026-08-31,1843,N20,nominal,2.0NRT,301.04,24.36,D
32.05413,-92.64413,351.93,0.57,0.52,2026-08-31,1843,N20,nominal,2.0NRT,298.9,30.61,D
33.18367,-87.27285,330.91,0.44,0.38,2026-08-31,1843,N20,low,2.0NRT,304.74,6.62,D
33.55825,-85.17087,331.01,0.39,0.36,2026-08-31,1843,N20,nominal,2.0NRT,300.53,2.37,D
33.14671,-88.19739,367,0.48,0.4,2026-08-31,1843,N20,high,2.0NRT,304.82,8.67,D
33.14764,-88.19235,332.04,0.48,0.4,2026-08-31,1843,N20,nominal,2.0NRT,299.05,8.67,D
32.45798,-91.69181,344.3,0.49,0.49,2026-08-31,1843,N20,nominal,2.0NRT,297.84,4.26,D
32.45672,-91.69332,341.26,0.49,0.49,2026-08-31,1843,N20,nominal,2.0NRT,297.07,4.78,D
33.74361,-85.03576,332.08,0.39,0.36,2026-08-31,1843,N20,nominal,2.0NRT,303.09,2.36,D
32.60229,-91.19587,333.95,0.46,0.47,2026-08-31,1843,N20,nominal,2.0NRT,300.66,5.68,D
32.72601,-90.69757,339.86,0.43,0.46,2026-08-31,1843,N20,nominal,2.0NRT,297.67,5.17,D
32.7273,-90.71219,332.96,0.43,0.46,2026-08-31,1843,N20,nominal,2.0NRT,297.59,6.64,D
32.72636,-90.71666,336.45,0.43,0.46,2026-08-31,1843,N20,nominal,2.0NRT,299.22,6.91,D
32.73328,-90.70445,347.64,0.43,0.46,2026-08-31,1843,N20,nominal,2.0NRT,297.7,11.64,D
33.36188,-87.7784,330.6,0.46,0.39,2026-08-31,1843,N20,nominal,2.0NRT,300.16,4.67,D
33.46192,-87.55399,336.03,0.45,0.39,2026-08-31,1843,N20,nominal,2.0NRT,301.93,3.82,D
32.79229,-91.01051,340.96,0.45,0.47,2026-08-31,1843,N20,nominal,2.0NRT,296.9,8.17,D
34.44307,-81.89421,330.11,0.42,0.38,2026-08-31,1843,N20,nominal,2.0NRT,297.64,3.07,D
31.23631,-97.76253,349.74,0.59,0.7,2026-08-31,1843,N20,nominal,2.0NRT,295.38,8.42,D
34.51426,-81.79947,330.78,0.42,0.38,2026-08-31,1843,N20,nominal,2.0NRT,299.31,2.86,D
33.43952,-88.57069,334.69,0.49,0.4,2026-08-31,1843,N20,low,2.0NRT,305.15,4.29,D
32.7274,-92.0508,335.5,0.51,0.49,2026-08-31,1843,N20,nominal,2.0NRT,295.26,3.07,D
32.84631,-91.76671,332.66,0.49,0.49,2026-08-31,1843,N20,nominal,2.0NRT,296.2,2.54,D
34.80955,-81.31837,333.47,0.44,0.38,2026-08-31,1843,N20,nominal,2.0NRT,298.07,2.9,D
34.89896,-81.06655,333.41,0.45,0.39,2026-08-31,1843,N20,nominal,2.0NRT,299.59,1.86,D
34.39039,-84.9565,331.05,0.39,0.36,2026-08-31,1843,N20,low,2.0NRT,304.48,3.31,D
35.09742,-79.93553,345.24,0.5,0.41,2026-08-31,1843,N20,nominal,2.0NRT,298.34,9.5,D
35.09679,-79.94106,333.1,0.5,0.41,2026-08-31,1843,N20,nominal,2.0NRT,297.81,9.5,D
34.43822,-84.91166,337.3,0.39,0.36,2026-08-31,1843,N20,nominal,2.0NRT,305.42,4.15,D
34.85404,-82.14017,337.18,0.42,0.37,2026-08-31,1843,N20,nominal,2.0NRT,302.67,2.92,D
33.84192,-88.55109,332.51,0.48,0.4,2026-08-31,1843,N20,nominal,2.0NRT,298.38,39.55,D
33.84095,-88.55623,337.99,0.48,0.4,2026-08-31,1843,N20,nominal,2.0NRT,309.25,39.55,D
33.255,-91.73006,333.67,0.48,0.48,2026-08-31,1843,N20,nominal,2.0NRT,298.02,6.45,D
33.2593,-91.73137,334.16,0.48,0.48,2026-08-31,1843,N20,nominal,2.0NRT,298.14,6.45,D
33.67364,-90.42491,330.75,0.4,0.44,2026-08-31,1843,N20,low,2.0NRT,305.24,5.61,D
35.16853,-81.41386,333.67,0.44,0.38,2026-08-31,1843,N20,nominal,2.0NRT,294.29,5.66,D
33.60112,-90.94103,331.36,0.43,0.46,2026-08-31,1843,N20,nominal,2.0NRT,299.9,3.68,D
33.6052,-90.94227,331.96,0.43,0.46,2026-08-31,1843,N20,low,2.0NRT,303.03,6.26,D
33.6021,-90.94458,342.59,0.43,0.46,2026-08-31,1843,N20,nominal,2.0NRT,302.58,5.76,D
34.89153,-84.0843,332.12,0.39,0.36,2026-08-31,1843,N20,nominal,2.0NRT,298.95,1.6,D
33.97231,-90.02053,333.69,0.56,0.43,2026-08-31,1843,N20,nominal,2.0NRT,296.74,7.48,D
35.73946,-78.4477,330.54,0.4,0.44,2026-08-31,1843,N20,nominal,2.0NRT,302.57,3.52,D
34.63845,-87.08276,338.01,0.42,0.38,2026-08-31,1843,N20,nominal,2.0NRT,298.85,3.25,D
34.44994,-88.29507,350.47,0.46,0.39,2026-08-31,1843,N20,nominal,2.0NRT,309.89,14.13,D
34.4535,-88.29604,340.38,0.46,0.39,2026-08-31,1843,N20,nominal,2.0NRT,304.35,6.47,D
33.91124,-91.35699,341.88,0.44,0.46,2026-08-31,1843,N20,nominal,2.0NRT,299.46,8.36,D
33.91638,-91.35364,332.57,0.44,0.46,2026-08-31,1843,N20,nominal,2.0NRT,297.08,5.15,D
33.90873,-91.57702,336.14,0.45,0.47,2026-08-31,1843,N20,nominal,2.0NRT,300.36,8.63,D
33.90771,-91.58179,348.46,0.45,0.47,2026-08-31,1843,N20,nominal,2.0NRT,300.28,11.8,D
33.9067,-91.58656,349.52,0.45,0.47,2026-08-31,1843,N20,nominal,2.0NRT,299.48,11.8,D
33.9109,-91.58788,367,0.45,0.47,2026-08-31,1843,N20,high,2.0NRT,300.14,20.16,D
35.02461,-85.61993,334.27,0.39,0.36,2026-08-31,1843,N20,nominal,2.0NRT,301.03,2.68,D
33.90988,-91.59265,338.01,0.45,0.47,2026-08-31,1843,N20,nominal,2.0NRT,300.85,10.3,D
33.90651,-91.58052,351.78,0.45,0.47,2026-08-31,1843,N20,nominal,2.0NRT,301.1,14.77,D
33.90547,-91.58528,342.08,0.45,0.47,2026-08-31,1843,N20,nominal,2.0NRT,298.38,14.77,D
33.90966,-91.5866,354.71,0.45,0.47,2026-08-31,1843,N20,nominal,2.0NRT,299.33,14.77,D
33.90862,-91.59135,342.02,0.45,0.47,2026-08-31,1843,N20,nominal,2.0NRT,302.35,16.63,D
36.24611,-75.88426,341.49,0.56,0.52,2026-08-31,1843,N20,nominal,2.0NRT,298.32,11.4,D
34.41462,-89.63975,335.61,0.53,0.42,2026-08-31,1843,N20,nominal,2.0NRT,299.47,4.6,D
34.89703,-87.13993,333.88,0.42,0.38,2026-08-31,1843,N20,nominal,2.0NRT,303.19,16.31,D
34.32269,-90.36578,355.45,0.38,0.44,2026-08-31,1843,N20,nominal,2.0NRT,306.7,15.12,D
34.32743,-90.36285,341.69,0.38,0.44,2026-08-31,1843,N20,nominal,2.0NRT,300.22,35.46,D
34.3266,-90.36693,271.42,0.38,0.44,2026-08-31,1843,N20,low,2.0NRT,321.33,119.27,D
35.52131,-85.84035,333.18,0.39,0.36,2026-08-31,1843,N20,nominal,2.0NRT,298.92,5.35,D
34.91305,-89.60431,337.98,0.52,0.41,2026-08-31,1843,N20,nominal,2.0NRT,298.88,4.35,D
34.83268,-90.24959,345.41,0.56,0.43,2026-08-31,1843,N20,nominal,2.0NRT,302.76,13.21,D
35.97765,-83.95619,347.59,0.39,0.36,2026-08-31,1843,N20,nominal,2.0NRT,303.15,4.63,D
35.67247,-85.95979,334.08,0.39,0.36,2026-08-31,1843,N20,nominal,2.0NRT,300.75,7.58,D
35.68981,-85.93745,330.23,0.39,0.36,2026-08-31,1843,N20,nominal,2.0NRT,299.12,6.63,D
36.21057,-82.76011,338.87,0.41,0.37,2026-08-31,1843,N20,nominal,2.0NRT,297.12,7.04,D
36.21334,-82.76535,340.12,0.41,0.37,2026-08-31,1843,N20,nominal,2.0NRT,297.54,4.38,D
35.0457,-90.16568,341.21,0.55,0.43,2026-08-31,1843,N20,nominal,2.0NRT,301,17.57,D
36.10239,-85.18946,345.13,0.38,0.36,2026-08-31,1843,N20,nominal,2.0NRT,297.39,9.39,D
36.10501,-85.19445,346.74,0.38,0.36,2026-08-31,1843,N20,nominal,2.0NRT,294.06,11.3,D
33.04843,-99.06999,338.22,0.62,0.72,2026-08-31,1843,N20,nominal,2.0NRT,292.02,2.32,D
33.0547,-99.07245,334.34,0.62,0.72,2026-08-31,1843,N20,nominal,2.0NRT,288.42,2.32,D
33.06096,-99.07493,367,0.62,0.72,2026-08-31,1843,N20,high,2.0NRT,303.65,22.33,D
33.05917,-99.08112,367,0.62,0.72,2026-08-31,1843,N20,high,2.0NRT,304.67,22.27,D
33.06722,-99.07737,342.05,0.62,0.72,2026-08-31,1843,N20,nominal,2.0NRT,298.42,22.33,D
33.06542,-99.08363,332.72,0.62,0.72,2026-08-31,1843,N20,nominal,2.0NRT,300.97,22.27,D
35.54077,-88.72967,331.03,0.47,0.39,2026-08-31,1843,N20,nominal,2.0NRT,298.42,3.07,D
36.17408,-85.55731,331.77,0.39,0.36,2026-08-31,1843,N20,nominal,2.0NRT,297.13,1.48,D
35.72713,-88.80914,332.95,0.47,0.39,2026-08-31,1843,N20,low,2.0NRT,305.81,7.03,D
36.22787,-85.98908,332.35,0.39,0.36,2026-08-31,1843,N20,nominal,2.0NRT,301.36,2.42,D
35.45559,-90.3016,342.04,0.55,0.42,2026-08-31,1843,N20,nominal,2.0NRT,302.79,10.29,D
35.99524,-87.55411,339.03,0.42,0.38,2026-08-31,1843,N20,nominal,2.0NRT,298.42,4.66,D
35.31588,-91.16728,347.25,0.4,0.45,2026-08-31,1843,N20,nominal,2.0NRT,304.15,18.86,D
35.40848,-90.77735,341.84,0.39,0.44,2026-08-31,1843,N20,nominal,2.0NRT,302.69,3.99,D
35.40427,-90.79808,347.62,0.39,0.44,2026-08-31,1843,N20,nominal,2.0NRT,301.92,243.04,D
35.40258,-90.80638,342.89,0.39,0.44,2026-08-31,1843,N20,nominal,2.0NRT,306.89,18.5,D
35.40342,-90.80224,367,0.39,0.44,2026-08-31,1843,N20,low,2.0NRT,339.53,243.04,D
35.40705,-90.77612,338.78,0.38,0.44,2026-08-31,1843,N20,nominal,2.0NRT,302.59,4.9,D
35.40273,-90.79677,346.86,0.39,0.44,2026-08-31,1843,N20,nominal,2.0NRT,305.09,141.68,D
35.40099,-90.80505,335.39,0.39,0.44,2026-08-31,1843,N20,nominal,2.0NRT,309.61,39.77,D
35.40186,-90.80091,367,0.39,0.44,2026-08-31,1843,N20,low,2.0NRT,346.71,141.68,D
35.40577,-90.80212,349.59,0.39,0.44,2026-08-31,1843,N20,nominal,2.0NRT,302.25,141.68,D
35.4049,-90.80625,341.24,0.39,0.44,2026-08-31,1843,N20,nominal,2.0NRT,303.26,39.77,D
35.43045,-90.78334,341.2,0.38,0.44,2026-08-31,1843,N20,nominal,2.0NRT,299.98,4.62,D
35.60892,-89.94683,339.39,0.52,0.42,2026-08-31,1843,N20,nominal,2.0NRT,306.44,14.36,D
35.56662,-90.23763,344.53,0.54,0.42,2026-08-31,1843,N20,nominal,2.0NRT,301.96,20.92,D
35.57041,-90.23876,347.63,0.54,0.42,2026-08-31,1843,N20,nominal,2.0NRT,307.69,20.92,D
35.5742,-90.2399,334.84,0.54,0.42,2026-08-31,1843,N20,nominal,2.0NRT,302.32,4.81,D
35.64701,-89.9343,338.09,0.52,0.42,2026-08-31,1843,N20,nominal,2.0NRT,305.04,11.56,D
36.30135,-86.35513,336.26,0.39,0.36,2026-08-31,1843,N20,nominal,2.0NRT,300.13,7.56,D
36.23259,-86.80977,330.65,0.4,0.37,2026-08-31,1843,N20,low,2.0NRT,305.42,3.89,D
35.62361,-90.46197,331.5,0.55,0.43,2026-08-31,1843,N20,nominal,2.0NRT,299.82,5.61,D
35.78629,-90.12348,333.12,0.53,0.42,2026-08-31,1843,N20,nominal,2.0NRT,302.83,5.06,D
36.19307,-88.01055,331.05,0.43,0.38,2026-08-31,1843,N20,nominal,2.0NRT,298.96,16.4,D
35.88989,-89.78025,336.85,0.51,0.41,2026-08-31,1843,N20,nominal,2.0NRT,305.2,6.78,D
35.93432,-89.71217,337.41,0.5,0.41,2026-08-31,1843,N20,nominal,2.0NRT,306.49,5.63,D
36.24494,-88.6095,332.6,0.45,0.39,2026-08-31,1843,N20,nominal,2.0NRT,300.4,3.79,D
38.06703,-76.69203,348.11,0.53,0.5,2026-08-31,1843,N20,nominal,2.0NRT,299.28,66.35,D
38.07167,-76.69263,338.99,0.53,0.5,2026-08-31,1843,N20,nominal,2.0NRT,293.07,66.35,D
36.15068,-91.78674,341.62,0.42,0.45,2026-08-31,1843,N20,nominal,2.0NRT,303.94,4.2,D
36.14972,-91.79124,339.61,0.42,0.45,2026-08-31,1843,N20,nominal,2.0NRT,300.05,4.2,D
37.70858,-82.95632,330.18,0.41,0.37,2026-08-31,1843,N20,nominal,2.0NRT,293,4.42,D
37.70796,-82.96098,337.43,0.41,0.37,2026-08-31,1843,N20,nominal,2.0NRT,297.98,4.42,D
36.73013,-89.09859,341.77,0.46,0.39,2026-08-31,1843,N20,nominal,2.0NRT,302.11,5.17,D
36.73152,-89.10113,338.65,0.46,0.39,2026-08-31,1843,N20,nominal,2.0NRT,301.73,5.29,D
37.26698,-86.983,334.8,0.4,0.37,2026-08-31,1843,N20,nominal,2.0NRT,298.42,4.46,D
34.9613,-98.21361,338.98,0.5,0.66,2026-08-31,1843,N20,nominal,2.0NRT,298.32,3.7,D
34.95993,-98.21864,330.54,0.5,0.66,2026-08-31,1843,N20,low,2.0NRT,302.46,3.7,D
37.79339,-84.72113,335.02,0.39,0.36,2026-08-31,1843,N20,nominal,2.0NRT,295.4,2.38,D
37.88048,-84.30682,331.9,0.39,0.36,2026-08-31,1843,N20,nominal,2.0NRT,296.6,1.27,D
38.11881,-82.56174,339.76,0.43,0.38,2026-08-31,1843,N20,nominal,2.0NRT,299.45,5.27,D
34.96371,-98.21703,339.06,0.5,0.66,2026-08-31,1843,N20,nominal,2.0NRT,299.45,6.02,D
36.94123,-89.98261,331.66,0.5,0.41,2026-08-31,1843,N20,nominal,2.0NRT,299.16,2.9,D
36.94383,-89.98917,348.58,0.5,0.41,2026-08-31,1843,N20,nominal,2.0NRT,300.83,16.06,D
36.94276,-89.99462,356.11,0.5,0.41,2026-08-31,1843,N20,nominal,2.0NRT,302.99,16.06,D
36.9417,-90.00005,332.12,0.5,0.41,2026-08-31,1843,N20,nominal,2.0NRT,299.89,5.98,D
37.99446,-84.14903,331.92,0.39,0.36,2026-08-31,1843,N20,nominal,2.0NRT,300.52,2.35,D
38.06347,-83.77596,349.14,0.4,0.37,2026-08-31,1843,N20,nominal,2.0NRT,304.75,10.58,D
36.6888,-91.65941,356.11,0.4,0.44,2026-08-31,1843,N20,nominal,2.0NRT,305.86,12.48,D
36.69277,-91.6607,339.76,0.4,0.44,2026-08-31,1843,N20,nominal,2.0NRT,301.02,5.49,D
36.69185,-91.66505,351.12,0.4,0.44,2026-08-31,1843,N20,nominal,2.0NRT,303.93,5.49,D
35.92785,-94.99467,343.56,0.63,0.54,2026-08-31,1843,N20,nominal,2.0NRT,304.05,22.91,D
36.64069,-92.35255,354.88,0.44,0.46,2026-08-31,1843,N20,nominal,2.0NRT,306.59,17.2,D
37.64938,-87.59936,332.27,0.41,0.37,2026-08-31,1843,N20,nominal,2.0NRT,300.34,2.63,D
38.00238,-86.14222,347.42,0.39,0.36,2026-08-31,1843,N20,nominal,2.0NRT,301.48,6.97,D
38.00565,-86.14306,336.61,0.39,0.36,2026-08-31,1843,N20,nominal,2.0NRT,300.77,4.62,D
37.37579,-89.85946,334.86,0.49,0.4,2026-08-31,1845,N20,nominal,2.0NRT,303.55,5.73,D
37.53943,-89.04169,331.6,0.45,0.39,2026-08-31,1845,N20,nominal,2.0NRT,300.07,2.89,D
38.59525,-82.83045,328.75,0.42,0.38,2026-08-31,1845,N20,low,2.0NRT,301.73,2.02,D
37.79657,-89.88743,348.71,0.48,0.4,2026-08-31,1845,N20,nominal,2.0NRT,300.8,7.36,D
37.79603,-89.88961,347.01,0.48,0.4,2026-08-31,1845,N20,nominal,2.0NRT,301.16,8.36,D
38.57942,-85.40932,338.64,0.38,0.36,2026-08-31,1845,N20,nominal,2.0NRT,299.54,3.99,D
38.29248,-87.56157,334.74,0.4,0.37,2026-08-31,1845,N20,nominal,2.0NRT,299.51,3.35,D
38.00658,-90.07868,331.59,0.48,0.4,2026-08-31,1845,N20,low,2.0NRT,303.1,3.49,D
38.44456,-88.27884,331.6,0.42,0.37,2026-08-31,1845,N20,nominal,2.0NRT,299.88,2.38,D
38.32804,-88.94417,354.67,0.44,0.38,2026-08-31,1845,N20,nominal,2.0NRT,307.32,27.11,D
38.32714,-88.94907,335.97,0.44,0.38,2026-08-31,1845,N20,nominal,2.0NRT,305.06,27.11,D
36.41481,-98.80531,351.14,0.49,0.65,2026-08-31,1845,N20,nominal,2.0NRT,305,8.83,D
37.56153,-94.60197,332.52,0.55,0.51,2026-08-31,1845,N20,low,2.0NRT,304.54,2.54,D
39.45177,-84.46314,330.99,0.4,0.37,2026-08-31,1845,N20,nominal,2.0NRT,298.54,3.59,D
37.56443,-94.60555,336.66,0.54,0.51,2026-08-31,1845,N20,nominal,2.0NRT,304.21,3.15,D
38.94574,-88.10639,336.26,0.41,0.37,2026-08-31,1845,N20,nominal,2.0NRT,305.39,6.15,D
38.83584,-89.23387,330.54,0.44,0.38,2026-08-31,1845,N20,nominal,2.0NRT,302.91,1.34,D
38.69091,-90.14054,338.24,0.48,0.4,2026-08-31,1845,N20,low,2.0NRT,310.16,6.69,D
37.07034,-97.33041,353.24,0.39,0.59,2026-08-31,1845,N20,nominal,2.0NRT,308.32,5.26,D
38.32458,-92.50389,332.03,0.41,0.45,2026-08-31,1845,N20,nominal,2.0NRT,301.93,2.91,D
37.8938,-95.10419,340.06,0.57,0.52,2026-08-31,1845,N20,nominal,2.0NRT,308.67,5.97,D
37.89064,-95.10356,334.61,0.57,0.52,2026-08-31,1845,N20,low,2.0NRT,306.04,5.03,D
37.89674,-95.09908,331.16,0.57,0.52,2026-08-31,1845,N20,low,2.0NRT,305.29,5.03,D
37.90133,-95.10078,341.45,0.57,0.52,2026-08-31,1845,N20,nominal,2.0NRT,304.42,5.99,D
37.89983,-95.10696,334.03,0.57,0.52,2026-08-31,1845,N20,low,2.0NRT,305.22,5.99,D
39.38607,-88.96584,330.34,0.43,0.38,2026-08-31,1845,N20,low,2.0NRT,302.03,3.31,D
39.7064,-88.45452,330.15,0.41,0.37,2026-08-31,1845,N20,low,2.0NRT,300.42,1.28,D
39.70667,-88.45719,332.4,0.41,0.37,2026-08-31,1845,N20,nominal,2.0NRT,302.06,4.25,D
39.92089,-87.44521,338.77,0.39,0.36,2026-08-31,1845,N20,nominal,2.0NRT,304.3,3.78,D
40.75512,-81.43395,327.1,0.5,0.41,2026-08-31,1845,N20,nominal,2.0NRT,294.39,4.64,D
38.9463,-93.12014,340.09,0.43,0.46,2026-08-31,1845,N20,nominal,2.0NRT,302.26,3.33,D
39.80649,-89.26608,351.31,0.43,0.38,2026-08-31,1845,N20,nominal,2.0NRT,303.85,8.65,D
40.14309,-88.18294,351.02,0.4,0.37,2026-08-31,1845,N20,nominal,2.0NRT,300.96,3.87,D
40.17245,-89.38645,335.44,0.43,0.38,2026-08-31,1845,N20,nominal,2.0NRT,301.63,4.67,D
40.55444,-87.54665,330.85,0.39,0.36,2026-08-31,1845,N20,nominal,2.0NRT,290.94,2.4,D
39.34196,-94.58717,330.74,0.49,0.49,2026-08-31,1845,N20,nominal,2.0NRT,303.15,3.25,D
39.00869,-96.15955,348.29,0.61,0.53,2026-08-31,1845,N20,nominal,2.0NRT,302.35,13.08,D
39.96084,-92.22777,330.39,0.55,0.43,2026-08-31,1845,N20,nominal,2.0NRT,300.39,2.92,D
39.78973,-93.05901,342.54,0.41,0.45,2026-08-31,1845,N20,nominal,2.0NRT,294.49,8.95,D
40.60535,-89.73468,328.96,0.43,0.38,2026-08-31,1845,N20,nominal,2.0NRT,299.66,2.13,D
41.17763,-87.85854,332.61,0.39,0.36,2026-08-31,1845,N20,nominal,2.0NRT,294.7,3.86,D
39.1458,-97.69904,367,0.36,0.57,2026-08-31,1845,N20,high,2.0NRT,302.09,84.5,D
41.45291,-87.59841,329.01,0.39,0.36,2026-08-31,1845,N20,nominal,2.0NRT,287.14,1.15,D
41.53986,-87.63129,328.69,0.39,0.36,2026-08-31,1845,N20,nominal,2.0NRT,291.12,2.76,D
41.6243,-87.14478,329.14,0.38,0.36,2026-08-31,1845,N20,nominal,2.0NRT,294.31,2.82,D
41.63623,-87.13393,338.69,0.38,0.36,2026-08-31,1845,N20,nominal,2.0NRT,295.79,6.07,D
41.63552,-87.13848,327.26,0.38,0.36,2026-08-31,1845,N20,nominal,2.0NRT,295.99,3.19,D
40.39682,-93.72671,334.12,0.42,0.45,2026-08-31,1845,N20,nominal,2.0NRT,298.27,2.46,D
41.64206,-87.1403,342.76,0.38,0.36,2026-08-31,1845,N20,nominal,2.0NRT,296.48,6.67,D
41.61255,-87.32714,331.95,0.39,0.36,2026-08-31,1845,N20,nominal,2.0NRT,291.74,1.86,D
41.61582,-87.32806,340.58,0.39,0.36,2026-08-31,1845,N20,nominal,2.0NRT,294.61,2.53,D
41.61909,-87.32898,332.54,0.39,0.36,2026-08-31,1845,N20,nominal,2.0NRT,293.71,2.53,D
41.64064,-87.40939,330.98,0.39,0.36,2026-08-31,1845,N20,nominal,2.0NRT,292.55,2.62,D
41.66533,-87.42594,327.13,0.39,0.36,2026-08-31,1845,N20,low,2.0NRT,297.37,4.28,D
39.96101,-95.85491,340.79,0.55,0.51,2026-08-31,1845,N20,nominal,2.0NRT,297.15,9.71,D
41.66309,-87.48266,335.29,0.39,0.36,2026-08-31,1845,N20,nominal,2.0NRT,295.56,3.51,D
41.67075,-87.45615,331.85,0.39,0.36,2026-08-31,1845,N20,nominal,2.0NRT,296.31,2.64,D
41.67002,-87.46073,334.05,0.39,0.36,2026-08-31,1845,N20,nominal,2.0NRT,294.96,2.86,D
41.66929,-87.4653,326.98,0.39,0.36,2026-08-31,1845,N20,nominal,2.0NRT,294.3,2.86,D
43.43511,-88.14731,328.73,0.39,0.36,2026-08-31,1845,N20,nominal,2.0NRT,298.64,1.78,D
43.14956,-90.19659,331.5,0.42,0.38,2026-08-31,1845,N20,nominal,2.0NRT,296.75,2.43,D
41.46478,-99.66742,351.54,0.39,0.59,2026-08-31,1845,N20,nominal,2.0NRT,294.39,6.7,D
41.46353,-99.67187,329.02,0.39,0.59,2026-08-31,1845,N20,nominal,2.0NRT,294.66,5.12,D
43.07715,-95.61075,329.14,0.45,0.47,2026-08-31,1845,N20,nominal,2.0NRT,296.74,2.07,D
43.9355,-95.10109,339.93,0.41,0.45,2026-08-31,1845,N20,nominal,2.0NRT,298.04,3.25,D
44.28013,-93.96561,332.02,0.54,0.42,2026-08-31,1845,N20,nominal,2.0NRT,300.81,3.14,D
44.27909,-93.95894,333.64,0.54,0.42,2026-08-31,1845,N20,nominal,2.0NRT,300.55,5.44,D
46.62486,-92.54997,332.59,0.44,0.38,2026-08-31,1847,N20,nominal,2.0NRT,299.76,3.76,D
46.01777,-95.70512,332.48,0.39,0.44,2026-08-31,1847,N20,nominal,2.0NRT,298.18,2.23,D
45.83712,-97.89721,346.59,0.49,0.49,2026-08-31,1847,N20,nominal,2.0NRT,299.62,6.07,D
18.24011,-73.07137,340.42,0.51,0.49,2026-08-31,1841,N20,nominal,2.0NRT,295.13,5.5,D
18.24146,-73.06941,340.72,0.51,0.49,2026-08-31,1841,N20,nominal,2.0NRT,294.71,2.5,D
17.8404,-77.23613,338.44,0.44,0.39,2026-08-31,1841,N20,nominal,2.0NRT,301.61,2.58,D
17.84393,-77.23666,339.74,0.44,0.39,2026-08-31,1841,N20,nominal,2.0NRT,300.46,2.58,D
17.94274,-76.94154,338.76,0.46,0.39,2026-08-31,1841,N20,nominal,2.0NRT,302.41,4.59,D
18.28964,-77.19583,335.4,0.45,0.39,2026-08-31,1841,N20,nominal,2.0NRT,300.98,2.5,D
18.32853,-77.22852,343.72,0.45,0.39,2026-08-31,1841,N20,nominal,2.0NRT,296.16,8.84,D
18.42537,-77.54865,332.92,0.43,0.38,2026-08-31,1841,N20,low,2.0NRT,305.91,2.42,D
19.69249,-71.60013,354.5,0.33,0.56,2026-08-31,1841,N20,nominal,2.0NRT,286.74,4.97,D
19.69925,-71.58473,344.28,0.33,0.56,2026-08-31,1841,N20,nominal,2.0NRT,286.3,4.59,D
19.65735,-72.17561,332.73,0.61,0.53,2026-08-31,1841,N20,nominal,2.0NRT,292.8,3.25,D
19.99867,-75.35268,343.05,0.39,0.44,2026-08-31,1841,N20,nominal,2.0NRT,299.42,11.47,D
19.99601,-75.35277,343.52,0.39,0.44,2026-08-31,1841,N20,nominal,2.0NRT,297.78,7.26,D
20.00002,-75.35341,343.12,0.39,0.44,2026-08-31,1841,N20,nominal,2.0NRT,298.95,7.26,D
20.2385,-74.14732,342.48,0.46,0.47,2026-08-31,1841,N20,nominal,2.0NRT,299.74,4.56,D
20.0397,-75.94143,336.67,0.54,0.42,2026-08-31,1841,N20,nominal,2.0NRT,302.33,3.69,D
20.1982,-74.94646,355.04,0.41,0.45,2026-08-31,1841,N20,nominal,2.0NRT,303.61,33.37,D
20.19773,-74.95035,336.06,0.41,0.45,2026-08-31,1841,N20,low,2.0NRT,306.51,33.37,D
20.20642,-74.94779,334.47,0.41,0.45,2026-08-31,1841,N20,nominal,2.0NRT,302.62,8.52,D
20.19699,-75.02546,339.82,0.41,0.45,2026-08-31,1841,N20,nominal,2.0NRT,302.91,4.26,D
20.21005,-74.95247,331.09,0.41,0.45,2026-08-31,1841,N20,low,2.0NRT,302.44,4.96,D
20.20959,-74.95623,352.53,0.41,0.45,2026-08-31,1841,N20,nominal,2.0NRT,302.35,5.89,D
20.20915,-74.95989,340.37,0.41,0.45,2026-08-31,1841,N20,nominal,2.0NRT,300.08,5.89,D
20.07833,-76.00968,338.2,0.54,0.42,2026-08-31,1841,N20,nominal,2.0NRT,303.15,6.5,D
20.29225,-74.95288,337.21,0.41,0.45,2026-08-31,1841,N20,nominal,2.0NRT,301.31,3.49,D
20.19684,-75.98698,331.99,0.54,0.42,2026-08-31,1841,N20,low,2.0NRT,304.79,3.59,D
17.61272,-91.39753,335.99,0.49,0.65,2026-08-31,1841,N20,nominal,2.0NRT,293.83,5.06,D
17.61614,-91.40047,367,0.49,0.65,2026-08-31,1841,N20,high,2.0NRT,295.52,8.02,D
17.61712,-91.39598,329.88,0.49,0.65,2026-08-31,1841,N20,nominal,2.0NRT,293.05,8.02,D
18.09107,-89.18965,340.36,0.34,0.56,2026-08-31,1841,N20,nominal,2.0NRT,295.78,4.77,D
20.41902,-74.93308,367,0.42,0.45,2026-08-31,1841,N20,high,2.0NRT,300.83,14.37,D
20.2401,-76.39989,336.52,0.51,0.41,2026-08-31,1841,N20,nominal,2.0NRT,306.6,4.98,D
20.42689,-74.93761,332.3,0.42,0.45,2026-08-31,1841,N20,nominal,2.0NRT,299.71,5.91,D
20.42114,-74.98513,347.15,0.41,0.45,2026-08-31,1841,N20,nominal,2.0NRT,299.03,6.15,D
20.285,-76.0801,331.76,0.53,0.42,2026-08-31,1841,N20,nominal,2.0NRT,301.28,3.11,D
20.24389,-76.40034,335.27,0.51,0.41,2026-08-31,1841,N20,nominal,2.0NRT,305.09,3.94,D
18.24092,-88.57916,339.98,0.62,0.54,2026-08-31,1841,N20,nominal,2.0NRT,294.82,12.46,D
18.23977,-88.58493,336.21,0.62,0.54,2026-08-31,1841,N20,nominal,2.0NRT,293.12,12.46,D
20.46167,-74.96287,353.98,0.42,0.45,2026-08-31,1841,N20,nominal,2.0NRT,305.31,46.86,D
20.46114,-74.9671,354.3,0.42,0.45,2026-08-31,1841,N20,nominal,2.0NRT,303.45,23.53,D
20.46586,-74.96296,351.23,0.42,0.45,2026-08-31,1841,N20,nominal,2.0NRT,299.98,8.13,D
20.47007,-74.96303,343.56,0.42,0.45,2026-08-31,1841,N20,nominal,2.0NRT,299.26,8.13,D
20.46951,-74.96742,337.82,0.42,0.45,2026-08-31,1841,N20,nominal,2.0NRT,302.52,13.42,D
18.32244,-88.44836,329.69,0.61,0.53,2026-08-31,1841,N20,nominal,2.0NRT,296.54,2.19,D
20.4712,-74.97277,340.63,0.42,0.45,2026-08-31,1841,N20,nominal,2.0NRT,299.07,6.04,D
18.32485,-88.45229,334.02,0.61,0.53,2026-08-31,1841,N20,nominal,2.0NRT,297.6,3.45,D
20.37966,-76.42262,334.51,0.51,0.41,2026-08-31,1841,N20,low,2.0NRT,305.84,5.33,D
17.77705,-91.58728,344.66,0.5,0.66,2026-08-31,1841,N20,nominal,2.0NRT,293.4,6.21,D
17.77967,-91.58982,334.61,0.5,0.66,2026-08-31,1841,N20,nominal,2.0NRT,293.07,6.07,D
18.51558,-88.39613,331.08,0.6,0.53,2026-08-31,1841,N20,nominal,2.0NRT,297.47,5.03,D
18.39428,-89.02959,348.37,0.33,0.55,2026-08-31,1841,N20,nominal,2.0NRT,292.42,5.67,D
18.51343,-88.63708,343.26,0.62,0.54,2026-08-31,1841,N20,nominal,2.0NRT,299.06,24.87,D
20.5485,-76.24404,343.45,0.53,0.42,2026-08-31,1841,N20,nominal,2.0NRT,303.84,6.79,D
20.5517,-76.24963,337.64,0.53,0.42,2026-08-31,1841,N20,nominal,2.0NRT,304.1,9.13,D
20.5549,-76.2552,350.31,0.53,0.42,2026-08-31,1841,N20,nominal,2.0NRT,305.41,18.41,D
18.51525,-88.63936,354,0.62,0.54,2026-08-31,1841,N20,nominal,2.0NRT,298.46,23.07,D
20.56193,-76.29201,351.18,0.52,0.42,2026-08-31,1841,N20,nominal,2.0NRT,299.17,7.37,D
20.5613,-76.29703,338.67,0.52,0.42,2026-08-31,1841,N20,nominal,2.0NRT,295.77,7.37,D
20.5683,-76.30311,335.47,0.52,0.42,2026-08-31,1841,N20,nominal,2.0NRT,302.9,2.33,D
17.85803,-92.12919,345.83,0.54,0.68,2026-08-31,1841,N20,nominal,2.0NRT,289.74,8.63,D
17.85746,-92.13068,334.35,0.54,0.68,2026-08-31,1841,N20,nominal,2.0NRT,289.79,5.83,D
17.75253,-92.91579,340.49,0.61,0.71,2026-08-31,1841,N20,nominal,2.0NRT,272.43,17.07,D
20.72832,-76.498,339.17,0.51,0.41,2026-08-31,1841,N20,nominal,2.0NRT,303.69,10.27,D
20.82103,-75.84792,339.83,0.56,0.43,2026-08-31,1841,N20,nominal,2.0NRT,303.37,5.1,D
17.94806,-92.32467,328.37,0.55,0.68,2026-08-31,1841,N20,nominal,2.0NRT,289.22,3.08,D
18.1013,-92.06783,330.73,0.53,0.67,2026-08-31,1841,N20,nominal,2.0NRT,291.82,7.84,D
18.12811,-92.00285,330.38,0.52,0.67,2026-08-31,1841,N20,nominal,2.0NRT,293.94,12.14,D
18.12706,-92.00767,335.58,0.52,0.67,2026-08-31,1841,N20,nominal,2.0NRT,292.44,9.86,D
18.10214,-92.06716,331.08,0.53,0.67,2026-08-31,1841,N20,nominal,2.0NRT,291.64,4.62,D
18.93364,-88.19108,330.18,0.57,0.52,2026-08-31,1841,N20,nominal,2.0NRT,295.02,6.34,D
18.10709,-92.07348,329.59,0.53,0.67,2026-08-31,1841,N20,nominal,2.0NRT,288.18,2.16,D
18.12831,-92.00716,339.34,0.52,0.67,2026-08-31,1841,N20,nominal,2.0NRT,292.05,8.57,D
17.88844,-93.18302,334.07,0.63,0.72,2026-08-31,1841,N20,nominal,2.0NRT,282.84,12.54,D
17.90135,-93.18625,353.2,0.63,0.72,2026-08-31,1841,N20,nominal,2.0NRT,281.4,27.04,D
17.90266,-93.1805,356.33,0.63,0.72,2026-08-31,1841,N20,low,2.0NRT,282.59,26.15,D
20.9967,-75.75446,343.42,0.57,0.43,2026-08-31,1841,N20,nominal,2.0NRT,300.54,7.47,D
21.00017,-76.29863,335.32,0.53,0.42,2026-08-31,1841,N20,nominal,2.0NRT,302.42,3.03,D
18.16517,-92.47022,367,0.56,0.69,2026-08-31,1841,N20,high,2.0NRT,293.54,16.87,D
21.07981,-75.72383,330.89,0.57,0.43,2026-08-31,1841,N20,nominal,2.0NRT,299.08,2.03,D
18.23044,-92.41048,336.02,0.55,0.68,2026-08-31,1841,N20,nominal,2.0NRT,289.4,5.71,D
18.20425,-92.52882,335.85,0.56,0.69,2026-08-31,1841,N20,nominal,2.0NRT,292.84,5.86,D
18.22415,-92.46833,331.88,0.56,0.69,2026-08-31,1841,N20,nominal,2.0NRT,293.24,5.11,D
21.04084,-76.40723,341.92,0.52,0.42,2026-08-31,1841,N20,nominal,2.0NRT,303.79,4.49,D
21.04408,-76.40499,333.29,0.52,0.42,2026-08-31,1841,N20,nominal,2.0NRT,302.74,2.89,D
18.22889,-92.41158,331.84,0.55,0.68,2026-08-31,1841,N20,nominal,2.0NRT,290.81,4.75,D
18.2031,-92.52444,332.66,0.56,0.69,2026-08-31,1841,N20,nominal,2.0NRT,292.58,7.77,D
18.22222,-92.46928,338.97,0.56,0.69,2026-08-31,1841,N20,nominal,2.0NRT,293.67,4.83,D
21.06412,-76.79293,337.19,0.5,0.41,2026-08-31,1841,N20,nominal,2.0NRT,302.17,4.04,D
21.06786,-76.79346,333.28,0.5,0.41,2026-08-31,1841,N20,nominal,2.0NRT,301.84,4.04,D
21.13335,-76.37631,335.16,0.53,0.42,2026-08-31,1841,N20,low,2.0NRT,305.4,3.59,D
21.13718,-76.37684,338.04,0.53,0.42,2026-08-31,1841,N20,nominal,2.0NRT,305.15,3.59,D
21.18393,-76.36562,342.58,0.53,0.42,2026-08-31,1841,N20,nominal,2.0NRT,306.49,4.92,D
18.09299,-94.04229,333.67,0.71,0.75,2026-08-31,1841,N20,nominal,2.0NRT,287.47,6.61,D
18.20379,-94.00124,335.63,0.7,0.75,2026-08-31,1841,N20,nominal,2.0NRT,287.15,5.77,D
18.2023,-94.00769,327.05,0.7,0.75,2026-08-31,1841,N20,nominal,2.0NRT,287.29,5.77,D
18.64102,-92.17087,332.68,0.52,0.67,2026-08-31,1841,N20,nominal,2.0NRT,294.4,5.23,D
18.41665,-93.18613,354.72,0.62,0.71,2026-08-31,1841,N20,nominal,2.0NRT,282.39,13.07,D
18.41537,-93.19181,350.93,0.62,0.71,2026-08-31,1841,N20,nominal,2.0NRT,283.91,13.07,D
18.64169,-92.17138,347.11,0.52,0.67,2026-08-31,1841,N20,nominal,2.0NRT,294.64,7.01,D
18.3572,-93.41418,333.1,0.64,0.72,2026-08-31,1841,N20,nominal,2.0NRT,288.48,6.23,D
18.43631,-93.16039,352.31,0.61,0.71,2026-08-31,1841,N20,nominal,2.0NRT,283.12,14.61,D
18.43502,-93.16599,348.47,0.61,0.71,2026-08-31,1841,N20,nominal,2.0NRT,282.64,15.52,D
19.17705,-89.91882,330.87,0.36,0.58,2026-08-31,1841,N20,low,2.0NRT,305.25,4.73,D
19.17635,-89.9222,330.14,0.36,0.58,2026-08-31,1841,N20,low,2.0NRT,304.52,4.73,D
19.20617,-89.93617,331.4,0.37,0.58,2026-08-31,1841,N20,low,2.0NRT,304.4,7.49,D
19.20629,-89.9362,331.91,0.36,0.58,2026-08-31,1841,N20,low,2.0NRT,304.13,7.33,D
19.2151,-89.92052,330.18,0.36,0.58,2026-08-31,1841,N20,low,2.0NRT,304.01,5.63,D
19.21437,-89.9239,330.29,0.36,0.58,2026-08-31,1841,N20,low,2.0NRT,304.21,5.63,D
21.3964,-77.52375,336.75,0.46,0.39,2026-08-31,1841,N20,nominal,2.0NRT,302.48,4.35,D
21.47481,-77.85341,339.05,0.45,0.39,2026-08-31,1841,N20,nominal,2.0NRT,304.57,18.31,D
21.47422,-77.85773,334.73,0.45,0.39,2026-08-31,1841,N20,nominal,2.0NRT,302.64,7.76,D
21.55448,-77.54467,345.72,0.47,0.39,2026-08-31,1841,N20,nominal,2.0NRT,302.62,18.04,D
21.5581,-77.5452,367,0.47,0.39,2026-08-31,1841,N20,high,2.0NRT,304.66,18.04,D
21.55985,-77.53172,333.11,0.47,0.39,2026-08-31,1841,N20,nominal,2.0NRT,301.64,4.63,D
21.55868,-77.54071,335.01,0.47,0.39,2026-08-31,1841,N20,nominal,2.0NRT,300.41,9.03,D
21.55751,-77.5497,345.06,0.47,0.39,2026-08-31,1841,N20,nominal,2.0NRT,308.62,18.04,D
21.56288,-77.53677,346.12,0.47,0.39,2026-08-31,1841,N20,nominal,2.0NRT,303.76,5.99,D
21.5623,-77.54125,346.12,0.47,0.39,2026-08-31,1841,N20,nominal,2.0NRT,302.15,5.99,D
21.56171,-77.54575,341.4,0.47,0.39,2026-08-31,1841,N20,nominal,2.0NRT,301.82,6.84,D
21.59781,-77.52366,345.69,0.47,0.4,2026-08-31,1841,N20,nominal,2.0NRT,301.91,8.49,D
21.60143,-77.5242,334.68,0.47,0.4,2026-08-31,1841,N20,nominal,2.0NRT,302.12,5.57,D
21.63793,-77.89793,347.01,0.45,0.39,2026-08-31,1841,N20,nominal,2.0NRT,306.74,13.93,D
21.64207,-77.89414,331.7,0.45,0.39,2026-08-31,1841,N20,nominal,2.0NRT,297.24,5.8,D
21.64149,-77.89847,352.49,0.45,0.39,2026-08-31,1841,N20,nominal,2.0NRT,306.01,13.93,D
21.64091,-77.9028,351.89,0.45,0.39,2026-08-31,1841,N20,nominal,2.0NRT,305.22,13.93,D
21.7333,-77.88506,335.81,0.45,0.39,2026-08-31,1841,N20,nominal,2.0NRT,301.35,6.02,D
21.77448,-77.73905,332.88,0.46,0.39,2026-08-31,1841,N20,nominal,2.0NRT,302.12,2.95,D
21.75094,-78.02454,330.55,0.45,0.39,2026-08-31,1841,N20,low,2.0NRT,303.33,4.56,D
21.82417,-77.95989,331.5,0.45,0.39,2026-08-31,1841,N20,low,2.0NRT,303.94,2.57,D
19.36387,-92.00389,346.77,0.49,0.65,2026-08-31,1841,N20,nominal,2.0NRT,289.84,9.69,D
19.36285,-92.00846,346.49,0.49,0.65,2026-08-31,1841,N20,nominal,2.0NRT,290.23,9.3,D
19.39302,-92.04008,337.06,0.5,0.65,2026-08-31,1841,N20,nominal,2.0NRT,289.92,8.79,D
19.39201,-92.04468,354.43,0.5,0.65,2026-08-31,1841,N20,nominal,2.0NRT,290.95,11.26,D
21.86784,-78.17246,331.18,0.44,0.38,2026-08-31,1841,N20,low,2.0NRT,302.49,3.8,D
21.90128,-78.08604,343.95,0.44,0.39,2026-08-31,1841,N20,nominal,2.0NRT,305.09,5.72,D
21.90069,-78.09032,343.46,0.44,0.39,2026-08-31,1841,N20,nominal,2.0NRT,306.65,5.72,D
21.92371,-77.94849,336,0.45,0.39,2026-08-31,1841,N20,nominal,2.0NRT,303.87,2.61,D
21.90482,-78.08657,335.17,0.44,0.39,2026-08-31,1841,N20,low,2.0NRT,305.59,5.72,D
21.90423,-78.09087,333.93,0.44,0.39,2026-08-31,1841,N20,low,2.0NRT,307.04,5.72,D
21.88451,-78.34612,346.38,0.43,0.38,2026-08-31,1841,N20,nominal,2.0NRT,301.32,8.58,D
19.39603,-92.0428,349.16,0.5,0.65,2026-08-31,1841,N20,nominal,2.0NRT,290.81,6.29,D
19.43443,-92.03768,338.92,0.49,0.65,2026-08-31,1841,N20,nominal,2.0NRT,290.72,13.93,D
21.92896,-78.41271,344.64,0.43,0.38,2026-08-31,1841,N20,nominal,2.0NRT,305.63,6.1,D
21.93246,-78.41325,343.16,0.43,0.38,2026-08-31,1841,N20,nominal,2.0NRT,305.04,6.1,D
21.95799,-78.38315,335.52,0.43,0.38,2026-08-31,1841,N20,nominal,2.0NRT,300.97,2.88,D
21.96617,-78.40146,335.32,0.43,0.38,2026-08-31,1841,N20,nominal,2.0NRT,302.03,10.09,D
22.00571,-78.38136,337.47,0.43,0.38,2026-08-31,1841,N20,nominal,2.0NRT,301.31,22.3,D
22.00515,-78.38554,332.01,0.43,0.38,2026-08-31,1841,N20,nominal,2.0NRT,301.76,19.1,D
22.00921,-78.3819,339.08,0.43,0.38,2026-08-31,1841,N20,nominal,2.0NRT,306.76,22.3,D
22.05089,-78.62135,338.82,0.43,0.38,2026-08-31,1841,N20,nominal,2.0NRT,300.38,6.56,D
22.05493,-78.61778,335.09,0.43,0.38,2026-08-31,1841,N20,nominal,2.0NRT,299.97,10.79,D
22.05436,-78.62189,330.28,0.43,0.38,2026-08-31,1841,N20,low,2.0NRT,300.66,6.56,D
22.10661,-78.24949,333.77,0.44,0.38,2026-08-31,1841,N20,low,2.0NRT,303.86,2.26,D
22.05663,-78.62133,345.19,0.43,0.38,2026-08-31,1841,N20,nominal,2.0NRT,299.61,17.44,D
22.17873,-78.82864,331.52,0.42,0.38,2026-08-31,1841,N20,low,2.0NRT,305.65,7.04,D
21.01155,-86.98622,332.6,0.44,0.46,2026-08-31,1841,N20,nominal,2.0NRT,296.93,3.66,D
21.01211,-86.98566,341.26,0.44,0.46,2026-08-31,1841,N20,nominal,2.0NRT,297.45,8.48,D
22.17326,-80.19756,346.76,0.39,0.36,2026-08-31,1841,N20,nominal,2.0NRT,302.33,4.09,D
21.01628,-86.98655,347.36,0.44,0.46,2026-08-31,1841,N20,nominal,2.0NRT,298.46,8.48,D
21.01966,-86.99158,340.96,0.44,0.46,2026-08-31,1841,N20,nominal,2.0NRT,297.26,5.06,D
21.01886,-86.99571,333.66,0.44,0.46,2026-08-31,1841,N20,nominal,2.0NRT,296.79,5.06,D
22.76175,-79.80927,342.79,0.4,0.37,2026-08-31,1841,N20,nominal,2.0NRT,300.74,5.62,D
22.7612,-79.81313,346.19,0.4,0.37,2026-08-31,1841,N20,nominal,2.0NRT,302.63,13.36,D
22.7651,-79.80983,348.63,0.4,0.37,2026-08-31,1841,N20,nominal,2.0NRT,300.27,5.62,D
22.76455,-79.81369,339.44,0.4,0.37,2026-08-31,1841,N20,nominal,2.0NRT,300.07,13.36,D
22.76543,-79.99858,343.73,0.39,0.37,2026-08-31,1841,N20,nominal,2.0NRT,303.89,6.73,D
22.31636,-83.35485,343.21,0.42,0.37,2026-08-31,1841,N20,low,2.0NRT,302.78,6.56,D
22.81749,-80.63844,332.74,0.39,0.36,2026-08-31,1841,N20,nominal,2.0NRT,298.53,3.09,D
22.86224,-80.77248,338.84,0.39,0.36,2026-08-31,1841,N20,nominal,2.0NRT,300.4,6.14,D
22.88863,-80.77707,338.54,0.39,0.36,2026-08-31,1841,N20,nominal,2.0NRT,300.85,3.79,D
22.5793,-82.95306,333.84,0.4,0.37,2026-08-31,1841,N20,low,2.0NRT,299.37,5.74,D
22.58266,-82.95368,335.62,0.4,0.37,2026-08-31,1841,N20,low,2.0NRT,300.26,5.74,D
22.61721,-82.83687,332.54,0.4,0.37,2026-08-31,1841,N20,nominal,2.0NRT,300,4.8,D
22.62056,-82.8375,344.68,0.4,0.37,2026-08-31,1841,N20,nominal,2.0NRT,300.53,4.8,D
22.62771,-82.81498,331.25,0.4,0.37,2026-08-31,1841,N20,low,2.0NRT,302.97,3.94,D
22.62708,-82.81884,337.48,0.4,0.37,2026-08-31,1841,N20,nominal,2.0NRT,301.57,3.94,D
22.63106,-82.81561,333.26,0.4,0.37,2026-08-31,1841,N20,low,2.0NRT,301.61,3.94,D
22.63043,-82.81947,335.97,0.4,0.37,2026-08-31,1841,N20,nominal,2.0NRT,301.91,3.94,D
22.73882,-82.34057,340.69,0.39,0.36,2026-08-31,1841,N20,nominal,2.0NRT,301.9,3.71,D
22.67775,-82.80456,331.57,0.4,0.37,2026-08-31,1841,N20,low,2.0NRT,301.06,4.41,D
22.79763,-82.37873,347.63,0.39,0.36,2026-08-31,1841,N20,nominal,2.0NRT,300.89,10.95,D
23.00851,-81.20002,340.88,0.38,0.36,2026-08-31,1841,N20,nominal,2.0NRT,303.51,3.23,D
23.01011,-81.21175,332.4,0.38,0.36,2026-08-31,1841,N20,low,2.0NRT,303.15,2.19,D
47.4863,-92.79011,327.95,0.43,0.38,2026-08-31,1847,N20,nominal,2.0NRT,296.74,2.05,D
46.51208,-98.24348,340.81,0.49,0.48,2026-08-31,1847,N20,nominal,2.0NRT,302.06,27.65,D
46.5163,-98.24565,349.18,0.49,0.48,2026-08-31,1847,N20,nominal,2.0NRT,309.13,27.65,D
46.51481,-98.25168,346.82,0.49,0.48,2026-08-31,1847,N20,nominal,2.0NRT,304.49,28.58,D
46.54696,-98.42632,333.03,0.5,0.49,2026-08-31,1847,N20,nominal,2.0NRT,300.99,2.81,D
47.29679,-97.43245,330.24,0.43,0.46,2026-08-31,1847,N20,nominal,2.0NRT,301.74,2.82,D
47.85635,-94.91795,330.22,0.5,0.41,2026-08-31,1847,N20,nominal,2.0NRT,295.4,3.67,D
47.85501,-94.92436,330.11,0.5,0.41,2026-08-31,1847,N20,nominal,2.0NRT,296.97,3.67,D
48.39802,-102.90996,367,0.34,0.56,2026-08-31,1847,N20,high,2.0NRT,300.34,17.81,D
48.39679,-102.91426,339.15,0.34,0.56,2026-08-31,1847,N20,nominal,2.0NRT,294.08,17.81,D
17.71747,-92.51829,329.71,0.62,0.71,2026-08-31,2019,N20,nominal,2.0NRT,291.36,3.74,D
17.69843,-92.78561,337.82,0.6,0.7,2026-08-31,2019,N20,nominal,2.0NRT,286.72,10.24,D
17.71587,-92.51907,330.23,0.62,0.72,2026-08-31,2019,N20,nominal,2.0NRT,291.74,4.89,D
17.69856,-92.78688,337.18,0.6,0.7,2026-08-31,2019,N20,nominal,2.0NRT,289.33,6.8,D
17.84258,-91.45381,337.06,0.73,0.76,2026-08-31,2019,N20,nominal,2.0NRT,285.73,11.23,D
17.75249,-92.91112,335.76,0.59,0.7,2026-08-31,2019,N20,nominal,2.0NRT,286.54,22.7,D
17.75843,-92.91728,349.91,0.59,0.7,2026-08-31,2019,N20,nominal,2.0NRT,287.4,34.67,D
17.75896,-92.9117,356.4,0.59,0.7,2026-08-31,2019,N20,low,2.0NRT,286.63,22.7,D
17.7527,-92.91707,349.06,0.59,0.7,2026-08-31,2019,N20,nominal,2.0NRT,287.97,35.74,D
17.75319,-92.91145,356.29,0.59,0.7,2026-08-31,2019,N20,low,2.0NRT,286.96,36.31,D
17.78621,-93.12035,329.04,0.57,0.69,2026-08-31,2019,N20,nominal,2.0NRT,287.66,4.36,D
17.87717,-92.48544,338.44,0.63,0.72,2026-08-31,2019,N20,nominal,2.0NRT,291.47,7.39,D
17.89709,-92.48708,367,0.63,0.72,2026-08-31,2019,N20,high,2.0NRT,291.39,23.01,D
17.83834,-93.11426,367,0.57,0.69,2026-08-31,2019,N20,high,2.0NRT,291.66,32.41,D
17.86035,-92.88174,331.98,0.59,0.7,2026-08-31,2019,N20,nominal,2.0NRT,289.94,5.17,D
17.84474,-93.11475,367,0.57,0.69,2026-08-31,2019,N20,high,2.0NRT,290.41,32.41,D
17.89506,-92.48759,367,0.63,0.72,2026-08-31,2019,N20,high,2.0NRT,291.43,23.48,D
17.8609,-92.88291,328.11,0.59,0.7,2026-08-31,2019,N20,nominal,2.0NRT,288.73,5.96,D
17.84087,-93.11035,341.45,0.57,0.69,2026-08-31,2019,N20,nominal,2.0NRT,291.01,36.53,D
17.84038,-93.11588,345.56,0.57,0.69,2026-08-31,2019,N20,nominal,2.0NRT,293.35,36.53,D
18.00887,-93.33445,332.37,0.55,0.68,2026-08-31,2019,N20,nominal,2.0NRT,289.6,4.45,D
18.06531,-93.09702,332.57,0.57,0.69,2026-08-31,2019,N20,nominal,2.0NRT,291.57,3.97,D
18.15981,-92.47221,338.34,0.63,0.72,2026-08-31,2019,N20,nominal,2.0NRT,290.3,7.66,D
18.16648,-92.47279,336.4,0.63,0.72,2026-08-31,2019,N20,nominal,2.0NRT,290.65,7.66,D
18.16595,-92.47886,336.19,0.63,0.72,2026-08-31,2019,N20,nominal,2.0NRT,290.51,7.66,D
17.97548,-94.52189,330.8,0.46,0.64,2026-08-31,2019,N20,nominal,2.0NRT,290.25,8.62,D
17.98091,-94.52695,328.78,0.46,0.64,2026-08-31,2019,N20,nominal,2.0NRT,290.56,10.08,D
17.98135,-94.52249,356.45,0.46,0.64,2026-08-31,2019,N20,low,2.0NRT,289.99,10.42,D
18.22088,-92.46535,332.91,0.63,0.72,2026-08-31,2019,N20,nominal,2.0NRT,289.03,4.69,D
18.08909,-94.04523,367,0.5,0.66,2026-08-31,2019,N20,high,2.0NRT,290.1,11.18,D
18.22459,-92.46837,328.92,0.63,0.72,2026-08-31,2019,N20,nominal,2.0NRT,289.83,3.79,D
18.09071,-94.04457,367,0.5,0.66,2026-08-31,2019,N20,high,2.0NRT,290.4,8.53,D
18.13366,-94.35315,331.86,0.48,0.64,2026-08-31,2019,N20,nominal,2.0NRT,289.31,2.6,D
18.13321,-94.35769,327.93,0.48,0.64,2026-08-31,2019,N20,nominal,2.0NRT,289.69,2.6,D
18.20503,-94.00271,344.92,0.5,0.66,2026-08-31,2019,N20,nominal,2.0NRT,289.82,6.73,D
18.20455,-94.00749,337.99,0.5,0.66,2026-08-31,2019,N20,nominal,2.0NRT,289.99,6.73,D
18.20032,-94.00208,333.21,0.5,0.66,2026-08-31,2019,N20,nominal,2.0NRT,289.75,4.72,D
18.19987,-94.00687,339.71,0.5,0.66,2026-08-31,2019,N20,nominal,2.0NRT,290.23,4.72,D
18.33638,-92.85141,329.65,0.6,0.71,2026-08-31,2019,N20,nominal,2.0NRT,287.17,5.82,D
18.3424,-92.85773,332.27,0.6,0.71,2026-08-31,2019,N20,nominal,2.0NRT,287,5.82,D
18.299,-93.33869,329.66,0.56,0.69,2026-08-31,2019,N20,nominal,2.0NRT,288.91,3.02,D
18.36263,-93.40865,332,0.55,0.68,2026-08-31,2019,N20,nominal,2.0NRT,288.76,4.89,D
18.36213,-93.41391,329.09,0.55,0.68,2026-08-31,2019,N20,nominal,2.0NRT,288.19,4.89,D
18.35926,-93.4118,353.69,0.55,0.68,2026-08-31,2019,N20,nominal,2.0NRT,288.64,11.03,D
18.41864,-93.17874,347.19,0.57,0.69,2026-08-31,2019,N20,nominal,2.0NRT,289.86,12.69,D
18.41814,-93.18424,351.18,0.57,0.69,2026-08-31,2019,N20,nominal,2.0NRT,290.43,16.55,D
18.43987,-93.15843,353.65,0.57,0.69,2026-08-31,2019,N20,nominal,2.0NRT,289.6,9.97,D
18.43937,-93.16396,347.06,0.57,0.69,2026-08-31,2019,N20,nominal,2.0NRT,291.08,9.77,D
18.97,-96.1256,367,0.37,0.58,2026-08-31,2019,N20,high,2.0NRT,290.4,8.88,D
18.96964,-96.12914,345.51,0.37,0.58,2026-08-31,2019,N20,nominal,2.0NRT,289.97,8,D
19.36507,-91.99712,328.18,0.7,0.75,2026-08-31,2019,N20,nominal,2.0NRT,289.44,9.12,D
19.36453,-92.00388,353.47,0.7,0.75,2026-08-31,2019,N20,nominal,2.0NRT,290.2,9.12,D
19.39637,-92.04032,329.63,0.7,0.75,2026-08-31,2019,N20,nominal,2.0NRT,289.61,11.97,D
19.44879,-92.07812,340,0.69,0.74,2026-08-31,2019,N20,nominal,2.0NRT,289.08,11.72,D
19.44821,-92.08482,350.56,0.69,0.74,2026-08-31,2019,N20,nominal,2.0NRT,289.48,14.76,D
19.39693,-92.03695,336.76,0.7,0.75,2026-08-31,2019,N20,nominal,2.0NRT,289.82,7.03,D
19.43894,-92.0336,345.78,0.7,0.75,2026-08-31,2019,N20,nominal,2.0NRT,289.85,15.48,D
19.00764,-104.25631,335.62,0.4,0.37,2026-08-31,2019,N20,nominal,2.0NRT,284.12,2.8,D
20.51365,-97.47813,343.77,0.63,0.54,2026-08-31,2021,N20,nominal,2.0NRT,286.02,29.36,D
20.51414,-97.47576,342.47,0.63,0.54,2026-08-31,2021,N20,nominal,2.0NRT,284.97,46.24,D
19.91352,-103.54779,331.59,0.42,0.38,2026-08-31,2021,N20,low,2.0NRT,304.24,3.84,D
20.57459,-101.17194,336.65,0.56,0.43,2026-08-31,2021,N20,nominal,2.0NRT,298.84,7.09,D
20.57852,-101.17249,337.92,0.56,0.43,2026-08-31,2021,N20,nominal,2.0NRT,300.27,11.31,D
21.22841,-97.6801,330.91,0.63,0.54,2026-08-31,2021,N20,nominal,2.0NRT,293.87,2.55,D
21.22422,-97.68069,334.48,0.63,0.54,2026-08-31,2021,N20,nominal,2.0NRT,295.58,6.18,D
21.27881,-100.83636,336.53,0.4,0.44,2026-08-31,2021,N20,nominal,2.0NRT,295.62,3.15,D
21.30738,-100.7388,341.35,0.4,0.44,2026-08-31,2021,N20,nominal,2.0NRT,297.35,3.71,D
21.31145,-100.73937,336.49,0.4,0.44,2026-08-31,2021,N20,nominal,2.0NRT,297.57,3.73,D
21.31097,-100.74327,339.28,0.4,0.44,2026-08-31,2021,N20,nominal,2.0NRT,299.32,3.73,D
21.3115,-100.73897,339.55,0.4,0.44,2026-08-31,2021,N20,nominal,2.0NRT,298.08,4.6,D
21.31105,-100.74287,344.39,0.4,0.44,2026-08-31,2021,N20,nominal,2.0NRT,298.66,4.6,D
21.7066,-97.82136,330.36,0.62,0.54,2026-08-31,2021,N20,nominal,2.0NRT,296.07,13.55,D
21.70598,-97.82733,340.35,0.62,0.54,2026-08-31,2021,N20,nominal,2.0NRT,297.77,13.55,D
21.76081,-98.71464,340.59,0.54,0.51,2026-08-31,2021,N20,nominal,2.0NRT,297.76,8.77,D
21.75907,-98.7112,330.93,0.55,0.51,2026-08-31,2021,N20,nominal,2.0NRT,297.94,5.4,D
21.75852,-98.71647,341.21,0.55,0.51,2026-08-31,2021,N20,nominal,2.0NRT,297.6,5.4,D
21.80406,-98.50916,337.23,0.56,0.52,2026-08-31,2021,N20,nominal,2.0NRT,298.6,7.72,D
21.82784,-98.32729,341.52,0.58,0.52,2026-08-31,2021,N20,nominal,2.0NRT,297.88,8.45,D
21.90461,-98.06301,345.32,0.6,0.53,2026-08-31,2021,N20,nominal,2.0NRT,299.35,26.8,D
22.26124,-97.8066,341.92,0.63,0.54,2026-08-31,2021,N20,nominal,2.0NRT,294.55,15.64,D
22.47166,-98.12094,336.51,0.61,0.53,2026-08-31,2021,N20,nominal,2.0NRT,297.99,12.27,D
22.46877,-98.12335,332.35,0.61,0.53,2026-08-31,2021,N20,nominal,2.0NRT,298.78,10.17,D
23.41417,-97.94454,367,0.32,0.55,2026-08-31,2021,N20,high,2.0NRT,299.87,6.65,D
23.41449,-97.94135,346.91,0.32,0.55,2026-08-31,2021,N20,nominal,2.0NRT,295.13,6.65,D
23.61628,-97.95122,340.15,0.32,0.55,2026-08-31,2021,N20,nominal,2.0NRT,295.65,3.25,D
23.62131,-97.95186,367,0.32,0.55,2026-08-31,2021,N20,high,2.0NRT,296.18,8.56,D
23.65396,-97.88039,340.04,0.33,0.55,2026-08-31,2021,N20,nominal,2.0NRT,287.47,4.11,D
23.66158,-98.21307,344.18,0.62,0.54,2026-08-31,2021,N20,nominal,2.0NRT,302.71,14.82,D
24.0071,-99.30067,330.38,0.53,0.5,2026-08-31,2021,N20,nominal,2.0NRT,290.75,6.95,D
24.00654,-99.30596,333.46,0.53,0.5,2026-08-31,2021,N20,nominal,2.0NRT,293.58,6.95,D
24.00598,-99.31126,341.59,0.53,0.5,2026-08-31,2021,N20,nominal,2.0NRT,290.3,9.95,D
24.69441,-98.44045,343.81,0.62,0.54,2026-08-31,2021,N20,nominal,2.0NRT,308.79,17.32,D
24.8022,-99.73988,331.85,0.51,0.5,2026-08-31,2021,N20,low,2.0NRT,302.89,4.77,D
25.10896,-98.13241,336.61,0.33,0.55,2026-08-31,2021,N20,nominal,2.0NRT,303.19,1.81,D
25.11403,-98.13295,334.09,0.33,0.55,2026-08-31,2021,N20,low,2.0NRT,305.21,4.2,D
25.11371,-98.13623,348.35,0.33,0.55,2026-08-31,2021,N20,nominal,2.0NRT,304.82,4.12,D
25.21809,-99.22915,341.5,0.56,0.51,2026-08-31,2021,N20,nominal,2.0NRT,308.49,4.54,D
25.6655,-97.92218,367,0.34,0.56,2026-08-31,2021,N20,high,2.0NRT,308.65,14.06,D
25.66742,-97.921,367,0.34,0.56,2026-08-31,2021,N20,high,2.0NRT,305.98,6.86,D
25.66713,-97.92442,348.77,0.34,0.56,2026-08-31,2021,N20,nominal,2.0NRT,307.42,6.86,D
25.57649,-99.93407,350.85,0.51,0.49,2026-08-31,2021,N20,nominal,2.0NRT,303.37,7.07,D
25.59011,-99.93575,330.86,0.51,0.49,2026-08-31,2021,N20,low,2.0NRT,302.98,5.18,D
25.57764,-99.93204,342.32,0.51,0.49,2026-08-31,2021,N20,nominal,2.0NRT,300.97,6.48,D
25.59127,-99.93372,333.54,0.51,0.49,2026-08-31,2021,N20,low,2.0NRT,304.31,2.81,D
25.8808,-97.94798,367,0.34,0.56,2026-08-31,2021,N20,high,2.0NRT,303.96,12.33,D
25.88048,-97.95139,351.22,0.34,0.56,2026-08-31,2021,N20,nominal,2.0NRT,307.92,14.8,D
25.88247,-97.94849,367,0.34,0.56,2026-08-31,2021,N20,high,2.0NRT,304.84,14.32,D
25.88218,-97.9519,350.79,0.34,0.56,2026-08-31,2021,N20,nominal,2.0NRT,306.97,15.42,D
26.06394,-99.01151,339.79,0.59,0.53,2026-08-31,2021,N20,nominal,2.0NRT,308.89,4.32,D
26.06337,-99.01738,332.84,0.59,0.53,2026-08-31,2021,N20,low,2.0NRT,307.25,4.32,D
26.15822,-98.55111,335.9,0.63,0.54,2026-08-31,2021,N20,nominal,2.0NRT,305.21,5.26,D
26.15761,-98.55743,343.25,0.63,0.54,2026-08-31,2021,N20,nominal,2.0NRT,305.72,5.26,D
26.15867,-98.54828,335.08,0.63,0.54,2026-08-31,2021,N20,low,2.0NRT,305.71,4.35,D
26.1581,-98.55463,345.03,0.63,0.54,2026-08-31,2021,N20,nominal,2.0NRT,305.14,4.35,D
26.24599,-98.69125,334.18,0.62,0.54,2026-08-31,2021,N20,low,2.0NRT,304.82,5,D
26.24712,-98.69243,335.24,0.62,0.54,2026-08-31,2021,N20,nominal,2.0NRT,305.13,3.45,D
25.16336,-111.70813,345.92,0.52,0.41,2026-08-31,2021,N20,nominal,2.0NRT,302.2,19.34,D
29.13826,-98.77164,367,0.33,0.55,2026-08-31,2023,N20,high,2.0NRT,300.68,8.04,D
29.13798,-98.77506,335.53,0.33,0.55,2026-08-31,2023,N20,nominal,2.0NRT,299.58,10.44,D
29.14309,-98.77555,367,0.33,0.55,2026-08-31,2023,N20,high,2.0NRT,302.25,10.44,D
29.14281,-98.77898,367,0.33,0.55,2026-08-31,2023,N20,high,2.0NRT,303.07,10.44,D
29.14337,-98.77213,347.35,0.33,0.55,2026-08-31,2023,N20,nominal,2.0NRT,300.56,8.04,D
31.07253,-99.02881,367,0.33,0.56,2026-08-31,2023,N20,high,2.0NRT,303.95,14.9,D
31.07225,-99.0323,355.26,0.33,0.56,2026-08-31,2023,N20,nominal,2.0NRT,302.85,14.9,D
48.79966,-121.12708,325.49,0.51,0.41,2026-08-31,2029,N20,nominal,2.0NRT,288.27,2,D
31.23496,-97.75925,344.15,0.4,0.6,2026-08-31,2023,N20,nominal,2.0NRT,303.48,13.25,D
49.12205,-122.62379,345.61,0.57,0.43,2026-08-31,2029,N20,nominal,2.0NRT,296.01,8.02,D
31.23467,-97.76351,332.64,0.4,0.6,2026-08-31,2023,N20,nominal,2.0NRT,304.27,27.38,D
31.24051,-97.75978,367,0.4,0.6,2026-08-31,2023,N20,high,2.0NRT,297.17,13.25,D
31.24021,-97.76412,353.08,0.4,0.6,2026-08-31,2023,N20,nominal,2.0NRT,310.25,27.38,D
31.23993,-97.76832,347.15,0.4,0.6,2026-08-31,2023,N20,nominal,2.0NRT,306.05,27.38,D
31.24545,-97.76902,341.95,0.4,0.6,2026-08-31,2023,N20,nominal,2.0NRT,302.05,23.62,D
31.24576,-97.76458,356.55,0.4,0.6,2026-08-31,2023,N20,low,2.0NRT,291.32,23.62,D
30.49346,-109.63174,336.33,0.39,0.36,2026-08-31,2023,N20,low,2.0NRT,308.21,11.06,D
30.49675,-109.63245,347.59,0.39,0.36,2026-08-31,2023,N20,nominal,2.0NRT,308.71,9.02,D
31.35474,-103.22453,347.59,0.39,0.44,2026-08-31,2023,N20,nominal,2.0NRT,309.11,9.15,D
31.62118,-101.81675,341.64,0.47,0.47,2026-08-31,2023,N20,nominal,2.0NRT,306.12,9.34,D
31.73661,-101.77396,337.52,0.47,0.48,2026-08-31,2023,N20,low,2.0NRT,307.75,6.24,D
31.78333,-101.74966,338.62,0.47,0.48,2026-08-31,2023,N20,nominal,2.0NRT,308.19,9.32,D
31.66103,-103.5191,341.34,0.56,0.43,2026-08-31,2023,N20,low,2.0NRT,313.31,14.53,D
31.84178,-101.79028,343.86,0.47,0.48,2026-08-31,2023,N20,nominal,2.0NRT,304.81,3.9,D
32.62424,-95.31171,367,0.58,0.69,2026-08-31,2023,N20,high,2.0NRT,298.19,27.14,D
32.62397,-95.31784,367,0.58,0.69,2026-08-31,2023,N20,high,2.0NRT,298.61,20.18,D
32.63067,-95.31223,367,0.58,0.69,2026-08-31,2023,N20,high,2.0NRT,294.61,24.66,D
32.63041,-95.31832,351.48,0.58,0.69,2026-08-31,2023,N20,nominal,2.0NRT,293.79,18.1,D
32.869,-98.39648,338.85,0.38,0.59,2026-08-31,2023,N20,low,2.0NRT,309.44,5.31,D
32.88733,-98.28483,341.28,0.39,0.59,2026-08-31,2023,N20,nominal,2.0NRT,306.66,5.4,D
32.88531,-98.39771,367,0.38,0.59,2026-08-31,2023,N20,high,2.0NRT,304.57,7.32,D
33.09639,-98.31381,340.16,0.39,0.59,2026-08-31,2023,N20,nominal,2.0NRT,308.97,6.17,D
33.04923,-99.08002,367,0.35,0.57,2026-08-31,2023,N20,high,2.0NRT,305.14,8.22,D
33.10243,-98.30549,338.48,0.39,0.59,2026-08-31,2023,N20,nominal,2.0NRT,305.93,3.62,D
33.05005,-99.06859,339.31,0.35,0.57,2026-08-31,2023,N20,nominal,2.0NRT,295.93,2.07,D
33.04978,-99.07238,343.22,0.35,0.57,2026-08-31,2023,N20,nominal,2.0NRT,299.57,4.27,D
33.04951,-99.07619,336.8,0.35,0.57,2026-08-31,2023,N20,nominal,2.0NRT,302.29,4.27,D
33.04896,-99.08383,343.85,0.35,0.57,2026-08-31,2023,N20,nominal,2.0NRT,303.37,8.22,D
33.05446,-99.08055,367,0.35,0.57,2026-08-31,2023,N20,high,2.0NRT,306.07,40.74,D
33.05501,-99.07289,338.45,0.35,0.57,2026-08-31,2023,N20,nominal,2.0NRT,301.35,6.69,D
33.05473,-99.07671,332.23,0.35,0.57,2026-08-31,2023,N20,nominal,2.0NRT,302.33,6.69,D
33.05418,-99.0844,207.93,0.35,0.57,2026-08-31,2023,N20,low,2.0NRT,323.06,40.74,D
33.05969,-99.08099,367,0.35,0.57,2026-08-31,2023,N20,high,2.0NRT,302.64,40.74,D
33.05996,-99.07717,338.82,0.35,0.57,2026-08-31,2023,N20,nominal,2.0NRT,301.93,6.69,D
33.05941,-99.08479,343.21,0.35,0.57,2026-08-31,2023,N20,nominal,2.0NRT,301.68,40.74,D
33.05914,-99.08861,353.05,0.35,0.57,2026-08-31,2023,N20,nominal,2.0NRT,300.84,23.95,D
33.06519,-99.07768,347.45,0.35,0.57,2026-08-31,2023,N20,nominal,2.0NRT,302.25,5.55,D
33.06492,-99.08147,332.22,0.35,0.57,2026-08-31,2023,N20,nominal,2.0NRT,303.16,4.11,D
33.06437,-99.08905,339.28,0.35,0.57,2026-08-31,2023,N20,nominal,2.0NRT,299.36,1.52,D
33.07537,-99.08253,332.61,0.35,0.57,2026-08-31,2023,N20,nominal,2.0NRT,299.79,0.94,D
31.05977,-116.21671,344.24,0.47,0.48,2026-08-31,2023,N20,nominal,2.0NRT,305.73,4.48,D
33.7923,-97.44374,336.4,0.44,0.62,2026-08-31,2025,N20,nominal,2.0NRT,300.27,37.08,D
33.79203,-97.44853,355.53,0.44,0.62,2026-08-31,2025,N20,nominal,2.0NRT,309.3,37.08,D
33.79176,-97.45328,337.5,0.44,0.62,2026-08-31,2025,N20,nominal,2.0NRT,299.86,29.32,D
33.79809,-97.44409,367,0.44,0.62,2026-08-31,2025,N20,high,2.0NRT,301.33,37.08,D
33.79782,-97.44881,349.24,0.44,0.62,2026-08-31,2025,N20,nominal,2.0NRT,309.93,37.08,D
33.79755,-97.45353,342.6,0.44,0.62,2026-08-31,2025,N20,nominal,2.0NRT,307.14,29.32,D
33.80361,-97.44909,339.28,0.44,0.62,2026-08-31,2025,N20,nominal,2.0NRT,299.74,3.56,D
33.9234,-98.21685,355.06,0.4,0.6,2026-08-31,2025,N20,nominal,2.0NRT,307.71,30.97,D
33.92314,-98.22127,336.58,0.4,0.6,2026-08-31,2025,N20,low,2.0NRT,306.97,30.97,D
33.92922,-98.21281,347.27,0.4,0.6,2026-08-31,2025,N20,nominal,2.0NRT,306.65,31.54,D
33.92869,-98.2216,353.64,0.4,0.6,2026-08-31,2025,N20,nominal,2.0NRT,308.91,30.97,D
33.9345,-98.21763,367,0.4,0.6,2026-08-31,2025,N20,high,2.0NRT,307.39,38.62,D
33.93423,-98.22203,349.58,0.4,0.6,2026-08-31,2025,N20,nominal,2.0NRT,307.41,38.62,D
34.15588,-93.64859,336.01,0.74,0.76,2026-08-31,2025,N20,nominal,2.0NRT,298.88,6.33,D
32.57374,-114.59328,341.5,0.54,0.42,2026-08-31,2025,N20,nominal,2.0NRT,304.75,14.64,D
32.58943,-114.61558,345.15,0.55,0.42,2026-08-31,2025,N20,nominal,2.0NRT,305.9,45.9,D
32.59325,-114.61662,345.62,0.55,0.42,2026-08-31,2025,N20,nominal,2.0NRT,307.68,45.9,D
32.62682,-115.02025,348.63,0.57,0.43,2026-08-31,2025,N20,nominal,2.0NRT,319.3,24.26,D
34.96057,-98.21589,355.02,0.41,0.6,2026-08-31,2025,N20,nominal,2.0NRT,304.67,9.97,D
34.95899,-98.21836,334.74,0.41,0.61,2026-08-31,2025,N20,low,2.0NRT,305.42,5.24,D
34.96458,-98.21877,336.39,0.41,0.61,2026-08-31,2025,N20,nominal,2.0NRT,304.07,3.79,D
35.41141,-97.48941,344.65,0.45,0.63,2026-08-31,2025,N20,nominal,2.0NRT,302.73,12.82,D
35.41114,-97.49442,352.96,0.45,0.63,2026-08-31,2025,N20,nominal,2.0NRT,303.82,18.84,D
35.41072,-97.49111,367,0.45,0.63,2026-08-31,2025,N20,high,2.0NRT,303.4,12.18,D
35.41049,-97.49612,350.27,0.45,0.63,2026-08-31,2025,N20,nominal,2.0NRT,302.9,12.18,D
35.89163,-95.31604,367,0.61,0.71,2026-08-31,2025,N20,high,2.0NRT,298.96,17.52,D
35.8914,-95.32293,350.08,0.61,0.71,2026-08-31,2025,N20,nominal,2.0NRT,298.22,17.52,D
35.89798,-95.3231,367,0.61,0.71,2026-08-31,2025,N20,high,2.0NRT,299.05,14.73,D
35.8982,-95.31622,354.15,0.61,0.71,2026-08-31,2025,N20,nominal,2.0NRT,296.72,14.73,D
35.89775,-95.32997,338.24,0.61,0.71,2026-08-31,2025,N20,nominal,2.0NRT,297.62,15.88,D
35.90456,-95.32322,347.54,0.61,0.71,2026-08-31,2025,N20,nominal,2.0NRT,295.2,14.73,D
35.9283,-94.99728,367,0.63,0.72,2026-08-31,2025,N20,high,2.0NRT,299.09,16.07,D
35.89696,-95.31567,353.91,0.61,0.71,2026-08-31,2025,N20,nominal,2.0NRT,297.81,26.4,D
35.89677,-95.32256,356.02,0.61,0.71,2026-08-31,2025,N20,nominal,2.0NRT,299.34,12.17,D
35.89658,-95.32943,333.18,0.61,0.71,2026-08-31,2025,N20,nominal,2.0NRT,297.71,12.17,D
35.90335,-95.32271,367,0.61,0.71,2026-08-31,2025,N20,high,2.0NRT,295.81,12.17,D
35.90316,-95.32961,336.25,0.61,0.71,2026-08-31,2025,N20,nominal,2.0NRT,296.74,12.17,D
35.92525,-94.99653,367,0.63,0.72,2026-08-31,2025,N20,high,2.0NRT,298.5,16.14,D
36.09113,-101.47002,350.47,0.55,0.51,2026-08-31,2025,N20,nominal,2.0NRT,313.28,36.07,D
36.09583,-101.47054,343.65,0.55,0.51,2026-08-31,2025,N20,nominal,2.0NRT,309.83,36.07,D
33.9209,-116.52359,345.64,0.43,0.46,2026-08-31,2025,N20,low,2.0NRT,315.97,9.41,D
36.09289,-101.47217,340.24,0.55,0.51,2026-08-31,2025,N20,nominal,2.0NRT,314.49,76.19,D
33.92143,-116.52691,345.12,0.43,0.46,2026-08-31,2025,N20,low,2.0NRT,316.4,8.44,D
36.41605,-98.80621,335.41,0.39,0.59,2026-08-31,2025,N20,low,2.0NRT,307.03,2.45,D
35.8592,-121.3328,367,0.36,0.57,2026-08-31,2025,N20,high,2.0NRT,300.49,25.99,D
35.85819,-121.33679,330.12,0.36,0.57,2026-08-31,2025,N20,nominal,2.0NRT,299.85,13.05,D
35.865,-121.33166,367,0.36,0.57,2026-08-31,2025,N20,high,2.0NRT,304.98,25.99,D
35.86582,-121.32844,354.49,0.35,0.57,2026-08-31,2025,N20,nominal,2.0NRT,302.93,10.46,D
35.86415,-121.33501,335.8,0.36,0.57,2026-08-31,2025,N20,nominal,2.0NRT,309.2,25.99,D
35.87059,-121.33137,367,0.35,0.57,2026-08-31,2025,N20,high,2.0NRT,299.57,12.48,D
35.86972,-121.33482,335.35,0.36,0.57,2026-08-31,2025,N20,nominal,2.0NRT,298.68,10.78,D
35.878,-121.32387,347.44,0.35,0.57,2026-08-31,2025,N20,nominal,2.0NRT,300.54,3.1,D
35.88315,-121.32525,331.55,0.35,0.57,2026-08-31,2025,N20,nominal,2.0NRT,298.87,6.09,D
35.94267,-121.31326,367,0.35,0.57,2026-08-31,2025,N20,high,2.0NRT,304.52,8.51,D
35.94346,-121.31017,340.34,0.35,0.57,2026-08-31,2025,N20,nominal,2.0NRT,301.87,8.51,D
35.94189,-121.31628,351.5,0.35,0.57,2026-08-31,2025,N20,nominal,2.0NRT,299.65,6.36,D
35.94109,-121.31944,334.65,0.35,0.57,2026-08-31,2025,N20,nominal,2.0NRT,297.56,6.36,D
35.94915,-121.30939,335.11,0.35,0.57,2026-08-31,2025,N20,nominal,2.0NRT,302,4.6,D
35.95735,-121.38545,367,0.36,0.57,2026-08-31,2025,N20,high,2.0NRT,305.57,11.56,D
35.96159,-121.36869,338.57,0.35,0.57,2026-08-31,2025,N20,nominal,2.0NRT,299.79,3.84,D
35.9627,-121.38607,367,0.36,0.57,2026-08-31,2025,N20,high,2.0NRT,299.65,11.56,D
35.96169,-121.39008,353.97,0.36,0.57,2026-08-31,2025,N20,nominal,2.0NRT,305.09,11.56,D
35.95876,-121.44523,334.48,0.36,0.57,2026-08-31,2025,N20,nominal,2.0NRT,290.67,6,D
35.96305,-121.45013,339.06,0.36,0.57,2026-08-31,2025,N20,nominal,2.0NRT,293.68,8.75,D
35.96873,-121.44955,367,0.36,0.57,2026-08-31,2025,N20,high,2.0NRT,299.37,8.75,D
35.9674,-121.45483,351.21,0.36,0.57,2026-08-31,2025,N20,nominal,2.0NRT,296.78,9.41,D
36.28453,-121.76681,367,0.37,0.58,2026-08-31,2025,N20,high,2.0NRT,299.84,6.86,D
41.46408,-99.65906,329.61,0.39,0.59,2026-08-31,2027,N20,nominal,2.0NRT,295.05,10.49,D
41.46954,-99.6596,367,0.39,0.59,2026-08-31,2027,N20,high,2.0NRT,295.08,10.49,D
41.46931,-99.66434,353.32,0.39,0.59,2026-08-31,2027,N20,nominal,2.0NRT,295.57,41.18,D
41.46908,-99.66905,352.83,0.39,0.59,2026-08-31,2027,N20,nominal,2.0NRT,300.01,41.18,D
41.46886,-99.67374,337.33,0.39,0.59,2026-08-31,2027,N20,nominal,2.0NRT,303.91,45.21,D
39.09103,-121.62937,330.51,0.61,0.53,2026-08-31,2027,N20,nominal,2.0NRT,300.14,4.77,D
39.09371,-121.63217,331.52,0.61,0.53,2026-08-31,2027,N20,nominal,2.0NRT,301.62,3.94,D
39.28083,-122.0284,348.96,0.63,0.54,2026-08-31,2027,N20,nominal,2.0NRT,297.12,35.84,D
39.27906,-122.03542,339.86,0.63,0.54,2026-08-31,2027,N20,nominal,2.0NRT,294.72,21.1,D
41.58218,-117.69397,353.14,0.52,0.42,2026-08-31,2027,N20,nominal,2.0NRT,303.29,31.24,D
41.5857,-117.6962,355.77,0.52,0.42,2026-08-31,2027,N20,nominal,2.0NRT,306.4,31.24,D
42.68331,-111.58865,334.88,0.39,0.36,2026-08-31,2027,N20,low,2.0NRT,306.48,4.43,D
42.68659,-111.58953,345.49,0.39,0.36,2026-08-31,2027,N20,nominal,2.0NRT,308.92,12.3,D
42.77073,-112.92641,337.6,0.38,0.36,2026-08-31,2027,N20,nominal,2.0NRT,312.11,2.89,D
42.71803,-113.53301,350.45,0.39,0.36,2026-08-31,2027,N20,nominal,2.0NRT,300.94,5.58,D
41.44302,-120.74393,349.32,0.48,0.48,2026-08-31,2027,N20,nominal,2.0NRT,317.11,12.78,D
42.01572,-121.60316,344.95,0.51,0.5,2026-08-31,2027,N20,nominal,2.0NRT,311.28,6.29,D
42.01726,-121.60464,341.55,0.51,0.5,2026-08-31,2027,N20,nominal,2.0NRT,312.52,4.25,D
43.80916,-115.62081,340.82,0.41,0.37,2026-08-31,2027,N20,nominal,2.0NRT,306.26,11.91,D
43.8125,-115.62198,350.39,0.41,0.37,2026-08-31,2027,N20,nominal,2.0NRT,313.57,11.91,D
43.81768,-115.61277,336.66,0.41,0.37,2026-08-31,2027,N20,low,2.0NRT,309.35,7.75,D
43.81587,-115.62296,345.47,0.41,0.37,2026-08-31,2027,N20,nominal,2.0NRT,319.73,25,D
43.82104,-115.61376,349.19,0.41,0.37,2026-08-31,2027,N20,nominal,2.0NRT,307.52,7.75,D
43.82015,-115.61884,347.33,0.41,0.37,2026-08-31,2027,N20,nominal,2.0NRT,308.93,25,D
43.82169,-115.61125,347.79,0.41,0.37,2026-08-31,2027,N20,nominal,2.0NRT,311.03,15.94,D
43.82077,-115.61633,341.27,0.41,0.37,2026-08-31,2027,N20,nominal,2.0NRT,307.74,16.73,D
43.81986,-115.6214,338.81,0.41,0.37,2026-08-31,2027,N20,nominal,2.0NRT,303.63,16.73,D
43.82599,-115.60709,339.2,0.41,0.37,2026-08-31,2027,N20,nominal,2.0NRT,307.44,15.94,D
43.82505,-115.61229,344.88,0.41,0.37,2026-08-31,2027,N20,nominal,2.0NRT,306.38,15.94,D
43.83302,-115.58775,347.02,0.41,0.37,2026-08-31,2027,N20,nominal,2.0NRT,305.82,23.33,D
43.83213,-115.59269,350.52,0.41,0.37,2026-08-31,2027,N20,nominal,2.0NRT,312.74,23.33,D
43.83123,-115.5977,346.68,0.41,0.37,2026-08-31,2027,N20,nominal,2.0NRT,309.88,28.67,D
43.83638,-115.58879,332.43,0.41,0.37,2026-08-31,2027,N20,nominal,2.0NRT,306.39,23.33,D
43.83548,-115.5938,354.3,0.41,0.37,2026-08-31,2027,N20,nominal,2.0NRT,303.32,23.33,D
45.21836,-105.32086,347.7,0.44,0.46,2026-08-31,2027,N20,nominal,2.0NRT,306.31,5.34,D
46.37933,-98.16148,331.85,0.5,0.65,2026-08-31,2027,N20,nominal,2.0NRT,299.15,2.62,D
46.58209,-98.38852,335.9,0.48,0.65,2026-08-31,2027,N20,nominal,2.0NRT,297.45,6.72,D
46.58195,-98.39494,339.35,0.48,0.65,2026-08-31,2027,N20,nominal,2.0NRT,300.08,7.08,D
46.58376,-98.39079,349.24,0.48,0.65,2026-08-31,2027,N20,nominal,2.0NRT,297.88,9.16,D
45.45058,-113.25942,346.43,0.38,0.36,2026-08-31,2027,N20,nominal,2.0NRT,311.8,26.41,D
45.44911,-113.26908,350.02,0.38,0.36,2026-08-31,2027,N20,nominal,2.0NRT,302.05,19.23,D
45.4553,-113.25076,332.39,0.38,0.36,2026-08-31,2027,N20,nominal,2.0NRT,297.67,6.64,D
45.46001,-113.24209,331.96,0.38,0.36,2026-08-31,2027,N20,nominal,2.0NRT,295.77,2.6,D
45.45928,-113.24693,342.87,0.38,0.36,2026-08-31,2027,N20,nominal,2.0NRT,296.28,6.64,D
45.45855,-113.25175,340.87,0.38,0.36,2026-08-31,2027,N20,nominal,2.0NRT,297.51,6.64,D
45.45782,-113.25658,345.29,0.38,0.36,2026-08-31,2027,N20,nominal,2.0NRT,301.67,12.92,D
46.73262,-97.86845,367,0.51,0.66,2026-08-31,2027,N20,high,2.0NRT,298.52,18.8,D
45.54177,-113.35613,336.38,0.38,0.36,2026-08-31,2027,N20,low,2.0NRT,307.08,30.23,D
45.61124,-113.1442,335.66,0.38,0.36,2026-08-31,2027,N20,nominal,2.0NRT,302.86,5.2,D
45.61052,-113.14902,344.9,0.38,0.36,2026-08-31,2027,N20,nominal,2.0NRT,311.69,7.59,D
45.60979,-113.15385,332.88,0.38,0.36,2026-08-31,2027,N20,low,2.0NRT,305.83,7.59,D
45.61377,-113.15002,341.03,0.38,0.36,2026-08-31,2027,N20,nominal,2.0NRT,298.25,11.68,D
44.80106,-118.2628,330.5,0.48,0.4,2026-08-31,2027,N20,nominal,2.0NRT,297.91,16.21,D
44.8141,-118.2169,367,0.48,0.4,2026-08-31,2027,N20,high,2.0NRT,332.27,84.46,D
44.81526,-118.21112,345.93,0.48,0.4,2026-08-31,2027,N20,nominal,2.0NRT,302.37,17.04,D
44.81295,-118.22266,346.75,0.48,0.4,2026-08-31,2027,N20,nominal,2.0NRT,305.53,84.46,D
44.81181,-118.22833,350.18,0.48,0.4,2026-08-31,2027,N20,nominal,2.0NRT,312.48,52.33,D
44.81068,-118.23399,348.72,0.48,0.4,2026-08-31,2027,N20,nominal,2.0NRT,320.27,52.33,D
44.80956,-118.23958,340.72,0.48,0.4,2026-08-31,2027,N20,nominal,2.0NRT,303.4,15.1,D
44.80719,-118.25137,331.64,0.48,0.4,2026-08-31,2027,N20,nominal,2.0NRT,298.56,11.86,D
44.80591,-118.25777,355.02,0.48,0.4,2026-08-31,2027,N20,nominal,2.0NRT,302.24,11.86,D
44.80466,-118.26402,350.62,0.48,0.4,2026-08-31,2027,N20,nominal,2.0NRT,318.89,16.21,D
44.80349,-118.26984,331.95,0.48,0.4,2026-08-31,2027,N20,nominal,2.0NRT,299.35,16.21,D
44.81659,-118.22361,353.73,0.48,0.4,2026-08-31,2027,N20,nominal,2.0NRT,306.12,51.06,D
44.81316,-118.24074,335.7,0.48,0.4,2026-08-31,2027,N20,nominal,2.0NRT,297.57,5.63,D
44.81079,-118.25256,346.75,0.48,0.4,2026-08-31,2027,N20,nominal,2.0NRT,301.46,8.25,D
44.80953,-118.25887,354.48,0.48,0.4,2026-08-31,2027,N20,nominal,2.0NRT,304.98,8.25,D
44.80829,-118.26505,351.8,0.48,0.4,2026-08-31,2027,N20,nominal,2.0NRT,302.89,28.76,D
44.8071,-118.27094,343.33,0.48,0.4,2026-08-31,2027,N20,nominal,2.0NRT,317.32,28.76,D
44.80594,-118.27675,343.22,0.48,0.4,2026-08-31,2027,N20,nominal,2.0NRT,316.99,27.71,D
44.81775,-118.21784,367,0.48,0.4,2026-08-31,2027,N20,low,2.0NRT,326.94,51.06,D
44.82364,-118.20753,334.9,0.48,0.4,2026-08-31,2027,N20,nominal,2.0NRT,303.86,42.56,D
44.82248,-118.21329,338.37,0.48,0.4,2026-08-31,2027,N20,nominal,2.0NRT,298.98,42.56,D
44.82137,-118.21886,337.86,0.48,0.4,2026-08-31,2027,N20,nominal,2.0NRT,305.55,51.06,D
44.81904,-118.23051,337.15,0.48,0.4,2026-08-31,2027,N20,nominal,2.0NRT,298.09,7.72,D
44.81785,-118.23647,345.13,0.48,0.4,2026-08-31,2027,N20,nominal,2.0NRT,297.8,7.72,D
44.81441,-118.25365,339.59,0.48,0.4,2026-08-31,2027,N20,nominal,2.0NRT,297.31,8.25,D
44.81316,-118.25989,336.41,0.48,0.4,2026-08-31,2027,N20,nominal,2.0NRT,297.72,8.25,D
44.81074,-118.27198,347.24,0.48,0.4,2026-08-31,2027,N20,nominal,2.0NRT,300.01,28.76,D
44.80955,-118.27791,338.63,0.48,0.4,2026-08-31,2027,N20,nominal,2.0NRT,303.94,27.71,D
44.82726,-118.20853,344.84,0.48,0.4,2026-08-31,2027,N20,nominal,2.0NRT,304.45,6.6,D
44.82611,-118.21433,341.43,0.48,0.4,2026-08-31,2027,N20,nominal,2.0NRT,296.51,6.6,D
44.82497,-118.22003,348.8,0.48,0.4,2026-08-31,2027,N20,nominal,2.0NRT,298.66,11.83,D
44.82383,-118.22574,347,0.48,0.4,2026-08-31,2027,N20,nominal,2.0NRT,296.87,11.83,D
44.82144,-118.23768,348.39,0.48,0.4,2026-08-31,2027,N20,nominal,2.0NRT,301.34,12.94,D
44.81316,-118.27905,330.48,0.48,0.4,2026-08-31,2027,N20,nominal,2.0NRT,299.01,3.62,D
44.82972,-118.21537,335.04,0.48,0.4,2026-08-31,2027,N20,nominal,2.0NRT,294.55,6.6,D
44.82854,-118.22128,355.64,0.48,0.4,2026-08-31,2027,N20,nominal,2.0NRT,301.35,11.83,D
44.8274,-118.22702,348.3,0.48,0.4,2026-08-31,2027,N20,nominal,2.0NRT,296.13,11.83,D
44.82504,-118.23885,340.1,0.48,0.4,2026-08-31,2027,N20,nominal,2.0NRT,295.26,12.94,D
44.81679,-118.28007,333.53,0.48,0.4,2026-08-31,2027,N20,nominal,2.0NRT,296.2,3.62,D
44.83564,-118.20488,336.78,0.48,0.4,2026-08-31,2027,N20,nominal,2.0NRT,296.01,3.06,D
44.82042,-118.28111,336.72,0.48,0.4,2026-08-31,2027,N20,nominal,2.0NRT,295.61,6.64,D
44.83637,-118.31648,340.12,0.48,0.4,2026-08-31,2027,N20,nominal,2.0NRT,298.92,17.01,D
44.86224,-118.30226,337.16,0.48,0.4,2026-08-31,2027,N20,nominal,2.0NRT,302.29,52.89,D
44.86095,-118.30877,309.17,0.48,0.4,2026-08-31,2027,N20,low,2.0NRT,311.04,87.4,D
44.8658,-118.30364,344.21,0.48,0.4,2026-08-31,2027,N20,nominal,2.0NRT,304.18,52.89,D
44.86528,-118.3053,339.33,0.48,0.4,2026-08-31,2027,N20,nominal,2.0NRT,306.01,68.29,D
45.71547,-114.64352,339.59,0.39,0.36,2026-08-31,2027,N20,nominal,2.0NRT,308.79,10.16,D
45.72111,-114.63,338.99,0.39,0.36,2026-08-31,2027,N20,nominal,2.0NRT,309.83,13.5,D
45.72437,-114.63105,345.71,0.39,0.36,2026-08-31,2027,N20,nominal,2.0NRT,304.68,11.07,D
45.72038,-114.65552,333.29,0.39,0.36,2026-08-31,2027,N20,low,2.0NRT,303.78,1.52,D
45.72683,-114.63698,346.74,0.39,0.36,2026-08-31,2027,N20,nominal,2.0NRT,321.25,29.46,D
45.72604,-114.64185,343.66,0.39,0.36,2026-08-31,2027,N20,nominal,2.0NRT,310.36,29.46,D
45.84799,-114.56641,332.33,0.39,0.36,2026-08-31,2027,N20,nominal,2.0NRT,299.97,3.49,D
45.85125,-114.56751,334.24,0.39,0.36,2026-08-31,2027,N20,nominal,2.0NRT,300.25,2.84,D
46.10199,-113.67223,332.58,0.38,0.36,2026-08-31,2027,N20,nominal,2.0NRT,302.35,9.85,D
44.6995,-121.11993,343.81,0.42,0.45,2026-08-31,2027,N20,nominal,2.0NRT,309.52,4.65,D
46.12788,-113.90448,340.31,0.38,0.36,2026-08-31,2027,N20,nominal,2.0NRT,295.42,4.73,D
46.13113,-113.90552,329.34,0.38,0.36,2026-08-31,2027,N20,nominal,2.0NRT,298.58,4.73,D
46.13037,-113.9104,345.03,0.38,0.36,2026-08-31,2027,N20,nominal,2.0NRT,318.17,45.93,D
46.13362,-113.91145,338.62,0.38,0.36,2026-08-31,2027,N20,nominal,2.0NRT,297,4.19,D
44.75772,-121.14483,351.67,0.42,0.45,2026-08-31,2027,N20,nominal,2.0NRT,308.76,38.14,D
44.7617,-121.14664,349.18,0.42,0.45,2026-08-31,2027,N20,nominal,2.0NRT,321.46,38.14,D
46.15213,-113.90204,345.36,0.38,0.36,2026-08-31,2027,N20,nominal,2.0NRT,297.37,3.98,D
46.15863,-113.90413,345.27,0.38,0.36,2026-08-31,2027,N20,nominal,2.0NRT,296.15,6.76,D
46.15884,-113.92474,337.34,0.38,0.36,2026-08-31,2027,N20,nominal,2.0NRT,299.54,7.54,D
46.15809,-113.92963,334.81,0.38,0.36,2026-08-31,2027,N20,nominal,2.0NRT,299.27,7.49,D
46.15733,-113.93451,334.7,0.38,0.36,2026-08-31,2027,N20,nominal,2.0NRT,301.67,7.49,D
46.16134,-113.93069,367,0.38,0.36,2026-08-31,2027,N20,high,2.0NRT,299.68,7.49,D
46.16058,-113.93557,343.48,0.38,0.36,2026-08-31,2027,N20,nominal,2.0NRT,301.1,7.49,D
46.10597,-114.81692,344.33,0.39,0.36,2026-08-31,2027,N20,nominal,2.0NRT,301.93,3.92,D
46.10515,-114.82191,350.09,0.39,0.36,2026-08-31,2027,N20,nominal,2.0NRT,302.63,3.92,D
46.10842,-114.82294,334.24,0.39,0.36,2026-08-31,2027,N20,nominal,2.0NRT,299.14,3.92,D
45.21692,-119.66202,348.3,0.53,0.42,2026-08-31,2027,N20,nominal,2.0NRT,314.79,52.81,D
46.08722,-115.05647,335.16,0.39,0.36,2026-08-31,2027,N20,nominal,2.0NRT,301.3,9.4,D
46.08643,-115.06131,346.2,0.39,0.36,2026-08-31,2027,N20,nominal,2.0NRT,302.38,17.07,D
45.22059,-119.66382,344.26,0.53,0.42,2026-08-31,2027,N20,nominal,2.0NRT,313.48,4.75,D
45.22425,-119.66566,341.01,0.53,0.42,2026-08-31,2027,N20,low,2.0NRT,315.62,4.75,D
45.22289,-119.67213,345.07,0.53,0.42,2026-08-31,2027,N20,nominal,2.0NRT,316.34,8.25,D
45.22654,-119.67399,340.88,0.53,0.42,2026-08-31,2027,N20,low,2.0NRT,314.67,10.36,D
46.08796,-115.17684,333.71,0.39,0.36,2026-08-31,2027,N20,nominal,2.0NRT,298.69,3.18,D
46.11418,-115.03941,336.88,0.39,0.36,2026-08-31,2027,N20,nominal,2.0NRT,302.11,4.47,D
46.0929,-115.16786,344.1,0.39,0.36,2026-08-31,2027,N20,nominal,2.0NRT,303.77,4.88,D
46.09126,-115.17774,336.19,0.39,0.36,2026-08-31,2027,N20,nominal,2.0NRT,297.7,3.18,D
46.09618,-115.16881,340.62,0.39,0.36,2026-08-31,2027,N20,nominal,2.0NRT,308.09,5.53,D
46.09536,-115.17372,334.06,0.39,0.36,2026-08-31,2027,N20,nominal,2.0NRT,299.67,5.53,D
46.1036,-115.14487,333.27,0.39,0.36,2026-08-31,2027,N20,nominal,2.0NRT,303.02,4.74,D
45.58728,-118.18611,332.9,0.46,0.39,2026-08-31,2027,N20,low,2.0NRT,306.43,7.07,D
45.59193,-118.18171,334.5,0.46,0.39,2026-08-31,2027,N20,low,2.0NRT,305.74,7.07,D
45.58968,-118.19306,334.23,0.46,0.39,2026-08-31,2027,N20,low,2.0NRT,305.53,4.92,D
45.59562,-118.22037,346.29,0.47,0.39,2026-08-31,2027,N20,nominal,2.0NRT,306.48,18.83,D
45.5945,-118.22607,345.32,0.47,0.39,2026-08-31,2027,N20,nominal,2.0NRT,310.22,18.83,D
45.60608,-118.22488,343.39,0.47,0.39,2026-08-31,2027,N20,nominal,2.0NRT,306.32,16.95,D
45.60737,-118.25671,367,0.47,0.39,2026-08-31,2027,N20,high,2.0NRT,308.46,14.5,D
46.27029,-115.05003,337.32,0.39,0.36,2026-08-31,2027,N20,nominal,2.0NRT,296.56,2.8,D
46.27687,-115.03104,351.77,0.39,0.36,2026-08-31,2027,N20,nominal,2.0NRT,303.41,37,D
46.27603,-115.03609,331.34,0.39,0.36,2026-08-31,2027,N20,nominal,2.0NRT,296.88,5.56,D
46.2752,-115.04115,330.32,0.39,0.36,2026-08-31,2027,N20,nominal,2.0NRT,297.94,5.56,D
46.28096,-115.02707,345.74,0.39,0.36,2026-08-31,2027,N20,nominal,2.0NRT,302.59,37,D
46.28013,-115.03214,352.41,0.39,0.36,2026-08-31,2027,N20,nominal,2.0NRT,303.72,37,D
46.27929,-115.03719,354.46,0.39,0.36,2026-08-31,2027,N20,nominal,2.0NRT,302.8,5.56,D
46.27846,-115.04223,339.06,0.39,0.36,2026-08-31,2027,N20,nominal,2.0NRT,305.92,5.56,D
46.26868,-115.10133,333.89,0.39,0.36,2026-08-31,2027,N20,nominal,2.0NRT,298.38,5.27,D
46.26787,-115.10625,332.25,0.39,0.36,2026-08-31,2027,N20,nominal,2.0NRT,304.84,4.54,D
46.28753,-115.00813,331.22,0.39,0.36,2026-08-31,2027,N20,nominal,2.0NRT,300.71,15.72,D
46.2867,-115.01318,351.71,0.39,0.36,2026-08-31,2027,N20,nominal,2.0NRT,312.29,15.72,D
46.28587,-115.01816,342.3,0.39,0.36,2026-08-31,2027,N20,nominal,2.0NRT,305.68,4.52,D
46.28339,-115.0332,334.41,0.39,0.36,2026-08-31,2027,N20,low,2.0NRT,305.79,4.46,D
46.28256,-115.03827,334.45,0.39,0.36,2026-08-31,2027,N20,nominal,2.0NRT,306.28,17.11,D
46.2736,-115.09248,338.41,0.39,0.36,2026-08-31,2027,N20,nominal,2.0NRT,306.51,60.39,D
46.29078,-115.00925,337.45,0.39,0.36,2026-08-31,2027,N20,nominal,2.0NRT,309.12,15.72,D
46.28996,-115.01425,335.71,0.39,0.36,2026-08-31,2027,N20,nominal,2.0NRT,305.93,15.72,D
46.28831,-115.02422,326.27,0.39,0.36,2026-08-31,2027,N20,low,2.0NRT,297.25,4.52,D
46.28749,-115.02924,339.22,0.39,0.36,2026-08-31,2027,N20,nominal,2.0NRT,303.44,4.46,D
46.28666,-115.03426,346.58,0.39,0.36,2026-08-31,2027,N20,nominal,2.0NRT,302.15,4.46,D
46.28582,-115.03934,352.09,0.39,0.36,2026-08-31,2027,N20,nominal,2.0NRT,309.64,17.11,D
46.28498,-115.04443,335.55,0.39,0.36,2026-08-31,2027,N20,nominal,2.0NRT,300.11,17.11,D
47.77845,-96.64915,347.41,0.59,0.7,2026-08-31,2027,N20,nominal,2.0NRT,297.81,5.97,D
46.2924,-115.02029,334.01,0.39,0.36,2026-08-31,2027,N20,nominal,2.0NRT,298.62,15.99,D
46.29158,-115.02528,351.53,0.39,0.36,2026-08-31,2027,N20,nominal,2.0NRT,301.84,15.99,D
46.29076,-115.03029,339.3,0.39,0.36,2026-08-31,2027,N20,nominal,2.0NRT,292.39,3.03,D
46.28096,-115.08958,346.33,0.39,0.36,2026-08-31,2027,N20,nominal,2.0NRT,299.77,6.84,D
46.29567,-115.02134,342.94,0.39,0.36,2026-08-31,2027,N20,nominal,2.0NRT,302.46,15.99,D
46.28666,-115.07601,341.58,0.39,0.36,2026-08-31,2027,N20,nominal,2.0NRT,301.1,5.77,D
46.28585,-115.08087,332.17,0.39,0.36,2026-08-31,2027,N20,nominal,2.0NRT,301.35,4.31,D
46.30048,-115.05481,334.07,0.39,0.36,2026-08-31,2027,N20,nominal,2.0NRT,294.79,2.59,D
45.0049,-121.86444,344.33,0.45,0.47,2026-08-31,2027,N20,nominal,2.0NRT,296.88,8.25,D
45.00353,-121.87023,336.77,0.45,0.47,2026-08-31,2027,N20,nominal,2.0NRT,300.41,7.53,D
45.02429,-121.8782,347.47,0.45,0.47,2026-08-31,2027,N20,nominal,2.0NRT,297.8,14.08,D
45.02291,-121.88402,335.62,0.45,0.47,2026-08-31,2027,N20,nominal,2.0NRT,301.49,14.08,D
47.8545,-94.91941,331.27,0.71,0.75,2026-08-31,2027,N20,nominal,2.0NRT,294.13,4.86,D
45.02845,-121.87972,336.62,0.45,0.47,2026-08-31,2027,N20,nominal,2.0NRT,296.02,5.06,D
45.02797,-122.05586,339.71,0.45,0.47,2026-08-31,2027,N20,nominal,2.0NRT,298.84,4.47,D
45.03482,-122.04608,339.95,0.45,0.47,2026-08-31,2027,N20,nominal,2.0NRT,298.29,6.14,D
45.04419,-122.02552,340.26,0.45,0.47,2026-08-31,2027,N20,nominal,2.0NRT,297.48,8.92,D
45.03894,-122.04795,345.49,0.45,0.47,2026-08-31,2027,N20,nominal,2.0NRT,297.8,6.14,D
45.03762,-122.05363,336.48,0.45,0.47,2026-08-31,2027,N20,nominal,2.0NRT,299.14,6.14,D
45.04824,-122.02766,328.62,0.45,0.47,2026-08-31,2027,N20,nominal,2.0NRT,295.85,3.67,D
45.04552,-122.03932,333.13,0.45,0.47,2026-08-31,2027,N20,nominal,2.0NRT,297.1,4.15,D
45.04422,-122.04488,335.45,0.45,0.47,2026-08-31,2027,N20,nominal,2.0NRT,299.85,4.15,D
45.04824,-122.0472,341.32,0.45,0.47,2026-08-31,2027,N20,nominal,2.0NRT,298.9,4.15,D
45.04693,-122.05282,335.03,0.45,0.47,2026-08-31,2027,N20,nominal,2.0NRT,301.3,9.77,D
45.05228,-122.04943,348.57,0.45,0.47,2026-08-31,2027,N20,nominal,2.0NRT,303,18.41,D
45.04655,-122.04919,350.11,0.45,0.47,2026-08-31,2027,N20,nominal,2.0NRT,301.97,9.75,D
45.05193,-122.04582,338.59,0.45,0.47,2026-08-31,2027,N20,nominal,2.0NRT,298.25,9.83,D
45.05058,-122.05142,340.78,0.45,0.47,2026-08-31,2027,N20,nominal,2.0NRT,300.59,9.75,D
45.9822,-117.94905,336.28,0.45,0.39,2026-08-31,2027,N20,nominal,2.0NRT,302.86,4.37,D
46.78342,-115.14677,335.3,0.39,0.36,2026-08-31,2027,N20,nominal,2.0NRT,298.79,2.84,D
46.78426,-115.16261,336.4,0.39,0.36,2026-08-31,2027,N20,nominal,2.0NRT,297.56,7.58,D
46.79479,-115.18226,325.53,0.39,0.36,2026-08-31,2027,N20,low,2.0NRT,296.29,1.7,D
46.811,-115.23016,337.84,0.39,0.36,2026-08-31,2027,N20,nominal,2.0NRT,305.34,6.05,D
46.82809,-115.18919,335.87,0.39,0.36,2026-08-31,2027,N20,nominal,2.0NRT,296.63,4.46,D
46.83136,-115.19024,339.96,0.39,0.36,2026-08-31,2027,N20,nominal,2.0NRT,296.66,4.46,D
46.83383,-115.21699,337.01,0.39,0.36,2026-08-31,2027,N20,nominal,2.0NRT,302.35,6.6,D
46.20903,-119.24162,336.1,0.49,0.4,2026-08-31,2027,N20,nominal,2.0NRT,308.57,5.23,D
46.20777,-119.24783,344.6,0.49,0.4,2026-08-31,2027,N20,nominal,2.0NRT,311.94,10.29,D
47.4091,-113.03447,332.86,0.39,0.36,2026-08-31,2027,N20,nominal,2.0NRT,299.04,2.66,D
45.87084,-121.47768,329.87,0.41,0.45,2026-08-31,2027,N20,nominal,2.0NRT,296.6,2.63,D
47.54238,-115.89887,327.72,0.39,0.36,2026-08-31,2029,N20,nominal,2.0NRT,293.33,2.48,D
47.54974,-115.89635,330.87,0.39,0.36,2026-08-31,2029,N20,nominal,2.0NRT,295.08,4.51,D
47.54889,-115.90141,331.35,0.39,0.36,2026-08-31,2029,N20,nominal,2.0NRT,300.29,8.41,D
47.55298,-115.89765,346.4,0.39,0.36,2026-08-31,2029,N20,nominal,2.0NRT,295.44,4.51,D
47.55452,-115.90909,336.59,0.39,0.36,2026-08-31,2029,N20,nominal,2.0NRT,296.06,3.04,D
46.90517,-122.72926,340.18,0.44,0.46,2026-08-31,2029,N20,nominal,2.0NRT,305.55,4.5,D
46.90388,-122.73476,336.14,0.44,0.46,2026-08-31,2029,N20,nominal,2.0NRT,302.94,4.5,D
46.94948,-122.94472,339.83,0.44,0.46,2026-08-31,2029,N20,nominal,2.0NRT,301.88,8.2,D
47.44888,-121.05941,355.84,0.54,0.42,2026-08-31,2029,N20,nominal,2.0NRT,300.82,14.13,D
47.42278,-121.17838,330.16,0.55,0.43,2026-08-31,2029,N20,nominal,2.0NRT,291.9,11.52,D
47.42139,-121.18468,326.22,0.55,0.43,2026-08-31,2029,N20,nominal,2.0NRT,298.73,19.51,D
47.45404,-121.05461,341.81,0.54,0.42,2026-08-31,2029,N20,nominal,2.0NRT,296.64,9.24,D
47.45279,-121.0603,336.32,0.54,0.42,2026-08-31,2029,N20,nominal,2.0NRT,295.11,14.13,D
47.45299,-121.22925,344.32,0.55,0.43,2026-08-31,2029,N20,nominal,2.0NRT,293.46,4.46,D
47.4567,-121.23124,326.53,0.55,0.43,2026-08-31,2029,N20,nominal,2.0NRT,289.96,4.46,D
47.47993,-121.21949,331.06,0.55,0.43,2026-08-31,2029,N20,nominal,2.0NRT,288.15,3.1,D
47.84547,-120.34934,334.62,0.5,0.41,2026-08-31,2029,N20,nominal,2.0NRT,299.85,5.34,D
47.8491,-120.35088,338.35,0.5,0.41,2026-08-31,2029,N20,nominal,2.0NRT,304.8,4.84,D
47.87943,-120.35699,344.75,0.5,0.41,2026-08-31,2029,N20,nominal,2.0NRT,299.95,14.37,D
47.84476,-120.56105,331.76,0.51,0.41,2026-08-31,2029,N20,low,2.0NRT,302.33,5.15,D
47.88888,-120.36848,342.03,0.5,0.41,2026-08-31,2029,N20,nominal,2.0NRT,294.13,22.34,D
47.90843,-120.377,339.03,0.5,0.41,2026-08-31,2029,N20,nominal,2.0NRT,295.49,5.57,D
48.67887,-116.35379,329.17,0.39,0.36,2026-08-31,2029,N20,low,2.0NRT,304.13,5.18,D
48.68301,-116.34984,347.03,0.39,0.36,2026-08-31,2029,N20,nominal,2.0NRT,307.12,5.18,D
47.90662,-120.61108,333.45,0.51,0.41,2026-08-31,2029,N20,nominal,2.0NRT,294.11,5.25,D
47.90292,-120.81789,329.1,0.52,0.42,2026-08-31,2029,N20,nominal,2.0NRT,291.62,5.28,D
47.57136,-122.36642,334.65,0.41,0.45,2026-08-31,2029,N20,nominal,2.0NRT,298.95,3.35,D
47.57052,-122.36832,335.7,0.41,0.45,2026-08-31,2029,N20,nominal,2.0NRT,299.28,3.77,D
48.08126,-120.62055,346.67,0.51,0.41,2026-08-31,2029,N20,nominal,2.0NRT,295.9,6.48,D
48.07965,-120.62814,326.53,0.51,0.41,2026-08-31,2029,N20,nominal,2.0NRT,289.23,6.48,D
48.08502,-120.62162,336.06,0.51,0.41,2026-08-31,2029,N20,nominal,2.0NRT,292.69,6.48,D
48.05719,-120.82678,325.07,0.52,0.41,2026-08-31,2029,N20,nominal,2.0NRT,292.11,2.22,D
48.06823,-120.83153,331.78,0.52,0.41,2026-08-31,2029,N20,nominal,2.0NRT,291.93,7.41,D
48.0719,-120.83312,328.3,0.52,0.41,2026-08-31,2029,N20,nominal,2.0NRT,291.73,7.41,D
48.35182,-120.83583,337.64,0.51,0.41,2026-08-31,2029,N20,nominal,2.0NRT,288.86,4.71,D
48.35537,-120.83789,325.52,0.51,0.41,2026-08-31,2029,N20,nominal,2.0NRT,288.12,3.62,D
48.35895,-120.83986,331.43,0.51,0.41,2026-08-31,2029,N20,nominal,2.0NRT,289.23,3.62,D
48.36243,-120.84229,343.33,0.51,0.41,2026-08-31,2029,N20,nominal,2.0NRT,290.29,6.1,D
48.3684,-120.83293,344.29,0.51,0.41,2026-08-31,2029,N20,nominal,2.0NRT,293.08,20.22,D
48.35918,-120.84077,336.27,0.51,0.41,2026-08-31,2029,N20,nominal,2.0NRT,290.72,8.3,D
48.36263,-120.8433,332.07,0.51,0.41,2026-08-31,2029,N20,nominal,2.0NRT,288.85,3.45,D
48.36862,-120.83393,343.78,0.51,0.41,2026-08-31,2029,N20,nominal,2.0NRT,290.32,18.13,D
32.83255,-118.39212,352.54,0.79,0.78,2026-08-31,2205,N20,nominal,2.0NRT,307.71,15.19,D
35.28123,-119.51625,367,0.7,0.75,2026-08-31,2205,N20,high,2.0NRT,314.01,41.49,D
35.2807,-119.51495,367,0.7,0.75,2026-08-31,2205,N20,high,2.0NRT,311.33,24.64,D
35.28763,-119.51579,337.62,0.7,0.75,2026-08-31,2205,N20,nominal,2.0NRT,308.09,24.64,D
35.86403,-121.32805,367,0.56,0.69,2026-08-31,2208,N20,high,2.0NRT,299.34,19.89,D
35.86375,-121.33551,349.46,0.56,0.69,2026-08-31,2208,N20,nominal,2.0NRT,305.62,19.89,D
35.8705,-121.32549,333.85,0.56,0.69,2026-08-31,2208,N20,nominal,2.0NRT,294.99,19.89,D
35.87024,-121.33267,353.32,0.56,0.69,2026-08-31,2208,N20,nominal,2.0NRT,304.74,19.89,D
35.87507,-121.37431,336.45,0.56,0.69,2026-08-31,2208,N20,nominal,2.0NRT,303.06,9.36,D
35.93518,-121.46093,367,0.55,0.68,2026-08-31,2208,N20,high,2.0NRT,298.74,36.11,D
35.93501,-121.46535,333.41,0.55,0.68,2026-08-31,2208,N20,nominal,2.0NRT,292.66,27.22,D
35.94169,-121.45673,340.66,0.55,0.68,2026-08-31,2208,N20,nominal,2.0NRT,290.35,36.11,D
35.94188,-121.45198,356.7,0.55,0.68,2026-08-31,2208,N20,low,2.0NRT,288.81,19.71,D
35.93175,-121.45858,340.03,0.55,0.68,2026-08-31,2208,N20,nominal,2.0NRT,288.99,31.36,D
35.93161,-121.46251,345.01,0.55,0.68,2026-08-31,2208,N20,nominal,2.0NRT,301.69,60.49,D
35.9446,-121.45338,367,0.55,0.68,2026-08-31,2208,N20,high,2.0NRT,293.63,36.69,D
35.95764,-121.44334,367,0.55,0.68,2026-08-31,2208,N20,high,2.0NRT,293.43,29.05,D
35.95748,-121.44781,367,0.55,0.68,2026-08-31,2208,N20,high,2.0NRT,292.35,14.32,D
35.9573,-121.45266,331.87,0.55,0.68,2026-08-31,2208,N20,nominal,2.0NRT,289.75,14.32,D
35.96387,-121.44627,367,0.55,0.68,2026-08-31,2208,N20,high,2.0NRT,293.24,14.32,D
35.96369,-121.45121,340.13,0.55,0.68,2026-08-31,2208,N20,nominal,2.0NRT,291.7,18.66,D
35.97009,-121.44953,355.95,0.55,0.68,2026-08-31,2208,N20,nominal,2.0NRT,293.65,14.32,D
36.23513,-121.62373,351.15,0.54,0.68,2026-08-31,2208,N20,nominal,2.0NRT,304.6,8.84,D
36.23258,-121.62374,348.52,0.54,0.68,2026-08-31,2208,N20,nominal,2.0NRT,306.24,7.74,D
39.27982,-122.03208,367,0.54,0.68,2026-08-31,2208,N20,high,2.0NRT,302.2,9.4,D
39.28,-122.02577,341.6,0.54,0.68,2026-08-31,2208,N20,nominal,2.0NRT,299.11,9.4,D
43.96581,-122.39026,338.8,0.55,0.68,2026-08-31,2210,N20,nominal,2.0NRT,293.88,13.03,D
43.96572,-122.3958,348.5,0.55,0.68,2026-08-31,2210,N20,nominal,2.0NRT,295.93,13.03,D
43.97215,-122.38886,367,0.55,0.68,2026-08-31,2210,N20,high,2.0NRT,295.14,13.03,D
43.97207,-122.39407,351.91,0.55,0.68,2026-08-31,2210,N20,nominal,2.0NRT,298.88,13.03,D
45.02246,-121.87885,339.99,0.59,0.7,2026-08-31,2210,N20,nominal,2.0NRT,294.4,6.44,D
45.03385,-122.04708,332.49,0.58,0.7,2026-08-31,2210,N20,nominal,2.0NRT,293.58,6.36,D
45.04029,-122.04724,333.63,0.58,0.7,2026-08-31,2210,N20,nominal,2.0NRT,293.15,6.36,D
45.04698,-122.02608,331.39,0.58,0.7,2026-08-31,2210,N20,nominal,2.0NRT,291.9,4.81,D
45.04677,-122.04581,342.84,0.58,0.7,2026-08-31,2210,N20,nominal,2.0NRT,293.14,15.09,D
45.03417,-122.0447,330.14,0.58,0.7,2026-08-31,2210,N20,nominal,2.0NRT,292.69,7.93,D
45.04062,-122.04478,337.57,0.58,0.7,2026-08-31,2210,N20,nominal,2.0NRT,293.13,7.93,D
45.04717,-122.03014,338.02,0.58,0.7,2026-08-31,2210,N20,nominal,2.0NRT,293.12,7.1,D
45.04708,-122.04343,331.05,0.58,0.7,2026-08-31,2210,N20,nominal,2.0NRT,291.85,6.53,D
45.04704,-122.0503,338.3,0.58,0.7,2026-08-31,2210,N20,nominal,2.0NRT,294.81,6.53,D
45.21113,-119.6681,335.15,0.76,0.77,2026-08-31,2210,N20,low,2.0NRT,306.56,11.88,D
47.4791,-121.21999,367,0.65,0.73,2026-08-31,2210,N20,high,2.0NRT,290.98,16.82,D
47.90199,-120.81855,328.06,0.68,0.74,2026-08-31,2210,N20,nominal,2.0NRT,295.53,9.68,D
47.90204,-120.82355,329.5,0.68,0.74,2026-08-31,2210,N20,nominal,2.0NRT,291.63,8.86,D
47.90648,-120.61147,337.63,0.69,0.74,2026-08-31,2210,N20,nominal,2.0NRT,290.53,8.35,D
47.91036,-120.37784,325.57,0.71,0.75,2026-08-31,2210,N20,nominal,2.0NRT,291.84,4.37,D
48.04621,-120.83181,328.56,0.68,0.74,2026-08-31,2210,N20,nominal,2.0NRT,289.72,3.97,D
48.06673,-120.8293,328.13,0.68,0.74,2026-08-31,2210,N20,nominal,2.0NRT,289.49,2.8,D
48.07354,-120.82584,354.63,0.68,0.74,2026-08-31,2210,N20,nominal,2.0NRT,290.38,21.56,D
48.07359,-120.83106,354.17,0.68,0.74,2026-08-31,2210,N20,nominal,2.0NRT,294.45,24.23,D
48.06717,-120.82752,326.04,0.68,0.74,2026-08-31,2210,N20,nominal,2.0NRT,289.77,20.15,D
48.07404,-120.82942,367,0.68,0.74,2026-08-31,2210,N20,high,2.0NRT,295.35,20.15,D
48.07357,-120.79284,328.52,0.68,0.74,2026-08-31,2210,N20,nominal,2.0NRT,295.66,3.08,D
48.07812,-120.62109,344.27,0.69,0.74,2026-08-31,2210,N20,nominal,2.0NRT,288.81,15.48,D
